-- MySQL dump 10.13  Distrib 5.7.12, for Win64 (x86_64)
--
-- Host: localhost    Database: scdpromis
-- ------------------------------------------------------
-- Server version	5.7.14-log

/*!40101 SET @OLD_CHARACTER_SET_CLIENT=@@CHARACTER_SET_CLIENT */;
/*!40101 SET @OLD_CHARACTER_SET_RESULTS=@@CHARACTER_SET_RESULTS */;
/*!40101 SET @OLD_COLLATION_CONNECTION=@@COLLATION_CONNECTION */;
/*!40101 SET NAMES utf8 */;
/*!40103 SET @OLD_TIME_ZONE=@@TIME_ZONE */;
/*!40103 SET TIME_ZONE='+00:00' */;
/*!40014 SET @OLD_UNIQUE_CHECKS=@@UNIQUE_CHECKS, UNIQUE_CHECKS=0 */;
/*!40014 SET @OLD_FOREIGN_KEY_CHECKS=@@FOREIGN_KEY_CHECKS, FOREIGN_KEY_CHECKS=0 */;
/*!40101 SET @OLD_SQL_MODE=@@SQL_MODE, SQL_MODE='NO_AUTO_VALUE_ON_ZERO' */;
/*!40111 SET @OLD_SQL_NOTES=@@SQL_NOTES, SQL_NOTES=0 */;

--
-- Table structure for table `activity`
--

DROP TABLE IF EXISTS `activity`;
/*!40101 SET @saved_cs_client     = @@character_set_client */;
/*!40101 SET character_set_client = utf8 */;
CREATE TABLE `activity` (
  `ActivityId` char(36) NOT NULL,
  `ActivityName` varchar(256) NOT NULL,
  `ActivityType` varchar(256) NOT NULL,
  `Description` varchar(256) DEFAULT NULL,
  `canonicalOrder` varchar(45) DEFAULT NULL,
  `metadata` varchar(256) DEFAULT NULL,
  PRIMARY KEY (`ActivityId`)
) ENGINE=InnoDB DEFAULT CHARSET=utf8;
/*!40101 SET character_set_client = @saved_cs_client */;

--
-- Dumping data for table `activity`
--

LOCK TABLES `activity` WRITE;
/*!40000 ALTER TABLE `activity` DISABLE KEYS */;
INSERT INTO `activity` VALUES ('CA1','Container Activity','Parent Activity','parent activity containing the sub activity sequence','INTERLEAVE_ORDER',NULL),('CA2','Container Activity','Sub Parent Activity','activity containing survey template and game reminder','INTERLEAVE_ORDER','{\"defaulttime\": {\"duration\": \"48\",\"units\": \"hrs\"},\"mandatoryblocks\": [\"PI\", \"PR_PainInt\", \"PR_Anxiety\", \"PR_Fatigue\", \"PR_PhysFuncMob\", \"CAT\"],\"typeoFActivity\":\"Weekly\"}'),('CA2_WITHOUT_PI','Container Activity','Sub Parent Activity','activity containing survey template and game reminder','INTERLEAVE_ORDER','{\"defaulttime\": {\"duration\": \"48\",\"units\": \"hrs\"},\"mandatoryblocks\": [\"PR_PainInt\", \"PR_Anxiety\", \"PR_Fatigue\", \"PR_PhysFuncMob\", \"CAT\"],\"typeoFActivity\":\"Weekly\"}'),('CA3','Container Activity','Parent Activity','Parent activty for daily survey questions ','INTERLEAVE_ORDER','{\"defaulttime\": {\"duration\": \"24\",\"units\": \"hrs\"},\"mandatoryblocks\": [\"PI\", \"MA\"],\"typeoFActivity\":\"Daily\"}'),('CA3_WITHOUT_PI','Container Activity','Parent Activity','Parent activty for daily survey questions ','INTERLEAVE_ORDER','{\"defaulttime\": {\"duration\": \"24\",\"units\": \"hrs\"},\"mandatoryblocks\": [\"MA\"],\"typeoFActivity\":\"Daily\"}'),('CA4','demo activity','demo activity','question for demo activity survey','INTERLEAVE_ORDER','\"mandatory\": [\"PI\",\"PR_PainInt\",\"PR_Anxiety\"]'),('CAT','Computer Adaptive Testing','Computer Adaptive','questions for adaptive testing',NULL,NULL),('MA','Medical Adherence','survey template','activity related to asking medical adherence questions','','{\"defaulttime\": {\"duration\": \"24\",\"units\": \"hrs\"},\"mandatoryblocks\": [\"MA\"],\"typeoFActivity\":\"Daily\"}'),('PI_DAILY','Daily Pain Intensity','Pain Intensity','question for pain intensity on body pain',NULL,NULL),('PI_WEEKLY','Weekly Pain Intensity','Pain Intensity','question for pain intensity on body pain',NULL,NULL),('PR_24SQ','Promis Survey Template','aggregated survey template','aggregative questions from the four survey template','RANDOM',NULL),('PR_2SQ','demo survey block','demo survey block','question for 2 survey block','RANDOM',NULL),('PR_4SQ','Daily Survey Template','aggregated survey template','aggregative questions from the four survey template','RANDOM',NULL),('PR_Adaptive','Adaptive Questions','Adaptive','Additional Adaptive questions for the survey',NULL,NULL),('PR_Anxiety','Anxiety','survey template','question for anxiety on the survey block','RANDOM',NULL),('PR_Fatigue','Fatigue','survey template','question for fatigue on the survey block','RANDOM',NULL),('PR_PainInt','Pain Interference','survey template','question for pain interference on the survey block','RANDOM',NULL),('PR_PhysFuncMob','Physical Function','survey template','question for physical function on the survey block','RANDOM',NULL);
/*!40000 ALTER TABLE `activity` ENABLE KEYS */;
UNLOCK TABLES;

--
-- Table structure for table `activity_badges`
--

DROP TABLE IF EXISTS `activity_badges`;
/*!40101 SET @saved_cs_client     = @@character_set_client */;
/*!40101 SET character_set_client = utf8 */;
CREATE TABLE `activity_badges` (
  `Id` int(11) NOT NULL AUTO_INCREMENT,
  `ActivityType` enum('Weekly','Daily') NOT NULL,
  `ActivityCount` int(11) NOT NULL,
  `BadgeIdFK` int(11) NOT NULL,
  PRIMARY KEY (`Id`),
  KEY `BadgeIdFK3_idx` (`BadgeIdFK`),
  CONSTRAINT `BadgeIdFK3` FOREIGN KEY (`BadgeIdFK`) REFERENCES `badges` (`Id`) ON DELETE NO ACTION ON UPDATE NO ACTION
) ENGINE=InnoDB AUTO_INCREMENT=10 DEFAULT CHARSET=utf8;
/*!40101 SET character_set_client = @saved_cs_client */;

--
-- Dumping data for table `activity_badges`
--

LOCK TABLES `activity_badges` WRITE;
/*!40000 ALTER TABLE `activity_badges` DISABLE KEYS */;
INSERT INTO `activity_badges` VALUES (1,'Weekly',1,1),(2,'Weekly',2,1),(3,'Weekly',3,2),(4,'Weekly',5,3),(5,'Daily',1,4),(6,'Daily',2,4),(7,'Daily',3,5),(8,'Daily',5,6);
/*!40000 ALTER TABLE `activity_badges` ENABLE KEYS */;
UNLOCK TABLES;

--
-- Table structure for table `activity_instance`
--

DROP TABLE IF EXISTS `activity_instance`;
/*!40101 SET @saved_cs_client     = @@character_set_client */;
/*!40101 SET character_set_client = utf8 */;
CREATE TABLE `activity_instance` (
  `ActivityInstanceId` int(11) NOT NULL AUTO_INCREMENT,
  `StartTime` datetime NOT NULL,
  `EndTime` datetime NOT NULL,
  `UserSubmissionTime` datetime DEFAULT NULL,
  `ActualSubmissionTime` datetime DEFAULT NULL,
  `State` varchar(256) NOT NULL,
  `PatientPinFK` varchar(5) NOT NULL,
  `Sequence` varchar(2048) NOT NULL,
  `CreatedAt` datetime NOT NULL,
  `UpdatedAt` datetime DEFAULT NULL,
  `DeletedAt` datetime DEFAULT NULL,
  `activityTitle` varchar(45) NOT NULL,
  `description` varchar(100) NOT NULL,
  PRIMARY KEY (`ActivityInstanceId`),
  KEY `PatientPinFK` (`PatientPinFK`),
  CONSTRAINT `activity_instance_ibfk_1` FOREIGN KEY (`PatientPinFK`) REFERENCES `patients` (`PatientPin`) ON UPDATE CASCADE
) ENGINE=InnoDB AUTO_INCREMENT=393 DEFAULT CHARSET=utf8;
/*!40101 SET character_set_client = @saved_cs_client */;

--
-- Dumping data for table `activity_instance`
--

LOCK TABLES `activity_instance` WRITE;
/*!40000 ALTER TABLE `activity_instance` DISABLE KEYS */;
INSERT INTO `activity_instance` VALUES (133,'2016-11-10 14:50:35','2016-11-11 23:59:00','2016-11-10 14:52:01','2016-11-10 14:52:01','completed','4012','{\"sequence\":[\"PI_WEEKLY\",\"PR_PainInt\",\"PR_PhysFuncMob\",\"PR_Fatigue\",\"PR_Anxiety\",\"CAT\"],\"parentactivity\":\"CA2\"}','2016-11-10 14:49:36',NULL,NULL,'Sickle Cell Weekly Survey','Weekly Survey To be completed for Sickle Cell disease patients'),(134,'2016-11-17 14:50:36','2016-11-18 23:59:00',NULL,NULL,'pending','4012','{\"sequence\":[\"PI_WEEKLY\",\"PR_Anxiety\",\"PR_PainInt\",\"PR_PhysFuncMob\",\"PR_Fatigue\",\"CAT\"],\"parentactivity\":\"CA2\"}','2016-11-10 14:49:37',NULL,NULL,'Sickle Cell Weekly Survey','Weekly Survey To be completed for Sickle Cell disease patients'),(135,'2016-11-24 14:50:37','2016-11-25 23:59:00',NULL,NULL,'pending','4012','{\"sequence\":[\"PI_WEEKLY\",\"PR_Fatigue\",\"PR_Anxiety\",\"PR_PhysFuncMob\",\"PR_PainInt\",\"CAT\"],\"parentactivity\":\"CA2\"}','2016-11-10 14:49:37',NULL,NULL,'Sickle Cell Weekly Survey','Weekly Survey To be completed for Sickle Cell disease patients'),(136,'2016-12-01 14:50:37','2016-12-02 23:59:00','2016-12-01 15:46:01','2016-12-01 15:46:02','completed','4012','{\"sequence\":[\"PI_WEEKLY\",\"PR_PhysFuncMob\",\"PR_Fatigue\",\"PR_Anxiety\",\"PR_PainInt\",\"CAT\"],\"parentactivity\":\"CA2\"}','2016-11-10 14:49:38',NULL,NULL,'Sickle Cell Weekly Survey','Weekly Survey To be completed for Sickle Cell disease patients'),(137,'2016-12-08 14:50:38','2016-12-09 23:59:00',NULL,NULL,'pending','4012','{\"sequence\":[\"PI_WEEKLY\",\"PR_Anxiety\",\"PR_PainInt\",\"PR_PhysFuncMob\",\"PR_Fatigue\",\"CAT\"],\"parentactivity\":\"CA2\"}','2016-11-10 14:49:38',NULL,NULL,'Sickle Cell Weekly Survey','Weekly Survey To be completed for Sickle Cell disease patients'),(138,'2016-12-15 14:50:39','2016-12-16 23:59:00',NULL,NULL,'pending','4012','{\"sequence\":[\"PI_WEEKLY\",\"PR_Anxiety\",\"PR_Fatigue\",\"PR_PainInt\",\"PR_PhysFuncMob\",\"CAT\"],\"parentactivity\":\"CA2\"}','2016-11-10 14:49:39',NULL,NULL,'Sickle Cell Weekly Survey','Weekly Survey To be completed for Sickle Cell disease patients'),(139,'2016-11-10 14:50:39','2016-11-10 23:59:00','2016-11-10 14:52:18','2016-11-10 14:52:18','completed','4012','{\"sequence\":[\"PI_DAILY\",\"MA\"],\"parentactivity\":\"CA3\"}','2016-11-10 14:49:40',NULL,NULL,'Sickle Cell Daily Survey','Daily Survey To be completed for Sickle Cell disease patients'),(140,'2016-11-11 14:50:40','2016-11-11 23:59:00',NULL,NULL,'completed','4012','{\"sequence\":[\"PI_DAILY\",\"MA\"],\"parentactivity\":\"CA3\"}','2016-11-10 14:49:40',NULL,NULL,'Sickle Cell Daily Survey','Daily Survey To be completed for Sickle Cell disease patients'),(141,'2016-11-12 14:50:40','2016-11-12 23:59:00',NULL,NULL,'completed','4012','{\"sequence\":[\"PI_DAILY\",\"MA\"],\"parentactivity\":\"CA3\"}','2016-11-10 14:49:40',NULL,NULL,'Sickle Cell Daily Survey','Daily Survey To be completed for Sickle Cell disease patients'),(142,'2016-11-13 14:50:40','2016-11-13 23:59:00',NULL,NULL,'pending','4012','{\"sequence\":[\"PI_DAILY\",\"MA\"],\"parentactivity\":\"CA3\"}','2016-11-10 14:49:40',NULL,NULL,'Sickle Cell Daily Survey','Daily Survey To be completed for Sickle Cell disease patients'),(143,'2016-11-14 14:50:41','2016-11-14 23:59:00',NULL,NULL,'pending','4012','{\"sequence\":[\"PI_DAILY\",\"MA\"],\"parentactivity\":\"CA3\"}','2016-11-10 14:49:41',NULL,NULL,'Sickle Cell Daily Survey','Daily Survey To be completed for Sickle Cell disease patients'),(144,'2016-11-15 14:50:41','2016-11-15 23:59:00',NULL,NULL,'pending','4012','{\"sequence\":[\"PI_DAILY\",\"MA\"],\"parentactivity\":\"CA3\"}','2016-11-10 14:49:41',NULL,NULL,'Sickle Cell Daily Survey','Daily Survey To be completed for Sickle Cell disease patients'),(145,'2016-11-16 14:50:41','2016-11-16 23:59:00',NULL,NULL,'pending','4012','{\"sequence\":[\"PI_DAILY\",\"MA\"],\"parentactivity\":\"CA3\"}','2016-11-10 14:49:41',NULL,NULL,'Sickle Cell Daily Survey','Daily Survey To be completed for Sickle Cell disease patients'),(146,'2016-11-17 14:50:42','2016-11-17 23:59:00',NULL,NULL,'pending','4012','{\"sequence\":[\"PI_DAILY\",\"MA\"],\"parentactivity\":\"CA3\"}','2016-11-10 14:49:42',NULL,NULL,'Sickle Cell Daily Survey','Daily Survey To be completed for Sickle Cell disease patients'),(147,'2016-11-18 14:50:42','2016-11-18 23:59:00',NULL,NULL,'pending','4012','{\"sequence\":[\"PI_DAILY\",\"MA\"],\"parentactivity\":\"CA3\"}','2016-11-10 14:49:42',NULL,NULL,'Sickle Cell Daily Survey','Daily Survey To be completed for Sickle Cell disease patients'),(148,'2016-11-19 14:50:42','2016-11-19 23:59:00',NULL,NULL,'pending','4012','{\"sequence\":[\"PI_DAILY\",\"MA\"],\"parentactivity\":\"CA3\"}','2016-11-10 14:49:42',NULL,NULL,'Sickle Cell Daily Survey','Daily Survey To be completed for Sickle Cell disease patients'),(149,'2016-11-20 14:50:42','2016-11-20 23:59:00',NULL,NULL,'pending','4012','{\"sequence\":[\"PI_DAILY\",\"MA\"],\"parentactivity\":\"CA3\"}','2016-11-10 14:49:42',NULL,NULL,'Sickle Cell Daily Survey','Daily Survey To be completed for Sickle Cell disease patients'),(150,'2016-11-21 14:50:43','2016-11-21 23:59:00',NULL,NULL,'pending','4012','{\"sequence\":[\"PI_DAILY\",\"MA\"],\"parentactivity\":\"CA3\"}','2016-11-10 14:49:43',NULL,NULL,'Sickle Cell Daily Survey','Daily Survey To be completed for Sickle Cell disease patients'),(151,'2016-11-22 14:50:43','2016-11-22 23:59:00',NULL,NULL,'pending','4012','{\"sequence\":[\"PI_DAILY\",\"MA\"],\"parentactivity\":\"CA3\"}','2016-11-10 14:49:43',NULL,NULL,'Sickle Cell Daily Survey','Daily Survey To be completed for Sickle Cell disease patients'),(152,'2016-11-23 14:50:43','2016-11-23 23:59:00',NULL,NULL,'pending','4012','{\"sequence\":[\"PI_DAILY\",\"MA\"],\"parentactivity\":\"CA3\"}','2016-11-10 14:49:43',NULL,NULL,'Sickle Cell Daily Survey','Daily Survey To be completed for Sickle Cell disease patients'),(153,'2016-11-24 14:50:43','2016-11-24 23:59:00',NULL,NULL,'pending','4012','{\"sequence\":[\"PI_DAILY\",\"MA\"],\"parentactivity\":\"CA3\"}','2016-11-10 14:49:43',NULL,NULL,'Sickle Cell Daily Survey','Daily Survey To be completed for Sickle Cell disease patients'),(154,'2016-11-25 14:50:43','2016-11-25 23:59:00',NULL,NULL,'pending','4012','{\"sequence\":[\"PI_DAILY\",\"MA\"],\"parentactivity\":\"CA3\"}','2016-11-10 14:49:44',NULL,NULL,'Sickle Cell Daily Survey','Daily Survey To be completed for Sickle Cell disease patients'),(155,'2016-11-26 14:50:44','2016-11-26 23:59:00',NULL,NULL,'pending','4012','{\"sequence\":[\"PI_DAILY\",\"MA\"],\"parentactivity\":\"CA3\"}','2016-11-10 14:49:44',NULL,NULL,'Sickle Cell Daily Survey','Daily Survey To be completed for Sickle Cell disease patients'),(156,'2016-11-27 14:50:44','2016-11-27 23:59:00',NULL,NULL,'pending','4012','{\"sequence\":[\"PI_DAILY\",\"MA\"],\"parentactivity\":\"CA3\"}','2016-11-10 14:49:44',NULL,NULL,'Sickle Cell Daily Survey','Daily Survey To be completed for Sickle Cell disease patients'),(157,'2016-11-28 14:50:44','2016-11-28 23:59:00','2016-11-28 15:17:48','2016-11-28 15:17:50','completed','4012','{\"sequence\":[\"PI_DAILY\",\"MA\"],\"parentactivity\":\"CA3\"}','2016-11-10 14:49:44',NULL,NULL,'Sickle Cell Daily Survey','Daily Survey To be completed for Sickle Cell disease patients'),(158,'2016-11-29 14:50:44','2016-11-29 23:59:00',NULL,NULL,'pending','4012','{\"sequence\":[\"PI_DAILY\",\"MA\"],\"parentactivity\":\"CA3\"}','2016-11-10 14:49:44',NULL,NULL,'Sickle Cell Daily Survey','Daily Survey To be completed for Sickle Cell disease patients'),(159,'2016-11-30 14:50:44','2016-11-30 23:59:00',NULL,NULL,'pending','4012','{\"sequence\":[\"PI_DAILY\",\"MA\"],\"parentactivity\":\"CA3\"}','2016-11-10 14:49:45',NULL,NULL,'Sickle Cell Daily Survey','Daily Survey To be completed for Sickle Cell disease patients'),(160,'2016-12-01 14:50:45','2016-12-01 23:59:00','2016-12-01 19:08:34','2016-12-01 19:08:34','completed','4012','{\"sequence\":[\"PI_DAILY\",\"MA\"],\"parentactivity\":\"CA3\"}','2016-11-10 14:49:45',NULL,NULL,'Sickle Cell Daily Survey','Daily Survey To be completed for Sickle Cell disease patients'),(161,'2016-12-02 14:50:45','2016-12-02 23:59:00',NULL,NULL,'pending','4012','{\"sequence\":[\"PI_DAILY\",\"MA\"],\"parentactivity\":\"CA3\"}','2016-11-10 14:49:45',NULL,NULL,'Sickle Cell Daily Survey','Daily Survey To be completed for Sickle Cell disease patients'),(162,'2016-12-03 14:50:45','2016-12-03 23:59:00',NULL,NULL,'pending','4012','{\"sequence\":[\"PI_DAILY\",\"MA\"],\"parentactivity\":\"CA3\"}','2016-11-10 14:49:45',NULL,NULL,'Sickle Cell Daily Survey','Daily Survey To be completed for Sickle Cell disease patients'),(163,'2016-12-04 14:50:45','2016-12-04 23:59:00',NULL,NULL,'pending','4012','{\"sequence\":[\"PI_DAILY\",\"MA\"],\"parentactivity\":\"CA3\"}','2016-11-10 14:49:46',NULL,NULL,'Sickle Cell Daily Survey','Daily Survey To be completed for Sickle Cell disease patients'),(164,'2016-12-05 14:50:46','2016-12-05 23:59:00',NULL,NULL,'pending','4012','{\"sequence\":[\"PI_DAILY\",\"MA\"],\"parentactivity\":\"CA3\"}','2016-11-10 14:49:46',NULL,NULL,'Sickle Cell Daily Survey','Daily Survey To be completed for Sickle Cell disease patients'),(165,'2016-12-06 14:50:46','2016-12-06 23:59:00',NULL,NULL,'pending','4012','{\"sequence\":[\"PI_DAILY\",\"MA\"],\"parentactivity\":\"CA3\"}','2016-11-10 14:49:46',NULL,NULL,'Sickle Cell Daily Survey','Daily Survey To be completed for Sickle Cell disease patients'),(166,'2016-12-07 14:50:46','2016-12-07 23:59:00',NULL,NULL,'pending','4012','{\"sequence\":[\"PI_DAILY\",\"MA\"],\"parentactivity\":\"CA3\"}','2016-11-10 14:49:46',NULL,NULL,'Sickle Cell Daily Survey','Daily Survey To be completed for Sickle Cell disease patients'),(167,'2016-12-08 14:50:46','2016-12-08 23:59:00',NULL,NULL,'pending','4012','{\"sequence\":[\"PI_DAILY\",\"MA\"],\"parentactivity\":\"CA3\"}','2016-11-10 14:49:47',NULL,NULL,'Sickle Cell Daily Survey','Daily Survey To be completed for Sickle Cell disease patients'),(168,'2016-12-09 14:50:47','2016-12-09 23:59:00',NULL,NULL,'pending','4012','{\"sequence\":[\"PI_DAILY\",\"MA\"],\"parentactivity\":\"CA3\"}','2016-11-10 14:49:47',NULL,NULL,'Sickle Cell Daily Survey','Daily Survey To be completed for Sickle Cell disease patients'),(169,'2016-12-10 14:50:47','2016-12-10 23:59:00',NULL,NULL,'pending','4012','{\"sequence\":[\"PI_DAILY\",\"MA\"],\"parentactivity\":\"CA3\"}','2016-11-10 14:49:47',NULL,NULL,'Sickle Cell Daily Survey','Daily Survey To be completed for Sickle Cell disease patients'),(170,'2016-12-11 14:50:47','2016-12-11 23:59:00',NULL,NULL,'pending','4012','{\"sequence\":[\"PI_DAILY\",\"MA\"],\"parentactivity\":\"CA3\"}','2016-11-10 14:49:47',NULL,NULL,'Sickle Cell Daily Survey','Daily Survey To be completed for Sickle Cell disease patients'),(171,'2016-12-12 14:50:47','2016-12-12 23:59:00',NULL,NULL,'pending','4012','{\"sequence\":[\"PI_DAILY\",\"MA\"],\"parentactivity\":\"CA3\"}','2016-11-10 14:49:47',NULL,NULL,'Sickle Cell Daily Survey','Daily Survey To be completed for Sickle Cell disease patients'),(172,'2016-12-13 14:50:47','2016-12-13 23:59:00',NULL,NULL,'pending','4012','{\"sequence\":[\"PI_DAILY\",\"MA\"],\"parentactivity\":\"CA3\"}','2016-11-10 14:49:47',NULL,NULL,'Sickle Cell Daily Survey','Daily Survey To be completed for Sickle Cell disease patients'),(173,'2016-12-14 14:50:47','2016-12-14 23:59:00',NULL,NULL,'pending','4012','{\"sequence\":[\"PI_DAILY\",\"MA\"],\"parentactivity\":\"CA3\"}','2016-11-10 14:49:48',NULL,NULL,'Sickle Cell Daily Survey','Daily Survey To be completed for Sickle Cell disease patients'),(174,'2016-12-15 14:50:48','2016-12-15 23:59:00',NULL,NULL,'pending','4012','{\"sequence\":[\"PI_DAILY\",\"MA\"],\"parentactivity\":\"CA3\"}','2016-11-10 14:49:48',NULL,NULL,'Sickle Cell Daily Survey','Daily Survey To be completed for Sickle Cell disease patients'),(175,'2016-11-28 15:23:19','2016-11-29 23:59:00','2016-11-28 15:24:39','2016-11-28 15:24:40','completed','4012','{\"sequence\":[\"PI_WEEKLY\",\"PR_Anxiety\",\"PR_Fatigue\",\"PR_PainInt\",\"PR_PhysFuncMob\",\"CAT\"],\"parentactivity\":\"CA2\"}','2016-11-28 15:22:19',NULL,NULL,'Sickle Cell Weekly Survey','Weekly Survey To be completed for Sickle Cell disease patients'),(176,'2016-11-28 15:28:13','2016-11-28 23:59:00','2016-11-28 15:28:36','2016-11-28 15:28:36','completed','4012','{\"sequence\":[\"PI_DAILY\",\"MA\"],\"parentactivity\":\"CA3\"}','2016-11-28 15:27:13',NULL,NULL,'Sickle Cell Daily Survey','Daily Survey To be completed for Sickle Cell disease patients'),(177,'2016-11-28 15:34:08','2016-11-28 23:59:00','2016-11-28 15:34:44','2016-11-28 15:34:44','completed','4012','{\"sequence\":[\"PI_DAILY\",\"MA\"],\"parentactivity\":\"CA3\"}','2016-11-28 15:33:08',NULL,NULL,'Sickle Cell Daily Survey','Daily Survey To be completed for Sickle Cell disease patients'),(178,'2016-11-28 15:48:56','2016-11-28 23:59:00',NULL,NULL,'in progress','4012','{\"sequence\":[\"PI_DAILY\",\"MA\"],\"parentactivity\":\"CA3\"}','2016-11-28 15:47:56',NULL,NULL,'Sickle Cell Daily Survey','Daily Survey To be completed for Sickle Cell disease patients'),(179,'2016-12-01 15:55:51','2016-12-01 23:59:00','2016-12-01 15:56:39','2016-12-01 15:56:39','completed','2001','{\"sequence\":[\"PI_DAILY\",\"MA\"],\"parentactivity\":\"CA3\"}','2016-12-01 15:54:51',NULL,NULL,'Sickle Cell Daily Survey','Daily Survey To be completed for Sickle Cell disease patients'),(180,'2016-12-01 16:00:29','2016-12-01 23:59:00','2016-12-01 16:01:02','2016-12-01 16:01:02','completed','2001','{\"sequence\":[\"PI_DAILY\",\"MA\"],\"parentactivity\":\"CA3\"}','2016-12-01 15:59:29',NULL,NULL,'Sickle Cell Daily Survey','Daily Survey To be completed for Sickle Cell disease patients'),(181,'2016-12-02 23:24:01','2016-12-02 23:59:00','2016-12-02 23:24:21','2016-12-02 23:24:21','completed','2001','{\"sequence\":[\"PI_DAILY\",\"MA\"],\"parentactivity\":\"CA3\"}','2016-12-02 23:23:01',NULL,NULL,'Sickle Cell Daily Survey','Daily Survey To be completed for Sickle Cell disease patients'),(182,'2016-12-02 23:27:44','2016-12-02 23:59:00','2016-12-02 23:28:57','2016-12-02 23:28:58','completed','2001','{\"sequence\":[\"PI_DAILY\",\"MA\"],\"parentactivity\":\"CA3\"}','2016-12-02 23:26:44',NULL,NULL,'Sickle Cell Daily Survey','Daily Survey To be completed for Sickle Cell disease patients'),(183,'2016-12-05 13:10:36','2016-12-06 23:59:00',NULL,NULL,'pending','4014','{\"sequence\":[\"PI_WEEKLY\",\"PR_PhysFuncMob\",\"PR_Anxiety\",\"PR_Fatigue\",\"PR_PainInt\",\"CAT\"],\"parentactivity\":\"CA2\"}','2016-12-05 13:09:38',NULL,NULL,'Sickle Cell Weekly Survey','Weekly Survey To be completed for Sickle Cell disease patients'),(184,'2016-12-12 13:10:39','2016-12-13 23:59:00',NULL,NULL,'pending','4014','{\"sequence\":[\"PI_WEEKLY\",\"PR_PainInt\",\"PR_Anxiety\",\"PR_Fatigue\",\"PR_PhysFuncMob\",\"CAT\"],\"parentactivity\":\"CA2\"}','2016-12-05 13:09:39',NULL,NULL,'Sickle Cell Weekly Survey','Weekly Survey To be completed for Sickle Cell disease patients'),(185,'2016-12-19 13:10:40','2016-12-20 23:59:00',NULL,NULL,'pending','4014','{\"sequence\":[\"PI_WEEKLY\",\"PR_Anxiety\",\"PR_Fatigue\",\"PR_PhysFuncMob\",\"PR_PainInt\",\"CAT\"],\"parentactivity\":\"CA2\"}','2016-12-05 13:09:40',NULL,NULL,'Sickle Cell Weekly Survey','Weekly Survey To be completed for Sickle Cell disease patients'),(186,'2016-12-26 13:10:40','2016-12-27 23:59:00',NULL,NULL,'pending','4014','{\"sequence\":[\"PI_WEEKLY\",\"PR_PhysFuncMob\",\"PR_Fatigue\",\"PR_Anxiety\",\"PR_PainInt\",\"CAT\"],\"parentactivity\":\"CA2\"}','2016-12-05 13:09:41',NULL,NULL,'Sickle Cell Weekly Survey','Weekly Survey To be completed for Sickle Cell disease patients'),(187,'2017-01-02 13:10:41','2017-01-03 23:59:00',NULL,NULL,'pending','4014','{\"sequence\":[\"PI_WEEKLY\",\"PR_Fatigue\",\"PR_Anxiety\",\"PR_PhysFuncMob\",\"PR_PainInt\",\"CAT\"],\"parentactivity\":\"CA2\"}','2016-12-05 13:09:41',NULL,NULL,'Sickle Cell Weekly Survey','Weekly Survey To be completed for Sickle Cell disease patients'),(188,'2017-01-09 13:10:41','2017-01-10 23:59:00',NULL,NULL,'pending','4014','{\"sequence\":[\"PI_WEEKLY\",\"PR_Fatigue\",\"PR_PhysFuncMob\",\"PR_Anxiety\",\"PR_PainInt\",\"CAT\"],\"parentactivity\":\"CA2\"}','2016-12-05 13:09:42',NULL,NULL,'Sickle Cell Weekly Survey','Weekly Survey To be completed for Sickle Cell disease patients'),(189,'2016-12-05 13:10:42','2016-12-05 23:59:00',NULL,NULL,'pending','4014','{\"sequence\":[\"PI_DAILY\",\"MA\"],\"parentactivity\":\"CA3\"}','2016-12-05 13:09:43',NULL,NULL,'Sickle Cell Daily Survey','Daily Survey To be completed for Sickle Cell disease patients'),(190,'2016-12-06 13:10:43','2016-12-06 23:59:00',NULL,NULL,'pending','4014','{\"sequence\":[\"PI_DAILY\",\"MA\"],\"parentactivity\":\"CA3\"}','2016-12-05 13:09:43',NULL,NULL,'Sickle Cell Daily Survey','Daily Survey To be completed for Sickle Cell disease patients'),(191,'2016-12-07 13:10:43','2016-12-07 23:59:00',NULL,NULL,'pending','4014','{\"sequence\":[\"PI_DAILY\",\"MA\"],\"parentactivity\":\"CA3\"}','2016-12-05 13:09:43',NULL,NULL,'Sickle Cell Daily Survey','Daily Survey To be completed for Sickle Cell disease patients'),(192,'2016-12-08 13:10:44','2016-12-08 23:59:00',NULL,NULL,'pending','4014','{\"sequence\":[\"PI_DAILY\",\"MA\"],\"parentactivity\":\"CA3\"}','2016-12-05 13:09:44',NULL,NULL,'Sickle Cell Daily Survey','Daily Survey To be completed for Sickle Cell disease patients'),(193,'2016-12-09 13:10:44','2016-12-09 23:59:00',NULL,NULL,'pending','4014','{\"sequence\":[\"PI_DAILY\",\"MA\"],\"parentactivity\":\"CA3\"}','2016-12-05 13:09:44',NULL,NULL,'Sickle Cell Daily Survey','Daily Survey To be completed for Sickle Cell disease patients'),(194,'2016-12-10 13:10:44','2016-12-10 23:59:00',NULL,NULL,'pending','4014','{\"sequence\":[\"PI_DAILY\",\"MA\"],\"parentactivity\":\"CA3\"}','2016-12-05 13:09:45',NULL,NULL,'Sickle Cell Daily Survey','Daily Survey To be completed for Sickle Cell disease patients'),(195,'2016-12-11 13:10:45','2016-12-11 23:59:00',NULL,NULL,'pending','4014','{\"sequence\":[\"PI_DAILY\",\"MA\"],\"parentactivity\":\"CA3\"}','2016-12-05 13:09:45',NULL,NULL,'Sickle Cell Daily Survey','Daily Survey To be completed for Sickle Cell disease patients'),(196,'2016-12-12 13:10:45','2016-12-12 23:59:00',NULL,NULL,'pending','4014','{\"sequence\":[\"PI_DAILY\",\"MA\"],\"parentactivity\":\"CA3\"}','2016-12-05 13:09:45',NULL,NULL,'Sickle Cell Daily Survey','Daily Survey To be completed for Sickle Cell disease patients'),(197,'2016-12-13 13:10:46','2016-12-13 23:59:00',NULL,NULL,'pending','4014','{\"sequence\":[\"PI_DAILY\",\"MA\"],\"parentactivity\":\"CA3\"}','2016-12-05 13:09:46',NULL,NULL,'Sickle Cell Daily Survey','Daily Survey To be completed for Sickle Cell disease patients'),(198,'2016-12-14 13:10:46','2016-12-14 23:59:00',NULL,NULL,'pending','4014','{\"sequence\":[\"PI_DAILY\",\"MA\"],\"parentactivity\":\"CA3\"}','2016-12-05 13:09:46',NULL,NULL,'Sickle Cell Daily Survey','Daily Survey To be completed for Sickle Cell disease patients'),(199,'2016-12-15 13:10:46','2016-12-15 23:59:00',NULL,NULL,'pending','4014','{\"sequence\":[\"PI_DAILY\",\"MA\"],\"parentactivity\":\"CA3\"}','2016-12-05 13:09:46',NULL,NULL,'Sickle Cell Daily Survey','Daily Survey To be completed for Sickle Cell disease patients'),(200,'2016-12-16 13:10:46','2016-12-16 23:59:00',NULL,NULL,'pending','4014','{\"sequence\":[\"PI_DAILY\",\"MA\"],\"parentactivity\":\"CA3\"}','2016-12-05 13:09:46',NULL,NULL,'Sickle Cell Daily Survey','Daily Survey To be completed for Sickle Cell disease patients'),(201,'2016-12-17 13:10:46','2016-12-17 23:59:00',NULL,NULL,'pending','4014','{\"sequence\":[\"PI_DAILY\",\"MA\"],\"parentactivity\":\"CA3\"}','2016-12-05 13:09:47',NULL,NULL,'Sickle Cell Daily Survey','Daily Survey To be completed for Sickle Cell disease patients'),(202,'2016-12-18 13:10:47','2016-12-18 23:59:00',NULL,NULL,'pending','4014','{\"sequence\":[\"PI_DAILY\",\"MA\"],\"parentactivity\":\"CA3\"}','2016-12-05 13:09:47',NULL,NULL,'Sickle Cell Daily Survey','Daily Survey To be completed for Sickle Cell disease patients'),(203,'2016-12-19 13:10:47','2016-12-19 23:59:00',NULL,NULL,'pending','4014','{\"sequence\":[\"PI_DAILY\",\"MA\"],\"parentactivity\":\"CA3\"}','2016-12-05 13:09:47',NULL,NULL,'Sickle Cell Daily Survey','Daily Survey To be completed for Sickle Cell disease patients'),(204,'2016-12-20 13:10:47','2016-12-20 23:59:00',NULL,NULL,'pending','4014','{\"sequence\":[\"PI_DAILY\",\"MA\"],\"parentactivity\":\"CA3\"}','2016-12-05 13:09:48',NULL,NULL,'Sickle Cell Daily Survey','Daily Survey To be completed for Sickle Cell disease patients'),(205,'2016-12-21 13:10:48','2016-12-21 23:59:00',NULL,NULL,'pending','4014','{\"sequence\":[\"PI_DAILY\",\"MA\"],\"parentactivity\":\"CA3\"}','2016-12-05 13:09:48',NULL,NULL,'Sickle Cell Daily Survey','Daily Survey To be completed for Sickle Cell disease patients'),(206,'2016-12-22 13:10:48','2016-12-22 23:59:00',NULL,NULL,'pending','4014','{\"sequence\":[\"PI_DAILY\",\"MA\"],\"parentactivity\":\"CA3\"}','2016-12-05 13:09:48',NULL,NULL,'Sickle Cell Daily Survey','Daily Survey To be completed for Sickle Cell disease patients'),(207,'2016-12-23 13:10:48','2016-12-23 23:59:00',NULL,NULL,'pending','4014','{\"sequence\":[\"PI_DAILY\",\"MA\"],\"parentactivity\":\"CA3\"}','2016-12-05 13:09:48',NULL,NULL,'Sickle Cell Daily Survey','Daily Survey To be completed for Sickle Cell disease patients'),(208,'2016-12-24 13:10:49','2016-12-24 23:59:00',NULL,NULL,'pending','4014','{\"sequence\":[\"PI_DAILY\",\"MA\"],\"parentactivity\":\"CA3\"}','2016-12-05 13:09:49',NULL,NULL,'Sickle Cell Daily Survey','Daily Survey To be completed for Sickle Cell disease patients'),(209,'2016-12-25 13:10:49','2016-12-25 23:59:00',NULL,NULL,'pending','4014','{\"sequence\":[\"PI_DAILY\",\"MA\"],\"parentactivity\":\"CA3\"}','2016-12-05 13:09:49',NULL,NULL,'Sickle Cell Daily Survey','Daily Survey To be completed for Sickle Cell disease patients'),(210,'2016-12-26 13:10:49','2016-12-26 23:59:00',NULL,NULL,'pending','4014','{\"sequence\":[\"PI_DAILY\",\"MA\"],\"parentactivity\":\"CA3\"}','2016-12-05 13:09:49',NULL,NULL,'Sickle Cell Daily Survey','Daily Survey To be completed for Sickle Cell disease patients'),(211,'2016-12-27 13:10:49','2016-12-27 23:59:00',NULL,NULL,'pending','4014','{\"sequence\":[\"PI_DAILY\",\"MA\"],\"parentactivity\":\"CA3\"}','2016-12-05 13:09:49',NULL,NULL,'Sickle Cell Daily Survey','Daily Survey To be completed for Sickle Cell disease patients'),(212,'2016-12-28 13:10:49','2016-12-28 23:59:00',NULL,NULL,'pending','4014','{\"sequence\":[\"PI_DAILY\",\"MA\"],\"parentactivity\":\"CA3\"}','2016-12-05 13:09:50',NULL,NULL,'Sickle Cell Daily Survey','Daily Survey To be completed for Sickle Cell disease patients'),(213,'2016-12-29 13:10:50','2016-12-29 23:59:00',NULL,NULL,'pending','4014','{\"sequence\":[\"PI_DAILY\",\"MA\"],\"parentactivity\":\"CA3\"}','2016-12-05 13:09:50',NULL,NULL,'Sickle Cell Daily Survey','Daily Survey To be completed for Sickle Cell disease patients'),(214,'2016-12-30 13:10:50','2016-12-30 23:59:00',NULL,NULL,'pending','4014','{\"sequence\":[\"PI_DAILY\",\"MA\"],\"parentactivity\":\"CA3\"}','2016-12-05 13:09:50',NULL,NULL,'Sickle Cell Daily Survey','Daily Survey To be completed for Sickle Cell disease patients'),(215,'2016-12-31 13:10:50','2016-12-31 23:59:00',NULL,NULL,'pending','4014','{\"sequence\":[\"PI_DAILY\",\"MA\"],\"parentactivity\":\"CA3\"}','2016-12-05 13:09:50',NULL,NULL,'Sickle Cell Daily Survey','Daily Survey To be completed for Sickle Cell disease patients'),(216,'2017-01-01 13:10:51','2017-01-01 23:59:00',NULL,NULL,'pending','4014','{\"sequence\":[\"PI_DAILY\",\"MA\"],\"parentactivity\":\"CA3\"}','2016-12-05 13:09:51',NULL,NULL,'Sickle Cell Daily Survey','Daily Survey To be completed for Sickle Cell disease patients'),(217,'2017-01-02 13:10:51','2017-01-02 23:59:00',NULL,NULL,'pending','4014','{\"sequence\":[\"PI_DAILY\",\"MA\"],\"parentactivity\":\"CA3\"}','2016-12-05 13:09:51',NULL,NULL,'Sickle Cell Daily Survey','Daily Survey To be completed for Sickle Cell disease patients'),(218,'2017-01-03 13:10:51','2017-01-03 23:59:00',NULL,NULL,'pending','4014','{\"sequence\":[\"PI_DAILY\",\"MA\"],\"parentactivity\":\"CA3\"}','2016-12-05 13:09:51',NULL,NULL,'Sickle Cell Daily Survey','Daily Survey To be completed for Sickle Cell disease patients'),(219,'2017-01-04 13:10:51','2017-01-04 23:59:00',NULL,NULL,'pending','4014','{\"sequence\":[\"PI_DAILY\",\"MA\"],\"parentactivity\":\"CA3\"}','2016-12-05 13:09:51',NULL,NULL,'Sickle Cell Daily Survey','Daily Survey To be completed for Sickle Cell disease patients'),(220,'2017-01-05 13:10:51','2017-01-05 23:59:00',NULL,NULL,'pending','4014','{\"sequence\":[\"PI_DAILY\",\"MA\"],\"parentactivity\":\"CA3\"}','2016-12-05 13:09:52',NULL,NULL,'Sickle Cell Daily Survey','Daily Survey To be completed for Sickle Cell disease patients'),(221,'2017-01-06 13:10:52','2017-01-06 23:59:00',NULL,NULL,'pending','4014','{\"sequence\":[\"PI_DAILY\",\"MA\"],\"parentactivity\":\"CA3\"}','2016-12-05 13:09:52',NULL,NULL,'Sickle Cell Daily Survey','Daily Survey To be completed for Sickle Cell disease patients'),(222,'2017-01-07 13:10:52','2017-01-07 23:59:00',NULL,NULL,'pending','4014','{\"sequence\":[\"PI_DAILY\",\"MA\"],\"parentactivity\":\"CA3\"}','2016-12-05 13:09:52',NULL,NULL,'Sickle Cell Daily Survey','Daily Survey To be completed for Sickle Cell disease patients'),(223,'2017-01-08 13:10:52','2017-01-08 23:59:00',NULL,NULL,'pending','4014','{\"sequence\":[\"PI_DAILY\",\"MA\"],\"parentactivity\":\"CA3\"}','2016-12-05 13:09:52',NULL,NULL,'Sickle Cell Daily Survey','Daily Survey To be completed for Sickle Cell disease patients'),(224,'2017-01-09 13:10:52','2017-01-09 23:59:00',NULL,NULL,'pending','4014','{\"sequence\":[\"PI_DAILY\",\"MA\"],\"parentactivity\":\"CA3\"}','2016-12-05 13:09:52',NULL,NULL,'Sickle Cell Daily Survey','Daily Survey To be completed for Sickle Cell disease patients'),(225,'2016-12-05 13:12:53','2016-12-06 23:59:00',NULL,NULL,'pending','4016','{\"sequence\":[\"PI_WEEKLY\",\"PR_Fatigue\",\"PR_PainInt\",\"PR_PhysFuncMob\",\"PR_Anxiety\",\"CAT\"],\"parentactivity\":\"CA2\"}','2016-12-05 13:11:53',NULL,NULL,'Sickle Cell Weekly Survey','Weekly Survey To be completed for Sickle Cell disease patients'),(226,'2016-12-12 13:12:53','2016-12-13 23:59:00',NULL,NULL,'pending','4016','{\"sequence\":[\"PI_WEEKLY\",\"PR_Fatigue\",\"PR_PainInt\",\"PR_Anxiety\",\"PR_PhysFuncMob\",\"CAT\"],\"parentactivity\":\"CA2\"}','2016-12-05 13:11:53',NULL,NULL,'Sickle Cell Weekly Survey','Weekly Survey To be completed for Sickle Cell disease patients'),(227,'2016-12-19 13:12:54','2016-12-20 23:59:00',NULL,NULL,'pending','4016','{\"sequence\":[\"PI_WEEKLY\",\"PR_PhysFuncMob\",\"PR_Anxiety\",\"PR_Fatigue\",\"PR_PainInt\",\"CAT\"],\"parentactivity\":\"CA2\"}','2016-12-05 13:11:54',NULL,NULL,'Sickle Cell Weekly Survey','Weekly Survey To be completed for Sickle Cell disease patients'),(228,'2016-12-26 13:12:54','2016-12-27 23:59:00',NULL,NULL,'pending','4016','{\"sequence\":[\"PI_WEEKLY\",\"PR_Fatigue\",\"PR_PainInt\",\"PR_Anxiety\",\"PR_PhysFuncMob\",\"CAT\"],\"parentactivity\":\"CA2\"}','2016-12-05 13:11:54',NULL,NULL,'Sickle Cell Weekly Survey','Weekly Survey To be completed for Sickle Cell disease patients'),(229,'2017-01-02 13:12:54','2017-01-03 23:59:00',NULL,NULL,'pending','4016','{\"sequence\":[\"PI_WEEKLY\",\"PR_PhysFuncMob\",\"PR_PainInt\",\"PR_Fatigue\",\"PR_Anxiety\",\"CAT\"],\"parentactivity\":\"CA2\"}','2016-12-05 13:11:55',NULL,NULL,'Sickle Cell Weekly Survey','Weekly Survey To be completed for Sickle Cell disease patients'),(230,'2017-01-09 13:12:55','2017-01-10 23:59:00',NULL,NULL,'pending','4016','{\"sequence\":[\"PI_WEEKLY\",\"PR_Anxiety\",\"PR_Fatigue\",\"PR_PainInt\",\"PR_PhysFuncMob\",\"CAT\"],\"parentactivity\":\"CA2\"}','2016-12-05 13:11:55',NULL,NULL,'Sickle Cell Weekly Survey','Weekly Survey To be completed for Sickle Cell disease patients'),(231,'2016-12-05 13:12:55','2016-12-05 23:59:00',NULL,NULL,'pending','4016','{\"sequence\":[\"PI_DAILY\",\"MA\"],\"parentactivity\":\"CA3\"}','2016-12-05 13:11:55',NULL,NULL,'Sickle Cell Daily Survey','Daily Survey To be completed for Sickle Cell disease patients'),(232,'2016-12-06 13:12:55','2016-12-06 23:59:00',NULL,NULL,'pending','4016','{\"sequence\":[\"PI_DAILY\",\"MA\"],\"parentactivity\":\"CA3\"}','2016-12-05 13:11:56',NULL,NULL,'Sickle Cell Daily Survey','Daily Survey To be completed for Sickle Cell disease patients'),(233,'2016-12-07 13:12:56','2016-12-07 23:59:00',NULL,NULL,'pending','4016','{\"sequence\":[\"PI_DAILY\",\"MA\"],\"parentactivity\":\"CA3\"}','2016-12-05 13:11:56',NULL,NULL,'Sickle Cell Daily Survey','Daily Survey To be completed for Sickle Cell disease patients'),(234,'2016-12-08 13:12:56','2016-12-08 23:59:00',NULL,NULL,'pending','4016','{\"sequence\":[\"PI_DAILY\",\"MA\"],\"parentactivity\":\"CA3\"}','2016-12-05 13:11:56',NULL,NULL,'Sickle Cell Daily Survey','Daily Survey To be completed for Sickle Cell disease patients'),(235,'2016-12-09 13:12:56','2016-12-09 23:59:00',NULL,NULL,'pending','4016','{\"sequence\":[\"PI_DAILY\",\"MA\"],\"parentactivity\":\"CA3\"}','2016-12-05 13:11:56',NULL,NULL,'Sickle Cell Daily Survey','Daily Survey To be completed for Sickle Cell disease patients'),(236,'2016-12-10 13:12:56','2016-12-10 23:59:00',NULL,NULL,'pending','4016','{\"sequence\":[\"PI_DAILY\",\"MA\"],\"parentactivity\":\"CA3\"}','2016-12-05 13:11:56',NULL,NULL,'Sickle Cell Daily Survey','Daily Survey To be completed for Sickle Cell disease patients'),(237,'2016-12-11 13:12:57','2016-12-11 23:59:00',NULL,NULL,'pending','4016','{\"sequence\":[\"PI_DAILY\",\"MA\"],\"parentactivity\":\"CA3\"}','2016-12-05 13:11:57',NULL,NULL,'Sickle Cell Daily Survey','Daily Survey To be completed for Sickle Cell disease patients'),(238,'2016-12-12 13:12:57','2016-12-12 23:59:00',NULL,NULL,'pending','4016','{\"sequence\":[\"PI_DAILY\",\"MA\"],\"parentactivity\":\"CA3\"}','2016-12-05 13:11:57',NULL,NULL,'Sickle Cell Daily Survey','Daily Survey To be completed for Sickle Cell disease patients'),(239,'2016-12-13 13:12:57','2016-12-13 23:59:00',NULL,NULL,'pending','4016','{\"sequence\":[\"PI_DAILY\",\"MA\"],\"parentactivity\":\"CA3\"}','2016-12-05 13:11:57',NULL,NULL,'Sickle Cell Daily Survey','Daily Survey To be completed for Sickle Cell disease patients'),(240,'2016-12-14 13:12:57','2016-12-14 23:59:00',NULL,NULL,'pending','4016','{\"sequence\":[\"PI_DAILY\",\"MA\"],\"parentactivity\":\"CA3\"}','2016-12-05 13:11:57',NULL,NULL,'Sickle Cell Daily Survey','Daily Survey To be completed for Sickle Cell disease patients'),(241,'2016-12-15 13:12:58','2016-12-15 23:59:00',NULL,NULL,'pending','4016','{\"sequence\":[\"PI_DAILY\",\"MA\"],\"parentactivity\":\"CA3\"}','2016-12-05 13:11:58',NULL,NULL,'Sickle Cell Daily Survey','Daily Survey To be completed for Sickle Cell disease patients'),(242,'2016-12-16 13:12:58','2016-12-16 23:59:00',NULL,NULL,'pending','4016','{\"sequence\":[\"PI_DAILY\",\"MA\"],\"parentactivity\":\"CA3\"}','2016-12-05 13:11:58',NULL,NULL,'Sickle Cell Daily Survey','Daily Survey To be completed for Sickle Cell disease patients'),(243,'2016-12-17 13:12:58','2016-12-17 23:59:00',NULL,NULL,'pending','4016','{\"sequence\":[\"PI_DAILY\",\"MA\"],\"parentactivity\":\"CA3\"}','2016-12-05 13:11:58',NULL,NULL,'Sickle Cell Daily Survey','Daily Survey To be completed for Sickle Cell disease patients'),(244,'2016-12-18 13:12:58','2016-12-18 23:59:00',NULL,NULL,'pending','4016','{\"sequence\":[\"PI_DAILY\",\"MA\"],\"parentactivity\":\"CA3\"}','2016-12-05 13:11:59',NULL,NULL,'Sickle Cell Daily Survey','Daily Survey To be completed for Sickle Cell disease patients'),(245,'2016-12-19 13:12:59','2016-12-19 23:59:00',NULL,NULL,'pending','4016','{\"sequence\":[\"PI_DAILY\",\"MA\"],\"parentactivity\":\"CA3\"}','2016-12-05 13:11:59',NULL,NULL,'Sickle Cell Daily Survey','Daily Survey To be completed for Sickle Cell disease patients'),(246,'2016-12-20 13:12:59','2016-12-20 23:59:00',NULL,NULL,'pending','4016','{\"sequence\":[\"PI_DAILY\",\"MA\"],\"parentactivity\":\"CA3\"}','2016-12-05 13:11:59',NULL,NULL,'Sickle Cell Daily Survey','Daily Survey To be completed for Sickle Cell disease patients'),(247,'2016-12-21 13:12:59','2016-12-21 23:59:00',NULL,NULL,'pending','4016','{\"sequence\":[\"PI_DAILY\",\"MA\"],\"parentactivity\":\"CA3\"}','2016-12-05 13:11:59',NULL,NULL,'Sickle Cell Daily Survey','Daily Survey To be completed for Sickle Cell disease patients'),(248,'2016-12-22 13:12:59','2016-12-22 23:59:00',NULL,NULL,'pending','4016','{\"sequence\":[\"PI_DAILY\",\"MA\"],\"parentactivity\":\"CA3\"}','2016-12-05 13:12:00',NULL,NULL,'Sickle Cell Daily Survey','Daily Survey To be completed for Sickle Cell disease patients'),(249,'2016-12-23 13:13:00','2016-12-23 23:59:00',NULL,NULL,'pending','4016','{\"sequence\":[\"PI_DAILY\",\"MA\"],\"parentactivity\":\"CA3\"}','2016-12-05 13:12:00',NULL,NULL,'Sickle Cell Daily Survey','Daily Survey To be completed for Sickle Cell disease patients'),(250,'2016-12-24 13:13:00','2016-12-24 23:59:00',NULL,NULL,'pending','4016','{\"sequence\":[\"PI_DAILY\",\"MA\"],\"parentactivity\":\"CA3\"}','2016-12-05 13:12:00',NULL,NULL,'Sickle Cell Daily Survey','Daily Survey To be completed for Sickle Cell disease patients'),(251,'2016-12-25 13:13:00','2016-12-25 23:59:00',NULL,NULL,'pending','4016','{\"sequence\":[\"PI_DAILY\",\"MA\"],\"parentactivity\":\"CA3\"}','2016-12-05 13:12:00',NULL,NULL,'Sickle Cell Daily Survey','Daily Survey To be completed for Sickle Cell disease patients'),(252,'2016-12-26 13:13:00','2016-12-26 23:59:00',NULL,NULL,'pending','4016','{\"sequence\":[\"PI_DAILY\",\"MA\"],\"parentactivity\":\"CA3\"}','2016-12-05 13:12:00',NULL,NULL,'Sickle Cell Daily Survey','Daily Survey To be completed for Sickle Cell disease patients'),(253,'2016-12-27 13:13:01','2016-12-27 23:59:00',NULL,NULL,'pending','4016','{\"sequence\":[\"PI_DAILY\",\"MA\"],\"parentactivity\":\"CA3\"}','2016-12-05 13:12:01',NULL,NULL,'Sickle Cell Daily Survey','Daily Survey To be completed for Sickle Cell disease patients'),(254,'2016-12-28 13:13:01','2016-12-28 23:59:00',NULL,NULL,'pending','4016','{\"sequence\":[\"PI_DAILY\",\"MA\"],\"parentactivity\":\"CA3\"}','2016-12-05 13:12:01',NULL,NULL,'Sickle Cell Daily Survey','Daily Survey To be completed for Sickle Cell disease patients'),(255,'2016-12-29 13:13:01','2016-12-29 23:59:00',NULL,NULL,'pending','4016','{\"sequence\":[\"PI_DAILY\",\"MA\"],\"parentactivity\":\"CA3\"}','2016-12-05 13:12:01',NULL,NULL,'Sickle Cell Daily Survey','Daily Survey To be completed for Sickle Cell disease patients'),(256,'2016-12-30 13:13:01','2016-12-30 23:59:00',NULL,NULL,'pending','4016','{\"sequence\":[\"PI_DAILY\",\"MA\"],\"parentactivity\":\"CA3\"}','2016-12-05 13:12:01',NULL,NULL,'Sickle Cell Daily Survey','Daily Survey To be completed for Sickle Cell disease patients'),(257,'2016-12-31 13:13:02','2016-12-31 23:59:00',NULL,NULL,'pending','4016','{\"sequence\":[\"PI_DAILY\",\"MA\"],\"parentactivity\":\"CA3\"}','2016-12-05 13:12:02',NULL,NULL,'Sickle Cell Daily Survey','Daily Survey To be completed for Sickle Cell disease patients'),(258,'2017-01-01 13:13:02','2017-01-01 23:59:00',NULL,NULL,'pending','4016','{\"sequence\":[\"PI_DAILY\",\"MA\"],\"parentactivity\":\"CA3\"}','2016-12-05 13:12:02',NULL,NULL,'Sickle Cell Daily Survey','Daily Survey To be completed for Sickle Cell disease patients'),(259,'2017-01-02 13:13:02','2017-01-02 23:59:00',NULL,NULL,'pending','4016','{\"sequence\":[\"PI_DAILY\",\"MA\"],\"parentactivity\":\"CA3\"}','2016-12-05 13:12:05',NULL,NULL,'Sickle Cell Daily Survey','Daily Survey To be completed for Sickle Cell disease patients'),(260,'2017-01-03 13:13:05','2017-01-03 23:59:00',NULL,NULL,'pending','4016','{\"sequence\":[\"PI_DAILY\",\"MA\"],\"parentactivity\":\"CA3\"}','2016-12-05 13:12:05',NULL,NULL,'Sickle Cell Daily Survey','Daily Survey To be completed for Sickle Cell disease patients'),(261,'2017-01-04 13:13:05','2017-01-04 23:59:00',NULL,NULL,'pending','4016','{\"sequence\":[\"PI_DAILY\",\"MA\"],\"parentactivity\":\"CA3\"}','2016-12-05 13:12:06',NULL,NULL,'Sickle Cell Daily Survey','Daily Survey To be completed for Sickle Cell disease patients'),(262,'2017-01-05 13:13:06','2017-01-05 23:59:00',NULL,NULL,'pending','4016','{\"sequence\":[\"PI_DAILY\",\"MA\"],\"parentactivity\":\"CA3\"}','2016-12-05 13:12:06',NULL,NULL,'Sickle Cell Daily Survey','Daily Survey To be completed for Sickle Cell disease patients'),(263,'2017-01-06 13:13:06','2017-01-06 23:59:00',NULL,NULL,'pending','4016','{\"sequence\":[\"PI_DAILY\",\"MA\"],\"parentactivity\":\"CA3\"}','2016-12-05 13:12:06',NULL,NULL,'Sickle Cell Daily Survey','Daily Survey To be completed for Sickle Cell disease patients'),(264,'2017-01-07 13:13:06','2017-01-07 23:59:00',NULL,NULL,'pending','4016','{\"sequence\":[\"PI_DAILY\",\"MA\"],\"parentactivity\":\"CA3\"}','2016-12-05 13:12:06',NULL,NULL,'Sickle Cell Daily Survey','Daily Survey To be completed for Sickle Cell disease patients'),(265,'2017-01-08 13:13:06','2017-01-08 23:59:00',NULL,NULL,'pending','4016','{\"sequence\":[\"PI_DAILY\",\"MA\"],\"parentactivity\":\"CA3\"}','2016-12-05 13:12:06',NULL,NULL,'Sickle Cell Daily Survey','Daily Survey To be completed for Sickle Cell disease patients'),(266,'2017-01-09 13:13:06','2017-01-09 23:59:00',NULL,NULL,'pending','4016','{\"sequence\":[\"PI_DAILY\",\"MA\"],\"parentactivity\":\"CA3\"}','2016-12-05 13:12:07',NULL,NULL,'Sickle Cell Daily Survey','Daily Survey To be completed for Sickle Cell disease patients'),(267,'2016-12-05 13:22:51','2016-12-06 23:59:00',NULL,NULL,'pending','4017','{\"sequence\":[\"PI_WEEKLY\",\"PR_Fatigue\",\"PR_Anxiety\",\"PR_PhysFuncMob\",\"PR_PainInt\",\"CAT\"],\"parentactivity\":\"CA2\"}','2016-12-05 13:21:52',NULL,NULL,'Sickle Cell Weekly Survey','Weekly Survey To be completed for Sickle Cell disease patients'),(268,'2016-12-12 13:22:52','2016-12-13 23:59:00',NULL,NULL,'pending','4017','{\"sequence\":[\"PI_WEEKLY\",\"PR_Anxiety\",\"PR_PainInt\",\"PR_Fatigue\",\"PR_PhysFuncMob\",\"CAT\"],\"parentactivity\":\"CA2\"}','2016-12-05 13:21:52',NULL,NULL,'Sickle Cell Weekly Survey','Weekly Survey To be completed for Sickle Cell disease patients'),(269,'2016-12-19 13:22:52','2016-12-20 23:59:00',NULL,NULL,'pending','4017','{\"sequence\":[\"PI_WEEKLY\",\"PR_Fatigue\",\"PR_PhysFuncMob\",\"PR_PainInt\",\"PR_Anxiety\",\"CAT\"],\"parentactivity\":\"CA2\"}','2016-12-05 13:21:53',NULL,NULL,'Sickle Cell Weekly Survey','Weekly Survey To be completed for Sickle Cell disease patients'),(270,'2016-12-26 13:22:53','2016-12-27 23:59:00',NULL,NULL,'pending','4017','{\"sequence\":[\"PI_WEEKLY\",\"PR_PhysFuncMob\",\"PR_PainInt\",\"PR_Fatigue\",\"PR_Anxiety\",\"CAT\"],\"parentactivity\":\"CA2\"}','2016-12-05 13:21:53',NULL,NULL,'Sickle Cell Weekly Survey','Weekly Survey To be completed for Sickle Cell disease patients'),(271,'2017-01-02 13:22:53','2017-01-03 23:59:00',NULL,NULL,'pending','4017','{\"sequence\":[\"PI_WEEKLY\",\"PR_PhysFuncMob\",\"PR_PainInt\",\"PR_Anxiety\",\"PR_Fatigue\",\"CAT\"],\"parentactivity\":\"CA2\"}','2016-12-05 13:21:53',NULL,NULL,'Sickle Cell Weekly Survey','Weekly Survey To be completed for Sickle Cell disease patients'),(272,'2017-01-09 13:22:54','2017-01-10 23:59:00',NULL,NULL,'pending','4017','{\"sequence\":[\"PI_WEEKLY\",\"PR_PainInt\",\"PR_Anxiety\",\"PR_PhysFuncMob\",\"PR_Fatigue\",\"CAT\"],\"parentactivity\":\"CA2\"}','2016-12-05 13:21:54',NULL,NULL,'Sickle Cell Weekly Survey','Weekly Survey To be completed for Sickle Cell disease patients'),(273,'2016-12-05 13:22:54','2016-12-05 23:59:00',NULL,NULL,'pending','4017','{\"sequence\":[\"PI_DAILY\",\"MA\"],\"parentactivity\":\"CA3\"}','2016-12-05 13:21:54',NULL,NULL,'Sickle Cell Daily Survey','Daily Survey To be completed for Sickle Cell disease patients'),(274,'2016-12-06 13:22:54','2016-12-06 23:59:00',NULL,NULL,'pending','4017','{\"sequence\":[\"PI_DAILY\",\"MA\"],\"parentactivity\":\"CA3\"}','2016-12-05 13:21:54',NULL,NULL,'Sickle Cell Daily Survey','Daily Survey To be completed for Sickle Cell disease patients'),(275,'2016-12-07 13:22:54','2016-12-07 23:59:00',NULL,NULL,'pending','4017','{\"sequence\":[\"PI_DAILY\",\"MA\"],\"parentactivity\":\"CA3\"}','2016-12-05 13:21:55',NULL,NULL,'Sickle Cell Daily Survey','Daily Survey To be completed for Sickle Cell disease patients'),(276,'2016-12-08 13:22:55','2016-12-08 23:59:00',NULL,NULL,'pending','4017','{\"sequence\":[\"PI_DAILY\",\"MA\"],\"parentactivity\":\"CA3\"}','2016-12-05 13:21:55',NULL,NULL,'Sickle Cell Daily Survey','Daily Survey To be completed for Sickle Cell disease patients'),(277,'2016-12-09 13:22:55','2016-12-09 23:59:00',NULL,NULL,'pending','4017','{\"sequence\":[\"PI_DAILY\",\"MA\"],\"parentactivity\":\"CA3\"}','2016-12-05 13:21:55',NULL,NULL,'Sickle Cell Daily Survey','Daily Survey To be completed for Sickle Cell disease patients'),(278,'2016-12-10 13:22:55','2016-12-10 23:59:00',NULL,NULL,'pending','4017','{\"sequence\":[\"PI_DAILY\",\"MA\"],\"parentactivity\":\"CA3\"}','2016-12-05 13:21:55',NULL,NULL,'Sickle Cell Daily Survey','Daily Survey To be completed for Sickle Cell disease patients'),(279,'2016-12-11 13:22:55','2016-12-11 23:59:00',NULL,NULL,'pending','4017','{\"sequence\":[\"PI_DAILY\",\"MA\"],\"parentactivity\":\"CA3\"}','2016-12-05 13:21:55',NULL,NULL,'Sickle Cell Daily Survey','Daily Survey To be completed for Sickle Cell disease patients'),(280,'2016-12-12 13:22:55','2016-12-12 23:59:00',NULL,NULL,'pending','4017','{\"sequence\":[\"PI_DAILY\",\"MA\"],\"parentactivity\":\"CA3\"}','2016-12-05 13:21:56',NULL,NULL,'Sickle Cell Daily Survey','Daily Survey To be completed for Sickle Cell disease patients'),(281,'2016-12-13 13:22:56','2016-12-13 23:59:00',NULL,NULL,'pending','4017','{\"sequence\":[\"PI_DAILY\",\"MA\"],\"parentactivity\":\"CA3\"}','2016-12-05 13:21:56',NULL,NULL,'Sickle Cell Daily Survey','Daily Survey To be completed for Sickle Cell disease patients'),(282,'2016-12-14 13:22:56','2016-12-14 23:59:00',NULL,NULL,'pending','4017','{\"sequence\":[\"PI_DAILY\",\"MA\"],\"parentactivity\":\"CA3\"}','2016-12-05 13:21:56',NULL,NULL,'Sickle Cell Daily Survey','Daily Survey To be completed for Sickle Cell disease patients'),(283,'2016-12-15 13:22:56','2016-12-15 23:59:00',NULL,NULL,'pending','4017','{\"sequence\":[\"PI_DAILY\",\"MA\"],\"parentactivity\":\"CA3\"}','2016-12-05 13:21:56',NULL,NULL,'Sickle Cell Daily Survey','Daily Survey To be completed for Sickle Cell disease patients'),(284,'2016-12-16 13:22:56','2016-12-16 23:59:00',NULL,NULL,'pending','4017','{\"sequence\":[\"PI_DAILY\",\"MA\"],\"parentactivity\":\"CA3\"}','2016-12-05 13:21:57',NULL,NULL,'Sickle Cell Daily Survey','Daily Survey To be completed for Sickle Cell disease patients'),(285,'2016-12-17 13:22:57','2016-12-17 23:59:00',NULL,NULL,'pending','4017','{\"sequence\":[\"PI_DAILY\",\"MA\"],\"parentactivity\":\"CA3\"}','2016-12-05 13:21:57',NULL,NULL,'Sickle Cell Daily Survey','Daily Survey To be completed for Sickle Cell disease patients'),(286,'2016-12-18 13:22:57','2016-12-18 23:59:00',NULL,NULL,'pending','4017','{\"sequence\":[\"PI_DAILY\",\"MA\"],\"parentactivity\":\"CA3\"}','2016-12-05 13:21:57',NULL,NULL,'Sickle Cell Daily Survey','Daily Survey To be completed for Sickle Cell disease patients'),(287,'2016-12-19 13:22:57','2016-12-19 23:59:00',NULL,NULL,'pending','4017','{\"sequence\":[\"PI_DAILY\",\"MA\"],\"parentactivity\":\"CA3\"}','2016-12-05 13:21:58',NULL,NULL,'Sickle Cell Daily Survey','Daily Survey To be completed for Sickle Cell disease patients'),(288,'2016-12-20 13:22:58','2016-12-20 23:59:00',NULL,NULL,'pending','4017','{\"sequence\":[\"PI_DAILY\",\"MA\"],\"parentactivity\":\"CA3\"}','2016-12-05 13:21:58',NULL,NULL,'Sickle Cell Daily Survey','Daily Survey To be completed for Sickle Cell disease patients'),(289,'2016-12-21 13:22:58','2016-12-21 23:59:00',NULL,NULL,'pending','4017','{\"sequence\":[\"PI_DAILY\",\"MA\"],\"parentactivity\":\"CA3\"}','2016-12-05 13:21:58',NULL,NULL,'Sickle Cell Daily Survey','Daily Survey To be completed for Sickle Cell disease patients'),(290,'2016-12-22 13:22:58','2016-12-22 23:59:00',NULL,NULL,'pending','4017','{\"sequence\":[\"PI_DAILY\",\"MA\"],\"parentactivity\":\"CA3\"}','2016-12-05 13:21:58',NULL,NULL,'Sickle Cell Daily Survey','Daily Survey To be completed for Sickle Cell disease patients'),(291,'2016-12-23 13:22:58','2016-12-23 23:59:00',NULL,NULL,'pending','4017','{\"sequence\":[\"PI_DAILY\",\"MA\"],\"parentactivity\":\"CA3\"}','2016-12-05 13:21:59',NULL,NULL,'Sickle Cell Daily Survey','Daily Survey To be completed for Sickle Cell disease patients'),(292,'2016-12-24 13:22:59','2016-12-24 23:59:00',NULL,NULL,'pending','4017','{\"sequence\":[\"PI_DAILY\",\"MA\"],\"parentactivity\":\"CA3\"}','2016-12-05 13:21:59',NULL,NULL,'Sickle Cell Daily Survey','Daily Survey To be completed for Sickle Cell disease patients'),(293,'2016-12-25 13:22:59','2016-12-25 23:59:00',NULL,NULL,'pending','4017','{\"sequence\":[\"PI_DAILY\",\"MA\"],\"parentactivity\":\"CA3\"}','2016-12-05 13:21:59',NULL,NULL,'Sickle Cell Daily Survey','Daily Survey To be completed for Sickle Cell disease patients'),(294,'2016-12-26 13:22:59','2016-12-26 23:59:00',NULL,NULL,'pending','4017','{\"sequence\":[\"PI_DAILY\",\"MA\"],\"parentactivity\":\"CA3\"}','2016-12-05 13:21:59',NULL,NULL,'Sickle Cell Daily Survey','Daily Survey To be completed for Sickle Cell disease patients'),(295,'2016-12-27 13:22:59','2016-12-27 23:59:00',NULL,NULL,'pending','4017','{\"sequence\":[\"PI_DAILY\",\"MA\"],\"parentactivity\":\"CA3\"}','2016-12-05 13:22:00',NULL,NULL,'Sickle Cell Daily Survey','Daily Survey To be completed for Sickle Cell disease patients'),(296,'2016-12-28 13:23:00','2016-12-28 23:59:00',NULL,NULL,'pending','4017','{\"sequence\":[\"PI_DAILY\",\"MA\"],\"parentactivity\":\"CA3\"}','2016-12-05 13:22:00',NULL,NULL,'Sickle Cell Daily Survey','Daily Survey To be completed for Sickle Cell disease patients'),(297,'2016-12-29 13:23:00','2016-12-29 23:59:00',NULL,NULL,'pending','4017','{\"sequence\":[\"PI_DAILY\",\"MA\"],\"parentactivity\":\"CA3\"}','2016-12-05 13:22:00',NULL,NULL,'Sickle Cell Daily Survey','Daily Survey To be completed for Sickle Cell disease patients'),(298,'2016-12-30 13:23:00','2016-12-30 23:59:00',NULL,NULL,'pending','4017','{\"sequence\":[\"PI_DAILY\",\"MA\"],\"parentactivity\":\"CA3\"}','2016-12-05 13:22:00',NULL,NULL,'Sickle Cell Daily Survey','Daily Survey To be completed for Sickle Cell disease patients'),(299,'2016-12-31 13:23:01','2016-12-31 23:59:00',NULL,NULL,'pending','4017','{\"sequence\":[\"PI_DAILY\",\"MA\"],\"parentactivity\":\"CA3\"}','2016-12-05 13:22:01',NULL,NULL,'Sickle Cell Daily Survey','Daily Survey To be completed for Sickle Cell disease patients'),(300,'2017-01-01 13:23:01','2017-01-01 23:59:00',NULL,NULL,'pending','4017','{\"sequence\":[\"PI_DAILY\",\"MA\"],\"parentactivity\":\"CA3\"}','2016-12-05 13:22:01',NULL,NULL,'Sickle Cell Daily Survey','Daily Survey To be completed for Sickle Cell disease patients'),(301,'2017-01-02 13:23:01','2017-01-02 23:59:00',NULL,NULL,'pending','4017','{\"sequence\":[\"PI_DAILY\",\"MA\"],\"parentactivity\":\"CA3\"}','2016-12-05 13:22:01',NULL,NULL,'Sickle Cell Daily Survey','Daily Survey To be completed for Sickle Cell disease patients'),(302,'2017-01-03 13:23:01','2017-01-03 23:59:00',NULL,NULL,'pending','4017','{\"sequence\":[\"PI_DAILY\",\"MA\"],\"parentactivity\":\"CA3\"}','2016-12-05 13:22:01',NULL,NULL,'Sickle Cell Daily Survey','Daily Survey To be completed for Sickle Cell disease patients'),(303,'2017-01-04 13:23:01','2017-01-04 23:59:00',NULL,NULL,'pending','4017','{\"sequence\":[\"PI_DAILY\",\"MA\"],\"parentactivity\":\"CA3\"}','2016-12-05 13:22:02',NULL,NULL,'Sickle Cell Daily Survey','Daily Survey To be completed for Sickle Cell disease patients'),(304,'2017-01-05 13:23:02','2017-01-05 23:59:00',NULL,NULL,'pending','4017','{\"sequence\":[\"PI_DAILY\",\"MA\"],\"parentactivity\":\"CA3\"}','2016-12-05 13:22:02',NULL,NULL,'Sickle Cell Daily Survey','Daily Survey To be completed for Sickle Cell disease patients'),(305,'2017-01-06 13:23:02','2017-01-06 23:59:00',NULL,NULL,'pending','4017','{\"sequence\":[\"PI_DAILY\",\"MA\"],\"parentactivity\":\"CA3\"}','2016-12-05 13:22:02',NULL,NULL,'Sickle Cell Daily Survey','Daily Survey To be completed for Sickle Cell disease patients'),(306,'2017-01-07 13:23:02','2017-01-07 23:59:00',NULL,NULL,'pending','4017','{\"sequence\":[\"PI_DAILY\",\"MA\"],\"parentactivity\":\"CA3\"}','2016-12-05 13:22:02',NULL,NULL,'Sickle Cell Daily Survey','Daily Survey To be completed for Sickle Cell disease patients'),(307,'2017-01-08 13:23:02','2017-01-08 23:59:00',NULL,NULL,'pending','4017','{\"sequence\":[\"PI_DAILY\",\"MA\"],\"parentactivity\":\"CA3\"}','2016-12-05 13:22:02',NULL,NULL,'Sickle Cell Daily Survey','Daily Survey To be completed for Sickle Cell disease patients'),(308,'2017-01-09 13:23:02','2017-01-09 23:59:00',NULL,NULL,'pending','4017','{\"sequence\":[\"PI_DAILY\",\"MA\"],\"parentactivity\":\"CA3\"}','2016-12-05 13:22:03',NULL,NULL,'Sickle Cell Daily Survey','Daily Survey To be completed for Sickle Cell disease patients'),(309,'2016-12-05 13:23:18','2016-12-06 23:59:00',NULL,NULL,'pending','4018','{\"sequence\":[\"PI_WEEKLY\",\"PR_Anxiety\",\"PR_PhysFuncMob\",\"PR_PainInt\",\"PR_Fatigue\",\"CAT\"],\"parentactivity\":\"CA2\"}','2016-12-05 13:22:18',NULL,NULL,'Sickle Cell Weekly Survey','Weekly Survey To be completed for Sickle Cell disease patients'),(310,'2016-12-12 13:23:19','2016-12-13 23:59:00',NULL,NULL,'pending','4018','{\"sequence\":[\"PI_WEEKLY\",\"PR_PhysFuncMob\",\"PR_PainInt\",\"PR_Anxiety\",\"PR_Fatigue\",\"CAT\"],\"parentactivity\":\"CA2\"}','2016-12-05 13:22:19',NULL,NULL,'Sickle Cell Weekly Survey','Weekly Survey To be completed for Sickle Cell disease patients'),(311,'2016-12-19 13:23:19','2016-12-20 23:59:00',NULL,NULL,'pending','4018','{\"sequence\":[\"PI_WEEKLY\",\"PR_PainInt\",\"PR_Fatigue\",\"PR_Anxiety\",\"PR_PhysFuncMob\",\"CAT\"],\"parentactivity\":\"CA2\"}','2016-12-05 13:22:19',NULL,NULL,'Sickle Cell Weekly Survey','Weekly Survey To be completed for Sickle Cell disease patients'),(312,'2016-12-26 13:23:19','2016-12-27 23:59:00',NULL,NULL,'pending','4018','{\"sequence\":[\"PI_WEEKLY\",\"PR_PainInt\",\"PR_PhysFuncMob\",\"PR_Fatigue\",\"PR_Anxiety\",\"CAT\"],\"parentactivity\":\"CA2\"}','2016-12-05 13:22:20',NULL,NULL,'Sickle Cell Weekly Survey','Weekly Survey To be completed for Sickle Cell disease patients'),(313,'2017-01-02 13:23:20','2017-01-03 23:59:00',NULL,NULL,'pending','4018','{\"sequence\":[\"PI_WEEKLY\",\"PR_PainInt\",\"PR_PhysFuncMob\",\"PR_Fatigue\",\"PR_Anxiety\",\"CAT\"],\"parentactivity\":\"CA2\"}','2016-12-05 13:22:20',NULL,NULL,'Sickle Cell Weekly Survey','Weekly Survey To be completed for Sickle Cell disease patients'),(314,'2017-01-09 13:23:20','2017-01-10 23:59:00',NULL,NULL,'pending','4018','{\"sequence\":[\"PI_WEEKLY\",\"PR_PainInt\",\"PR_Anxiety\",\"PR_PhysFuncMob\",\"PR_Fatigue\",\"CAT\"],\"parentactivity\":\"CA2\"}','2016-12-05 13:22:20',NULL,NULL,'Sickle Cell Weekly Survey','Weekly Survey To be completed for Sickle Cell disease patients'),(315,'2016-12-05 13:23:20','2016-12-05 23:59:00',NULL,NULL,'pending','4018','{\"sequence\":[\"PI_DAILY\",\"MA\"],\"parentactivity\":\"CA3\"}','2016-12-05 13:22:21',NULL,NULL,'Sickle Cell Daily Survey','Daily Survey To be completed for Sickle Cell disease patients'),(316,'2016-12-06 13:23:21','2016-12-06 23:59:00',NULL,NULL,'pending','4018','{\"sequence\":[\"PI_DAILY\",\"MA\"],\"parentactivity\":\"CA3\"}','2016-12-05 13:22:21',NULL,NULL,'Sickle Cell Daily Survey','Daily Survey To be completed for Sickle Cell disease patients'),(317,'2016-12-07 13:23:21','2016-12-07 23:59:00',NULL,NULL,'pending','4018','{\"sequence\":[\"PI_DAILY\",\"MA\"],\"parentactivity\":\"CA3\"}','2016-12-05 13:22:21',NULL,NULL,'Sickle Cell Daily Survey','Daily Survey To be completed for Sickle Cell disease patients'),(318,'2016-12-08 13:23:21','2016-12-08 23:59:00',NULL,NULL,'pending','4018','{\"sequence\":[\"PI_DAILY\",\"MA\"],\"parentactivity\":\"CA3\"}','2016-12-05 13:22:21',NULL,NULL,'Sickle Cell Daily Survey','Daily Survey To be completed for Sickle Cell disease patients'),(319,'2016-12-09 13:23:21','2016-12-09 23:59:00',NULL,NULL,'pending','4018','{\"sequence\":[\"PI_DAILY\",\"MA\"],\"parentactivity\":\"CA3\"}','2016-12-05 13:22:21',NULL,NULL,'Sickle Cell Daily Survey','Daily Survey To be completed for Sickle Cell disease patients'),(320,'2016-12-10 13:23:22','2016-12-10 23:59:00',NULL,NULL,'pending','4018','{\"sequence\":[\"PI_DAILY\",\"MA\"],\"parentactivity\":\"CA3\"}','2016-12-05 13:22:22',NULL,NULL,'Sickle Cell Daily Survey','Daily Survey To be completed for Sickle Cell disease patients'),(321,'2016-12-11 13:23:22','2016-12-11 23:59:00',NULL,NULL,'pending','4018','{\"sequence\":[\"PI_DAILY\",\"MA\"],\"parentactivity\":\"CA3\"}','2016-12-05 13:22:22',NULL,NULL,'Sickle Cell Daily Survey','Daily Survey To be completed for Sickle Cell disease patients'),(322,'2016-12-12 13:23:22','2016-12-12 23:59:00',NULL,NULL,'pending','4018','{\"sequence\":[\"PI_DAILY\",\"MA\"],\"parentactivity\":\"CA3\"}','2016-12-05 13:22:22',NULL,NULL,'Sickle Cell Daily Survey','Daily Survey To be completed for Sickle Cell disease patients'),(323,'2016-12-13 13:23:22','2016-12-13 23:59:00',NULL,NULL,'pending','4018','{\"sequence\":[\"PI_DAILY\",\"MA\"],\"parentactivity\":\"CA3\"}','2016-12-05 13:22:22',NULL,NULL,'Sickle Cell Daily Survey','Daily Survey To be completed for Sickle Cell disease patients'),(324,'2016-12-14 13:23:22','2016-12-14 23:59:00',NULL,NULL,'pending','4018','{\"sequence\":[\"PI_DAILY\",\"MA\"],\"parentactivity\":\"CA3\"}','2016-12-05 13:22:23',NULL,NULL,'Sickle Cell Daily Survey','Daily Survey To be completed for Sickle Cell disease patients'),(325,'2016-12-15 13:23:23','2016-12-15 23:59:00',NULL,NULL,'pending','4018','{\"sequence\":[\"PI_DAILY\",\"MA\"],\"parentactivity\":\"CA3\"}','2016-12-05 13:22:23',NULL,NULL,'Sickle Cell Daily Survey','Daily Survey To be completed for Sickle Cell disease patients'),(326,'2016-12-16 13:23:23','2016-12-16 23:59:00',NULL,NULL,'pending','4018','{\"sequence\":[\"PI_DAILY\",\"MA\"],\"parentactivity\":\"CA3\"}','2016-12-05 13:22:23',NULL,NULL,'Sickle Cell Daily Survey','Daily Survey To be completed for Sickle Cell disease patients'),(327,'2016-12-17 13:23:23','2016-12-17 23:59:00',NULL,NULL,'pending','4018','{\"sequence\":[\"PI_DAILY\",\"MA\"],\"parentactivity\":\"CA3\"}','2016-12-05 13:22:23',NULL,NULL,'Sickle Cell Daily Survey','Daily Survey To be completed for Sickle Cell disease patients'),(328,'2016-12-18 13:23:23','2016-12-18 23:59:00',NULL,NULL,'pending','4018','{\"sequence\":[\"PI_DAILY\",\"MA\"],\"parentactivity\":\"CA3\"}','2016-12-05 13:22:24',NULL,NULL,'Sickle Cell Daily Survey','Daily Survey To be completed for Sickle Cell disease patients'),(329,'2016-12-19 13:23:24','2016-12-19 23:59:00',NULL,NULL,'pending','4018','{\"sequence\":[\"PI_DAILY\",\"MA\"],\"parentactivity\":\"CA3\"}','2016-12-05 13:22:24',NULL,NULL,'Sickle Cell Daily Survey','Daily Survey To be completed for Sickle Cell disease patients'),(330,'2016-12-20 13:23:24','2016-12-20 23:59:00',NULL,NULL,'pending','4018','{\"sequence\":[\"PI_DAILY\",\"MA\"],\"parentactivity\":\"CA3\"}','2016-12-05 13:22:24',NULL,NULL,'Sickle Cell Daily Survey','Daily Survey To be completed for Sickle Cell disease patients'),(331,'2016-12-21 13:23:24','2016-12-21 23:59:00',NULL,NULL,'pending','4018','{\"sequence\":[\"PI_DAILY\",\"MA\"],\"parentactivity\":\"CA3\"}','2016-12-05 13:22:24',NULL,NULL,'Sickle Cell Daily Survey','Daily Survey To be completed for Sickle Cell disease patients'),(332,'2016-12-22 13:23:24','2016-12-22 23:59:00',NULL,NULL,'pending','4018','{\"sequence\":[\"PI_DAILY\",\"MA\"],\"parentactivity\":\"CA3\"}','2016-12-05 13:22:25',NULL,NULL,'Sickle Cell Daily Survey','Daily Survey To be completed for Sickle Cell disease patients'),(333,'2016-12-23 13:23:25','2016-12-23 23:59:00',NULL,NULL,'pending','4018','{\"sequence\":[\"PI_DAILY\",\"MA\"],\"parentactivity\":\"CA3\"}','2016-12-05 13:22:25',NULL,NULL,'Sickle Cell Daily Survey','Daily Survey To be completed for Sickle Cell disease patients'),(334,'2016-12-24 13:23:25','2016-12-24 23:59:00',NULL,NULL,'pending','4018','{\"sequence\":[\"PI_DAILY\",\"MA\"],\"parentactivity\":\"CA3\"}','2016-12-05 13:22:25',NULL,NULL,'Sickle Cell Daily Survey','Daily Survey To be completed for Sickle Cell disease patients'),(335,'2016-12-25 13:23:25','2016-12-25 23:59:00',NULL,NULL,'pending','4018','{\"sequence\":[\"PI_DAILY\",\"MA\"],\"parentactivity\":\"CA3\"}','2016-12-05 13:22:25',NULL,NULL,'Sickle Cell Daily Survey','Daily Survey To be completed for Sickle Cell disease patients'),(336,'2016-12-26 13:23:25','2016-12-26 23:59:00',NULL,NULL,'pending','4018','{\"sequence\":[\"PI_DAILY\",\"MA\"],\"parentactivity\":\"CA3\"}','2016-12-05 13:22:26',NULL,NULL,'Sickle Cell Daily Survey','Daily Survey To be completed for Sickle Cell disease patients'),(337,'2016-12-27 13:23:26','2016-12-27 23:59:00',NULL,NULL,'pending','4018','{\"sequence\":[\"PI_DAILY\",\"MA\"],\"parentactivity\":\"CA3\"}','2016-12-05 13:22:26',NULL,NULL,'Sickle Cell Daily Survey','Daily Survey To be completed for Sickle Cell disease patients'),(338,'2016-12-28 13:23:26','2016-12-28 23:59:00',NULL,NULL,'pending','4018','{\"sequence\":[\"PI_DAILY\",\"MA\"],\"parentactivity\":\"CA3\"}','2016-12-05 13:22:26',NULL,NULL,'Sickle Cell Daily Survey','Daily Survey To be completed for Sickle Cell disease patients'),(339,'2016-12-29 13:23:26','2016-12-29 23:59:00',NULL,NULL,'pending','4018','{\"sequence\":[\"PI_DAILY\",\"MA\"],\"parentactivity\":\"CA3\"}','2016-12-05 13:22:26',NULL,NULL,'Sickle Cell Daily Survey','Daily Survey To be completed for Sickle Cell disease patients'),(340,'2016-12-30 13:23:26','2016-12-30 23:59:00',NULL,NULL,'pending','4018','{\"sequence\":[\"PI_DAILY\",\"MA\"],\"parentactivity\":\"CA3\"}','2016-12-05 13:22:26',NULL,NULL,'Sickle Cell Daily Survey','Daily Survey To be completed for Sickle Cell disease patients'),(341,'2016-12-31 13:23:26','2016-12-31 23:59:00',NULL,NULL,'pending','4018','{\"sequence\":[\"PI_DAILY\",\"MA\"],\"parentactivity\":\"CA3\"}','2016-12-05 13:22:27',NULL,NULL,'Sickle Cell Daily Survey','Daily Survey To be completed for Sickle Cell disease patients'),(342,'2017-01-01 13:23:27','2017-01-01 23:59:00',NULL,NULL,'pending','4018','{\"sequence\":[\"PI_DAILY\",\"MA\"],\"parentactivity\":\"CA3\"}','2016-12-05 13:22:27',NULL,NULL,'Sickle Cell Daily Survey','Daily Survey To be completed for Sickle Cell disease patients'),(343,'2017-01-02 13:23:27','2017-01-02 23:59:00',NULL,NULL,'pending','4018','{\"sequence\":[\"PI_DAILY\",\"MA\"],\"parentactivity\":\"CA3\"}','2016-12-05 13:22:27',NULL,NULL,'Sickle Cell Daily Survey','Daily Survey To be completed for Sickle Cell disease patients'),(344,'2017-01-03 13:23:27','2017-01-03 23:59:00',NULL,NULL,'pending','4018','{\"sequence\":[\"PI_DAILY\",\"MA\"],\"parentactivity\":\"CA3\"}','2016-12-05 13:22:28',NULL,NULL,'Sickle Cell Daily Survey','Daily Survey To be completed for Sickle Cell disease patients'),(345,'2017-01-04 13:23:28','2017-01-04 23:59:00',NULL,NULL,'pending','4018','{\"sequence\":[\"PI_DAILY\",\"MA\"],\"parentactivity\":\"CA3\"}','2016-12-05 13:22:28',NULL,NULL,'Sickle Cell Daily Survey','Daily Survey To be completed for Sickle Cell disease patients'),(346,'2017-01-05 13:23:28','2017-01-05 23:59:00',NULL,NULL,'pending','4018','{\"sequence\":[\"PI_DAILY\",\"MA\"],\"parentactivity\":\"CA3\"}','2016-12-05 13:22:28',NULL,NULL,'Sickle Cell Daily Survey','Daily Survey To be completed for Sickle Cell disease patients'),(347,'2017-01-06 13:23:28','2017-01-06 23:59:00',NULL,NULL,'pending','4018','{\"sequence\":[\"PI_DAILY\",\"MA\"],\"parentactivity\":\"CA3\"}','2016-12-05 13:22:28',NULL,NULL,'Sickle Cell Daily Survey','Daily Survey To be completed for Sickle Cell disease patients'),(348,'2017-01-07 13:23:28','2017-01-07 23:59:00',NULL,NULL,'pending','4018','{\"sequence\":[\"PI_DAILY\",\"MA\"],\"parentactivity\":\"CA3\"}','2016-12-05 13:22:28',NULL,NULL,'Sickle Cell Daily Survey','Daily Survey To be completed for Sickle Cell disease patients'),(349,'2017-01-08 13:23:29','2017-01-08 23:59:00',NULL,NULL,'pending','4018','{\"sequence\":[\"PI_DAILY\",\"MA\"],\"parentactivity\":\"CA3\"}','2016-12-05 13:22:29',NULL,NULL,'Sickle Cell Daily Survey','Daily Survey To be completed for Sickle Cell disease patients'),(350,'2017-01-09 13:23:29','2017-01-09 23:59:00',NULL,NULL,'pending','4018','{\"sequence\":[\"PI_DAILY\",\"MA\"],\"parentactivity\":\"CA3\"}','2016-12-05 13:22:29',NULL,NULL,'Sickle Cell Daily Survey','Daily Survey To be completed for Sickle Cell disease patients'),(351,'2016-12-05 13:35:02','2016-12-06 23:59:00',NULL,NULL,'pending','4019','{\"sequence\":[\"PI_WEEKLY\",\"PR_Anxiety\",\"PR_PhysFuncMob\",\"PR_PainInt\",\"PR_Fatigue\",\"CAT\"],\"parentactivity\":\"CA2\"}','2016-12-05 13:34:02',NULL,NULL,'Sickle Cell Weekly Survey','Weekly Survey To be completed for Sickle Cell disease patients'),(352,'2016-12-12 13:35:02','2016-12-13 23:59:00',NULL,NULL,'pending','4019','{\"sequence\":[\"PI_WEEKLY\",\"PR_PainInt\",\"PR_Anxiety\",\"PR_PhysFuncMob\",\"PR_Fatigue\",\"CAT\"],\"parentactivity\":\"CA2\"}','2016-12-05 13:34:03',NULL,NULL,'Sickle Cell Weekly Survey','Weekly Survey To be completed for Sickle Cell disease patients'),(353,'2016-12-19 13:35:03','2016-12-20 23:59:00',NULL,NULL,'pending','4019','{\"sequence\":[\"PI_WEEKLY\",\"PR_Fatigue\",\"PR_PhysFuncMob\",\"PR_Anxiety\",\"PR_PainInt\",\"CAT\"],\"parentactivity\":\"CA2\"}','2016-12-05 13:34:03',NULL,NULL,'Sickle Cell Weekly Survey','Weekly Survey To be completed for Sickle Cell disease patients'),(354,'2016-12-26 13:35:03','2016-12-27 23:59:00',NULL,NULL,'pending','4019','{\"sequence\":[\"PI_WEEKLY\",\"PR_PhysFuncMob\",\"PR_Anxiety\",\"PR_Fatigue\",\"PR_PainInt\",\"CAT\"],\"parentactivity\":\"CA2\"}','2016-12-05 13:34:04',NULL,NULL,'Sickle Cell Weekly Survey','Weekly Survey To be completed for Sickle Cell disease patients'),(355,'2017-01-02 13:35:04','2017-01-03 23:59:00',NULL,NULL,'pending','4019','{\"sequence\":[\"PI_WEEKLY\",\"PR_PhysFuncMob\",\"PR_Anxiety\",\"PR_PainInt\",\"PR_Fatigue\",\"CAT\"],\"parentactivity\":\"CA2\"}','2016-12-05 13:34:04',NULL,NULL,'Sickle Cell Weekly Survey','Weekly Survey To be completed for Sickle Cell disease patients'),(356,'2017-01-09 13:35:04','2017-01-10 23:59:00',NULL,NULL,'pending','4019','{\"sequence\":[\"PI_WEEKLY\",\"PR_PhysFuncMob\",\"PR_PainInt\",\"PR_Fatigue\",\"PR_Anxiety\",\"CAT\"],\"parentactivity\":\"CA2\"}','2016-12-05 13:34:05',NULL,NULL,'Sickle Cell Weekly Survey','Weekly Survey To be completed for Sickle Cell disease patients'),(357,'2016-12-05 13:35:05','2016-12-05 23:59:00',NULL,NULL,'pending','4019','{\"sequence\":[\"PI_DAILY\",\"MA\"],\"parentactivity\":\"CA3\"}','2016-12-05 13:34:05',NULL,NULL,'Sickle Cell Daily Survey','Daily Survey To be completed for Sickle Cell disease patients'),(358,'2016-12-06 13:35:05','2016-12-06 23:59:00',NULL,NULL,'pending','4019','{\"sequence\":[\"PI_DAILY\",\"MA\"],\"parentactivity\":\"CA3\"}','2016-12-05 13:34:05',NULL,NULL,'Sickle Cell Daily Survey','Daily Survey To be completed for Sickle Cell disease patients'),(359,'2016-12-07 13:35:06','2016-12-07 23:59:00',NULL,NULL,'pending','4019','{\"sequence\":[\"PI_DAILY\",\"MA\"],\"parentactivity\":\"CA3\"}','2016-12-05 13:34:06',NULL,NULL,'Sickle Cell Daily Survey','Daily Survey To be completed for Sickle Cell disease patients'),(360,'2016-12-08 13:35:06','2016-12-08 23:59:00',NULL,NULL,'pending','4019','{\"sequence\":[\"PI_DAILY\",\"MA\"],\"parentactivity\":\"CA3\"}','2016-12-05 13:34:06',NULL,NULL,'Sickle Cell Daily Survey','Daily Survey To be completed for Sickle Cell disease patients'),(361,'2016-12-09 13:35:06','2016-12-09 23:59:00',NULL,NULL,'pending','4019','{\"sequence\":[\"PI_DAILY\",\"MA\"],\"parentactivity\":\"CA3\"}','2016-12-05 13:34:06',NULL,NULL,'Sickle Cell Daily Survey','Daily Survey To be completed for Sickle Cell disease patients'),(362,'2016-12-10 13:35:06','2016-12-10 23:59:00',NULL,NULL,'pending','4019','{\"sequence\":[\"PI_DAILY\",\"MA\"],\"parentactivity\":\"CA3\"}','2016-12-05 13:34:07',NULL,NULL,'Sickle Cell Daily Survey','Daily Survey To be completed for Sickle Cell disease patients'),(363,'2016-12-11 13:35:07','2016-12-11 23:59:00',NULL,NULL,'pending','4019','{\"sequence\":[\"PI_DAILY\",\"MA\"],\"parentactivity\":\"CA3\"}','2016-12-05 13:34:07',NULL,NULL,'Sickle Cell Daily Survey','Daily Survey To be completed for Sickle Cell disease patients'),(364,'2016-12-12 13:35:07','2016-12-12 23:59:00',NULL,NULL,'pending','4019','{\"sequence\":[\"PI_DAILY\",\"MA\"],\"parentactivity\":\"CA3\"}','2016-12-05 13:34:07',NULL,NULL,'Sickle Cell Daily Survey','Daily Survey To be completed for Sickle Cell disease patients'),(365,'2016-12-13 13:35:07','2016-12-13 23:59:00',NULL,NULL,'pending','4019','{\"sequence\":[\"PI_DAILY\",\"MA\"],\"parentactivity\":\"CA3\"}','2016-12-05 13:34:07',NULL,NULL,'Sickle Cell Daily Survey','Daily Survey To be completed for Sickle Cell disease patients'),(366,'2016-12-14 13:35:07','2016-12-14 23:59:00',NULL,NULL,'pending','4019','{\"sequence\":[\"PI_DAILY\",\"MA\"],\"parentactivity\":\"CA3\"}','2016-12-05 13:34:08',NULL,NULL,'Sickle Cell Daily Survey','Daily Survey To be completed for Sickle Cell disease patients'),(367,'2016-12-15 13:35:08','2016-12-15 23:59:00',NULL,NULL,'pending','4019','{\"sequence\":[\"PI_DAILY\",\"MA\"],\"parentactivity\":\"CA3\"}','2016-12-05 13:34:08',NULL,NULL,'Sickle Cell Daily Survey','Daily Survey To be completed for Sickle Cell disease patients'),(368,'2016-12-16 13:35:08','2016-12-16 23:59:00',NULL,NULL,'pending','4019','{\"sequence\":[\"PI_DAILY\",\"MA\"],\"parentactivity\":\"CA3\"}','2016-12-05 13:34:08',NULL,NULL,'Sickle Cell Daily Survey','Daily Survey To be completed for Sickle Cell disease patients'),(369,'2016-12-17 13:35:08','2016-12-17 23:59:00',NULL,NULL,'pending','4019','{\"sequence\":[\"PI_DAILY\",\"MA\"],\"parentactivity\":\"CA3\"}','2016-12-05 13:34:08',NULL,NULL,'Sickle Cell Daily Survey','Daily Survey To be completed for Sickle Cell disease patients'),(370,'2016-12-18 13:35:08','2016-12-18 23:59:00',NULL,NULL,'pending','4019','{\"sequence\":[\"PI_DAILY\",\"MA\"],\"parentactivity\":\"CA3\"}','2016-12-05 13:34:08',NULL,NULL,'Sickle Cell Daily Survey','Daily Survey To be completed for Sickle Cell disease patients'),(371,'2016-12-19 13:35:08','2016-12-19 23:59:00',NULL,NULL,'pending','4019','{\"sequence\":[\"PI_DAILY\",\"MA\"],\"parentactivity\":\"CA3\"}','2016-12-05 13:34:09',NULL,NULL,'Sickle Cell Daily Survey','Daily Survey To be completed for Sickle Cell disease patients'),(372,'2016-12-20 13:35:09','2016-12-20 23:59:00',NULL,NULL,'pending','4019','{\"sequence\":[\"PI_DAILY\",\"MA\"],\"parentactivity\":\"CA3\"}','2016-12-05 13:34:09',NULL,NULL,'Sickle Cell Daily Survey','Daily Survey To be completed for Sickle Cell disease patients'),(373,'2016-12-21 13:35:09','2016-12-21 23:59:00',NULL,NULL,'pending','4019','{\"sequence\":[\"PI_DAILY\",\"MA\"],\"parentactivity\":\"CA3\"}','2016-12-05 13:34:09',NULL,NULL,'Sickle Cell Daily Survey','Daily Survey To be completed for Sickle Cell disease patients'),(374,'2016-12-22 13:35:09','2016-12-22 23:59:00',NULL,NULL,'pending','4019','{\"sequence\":[\"PI_DAILY\",\"MA\"],\"parentactivity\":\"CA3\"}','2016-12-05 13:34:09',NULL,NULL,'Sickle Cell Daily Survey','Daily Survey To be completed for Sickle Cell disease patients'),(375,'2016-12-23 13:35:09','2016-12-23 23:59:00',NULL,NULL,'pending','4019','{\"sequence\":[\"PI_DAILY\",\"MA\"],\"parentactivity\":\"CA3\"}','2016-12-05 13:34:10',NULL,NULL,'Sickle Cell Daily Survey','Daily Survey To be completed for Sickle Cell disease patients'),(376,'2016-12-24 13:35:10','2016-12-24 23:59:00',NULL,NULL,'pending','4019','{\"sequence\":[\"PI_DAILY\",\"MA\"],\"parentactivity\":\"CA3\"}','2016-12-05 13:34:10',NULL,NULL,'Sickle Cell Daily Survey','Daily Survey To be completed for Sickle Cell disease patients'),(377,'2016-12-25 13:35:10','2016-12-25 23:59:00',NULL,NULL,'pending','4019','{\"sequence\":[\"PI_DAILY\",\"MA\"],\"parentactivity\":\"CA3\"}','2016-12-05 13:34:10',NULL,NULL,'Sickle Cell Daily Survey','Daily Survey To be completed for Sickle Cell disease patients'),(378,'2016-12-26 13:35:10','2016-12-26 23:59:00',NULL,NULL,'pending','4019','{\"sequence\":[\"PI_DAILY\",\"MA\"],\"parentactivity\":\"CA3\"}','2016-12-05 13:34:10',NULL,NULL,'Sickle Cell Daily Survey','Daily Survey To be completed for Sickle Cell disease patients'),(379,'2016-12-27 13:35:10','2016-12-27 23:59:00',NULL,NULL,'pending','4019','{\"sequence\":[\"PI_DAILY\",\"MA\"],\"parentactivity\":\"CA3\"}','2016-12-05 13:34:10',NULL,NULL,'Sickle Cell Daily Survey','Daily Survey To be completed for Sickle Cell disease patients'),(380,'2016-12-28 13:35:10','2016-12-28 23:59:00',NULL,NULL,'pending','4019','{\"sequence\":[\"PI_DAILY\",\"MA\"],\"parentactivity\":\"CA3\"}','2016-12-05 13:34:11',NULL,NULL,'Sickle Cell Daily Survey','Daily Survey To be completed for Sickle Cell disease patients'),(381,'2016-12-29 13:35:11','2016-12-29 23:59:00',NULL,NULL,'pending','4019','{\"sequence\":[\"PI_DAILY\",\"MA\"],\"parentactivity\":\"CA3\"}','2016-12-05 13:34:11',NULL,NULL,'Sickle Cell Daily Survey','Daily Survey To be completed for Sickle Cell disease patients'),(382,'2016-12-30 13:35:11','2016-12-30 23:59:00',NULL,NULL,'pending','4019','{\"sequence\":[\"PI_DAILY\",\"MA\"],\"parentactivity\":\"CA3\"}','2016-12-05 13:34:11',NULL,NULL,'Sickle Cell Daily Survey','Daily Survey To be completed for Sickle Cell disease patients'),(383,'2016-12-31 13:35:11','2016-12-31 23:59:00',NULL,NULL,'pending','4019','{\"sequence\":[\"PI_DAILY\",\"MA\"],\"parentactivity\":\"CA3\"}','2016-12-05 13:34:11',NULL,NULL,'Sickle Cell Daily Survey','Daily Survey To be completed for Sickle Cell disease patients'),(384,'2017-01-01 13:35:11','2017-01-01 23:59:00',NULL,NULL,'pending','4019','{\"sequence\":[\"PI_DAILY\",\"MA\"],\"parentactivity\":\"CA3\"}','2016-12-05 13:34:12',NULL,NULL,'Sickle Cell Daily Survey','Daily Survey To be completed for Sickle Cell disease patients'),(385,'2017-01-02 13:35:12','2017-01-02 23:59:00',NULL,NULL,'pending','4019','{\"sequence\":[\"PI_DAILY\",\"MA\"],\"parentactivity\":\"CA3\"}','2016-12-05 13:34:12',NULL,NULL,'Sickle Cell Daily Survey','Daily Survey To be completed for Sickle Cell disease patients'),(386,'2017-01-03 13:35:12','2017-01-03 23:59:00',NULL,NULL,'pending','4019','{\"sequence\":[\"PI_DAILY\",\"MA\"],\"parentactivity\":\"CA3\"}','2016-12-05 13:34:12',NULL,NULL,'Sickle Cell Daily Survey','Daily Survey To be completed for Sickle Cell disease patients'),(387,'2017-01-04 13:35:12','2017-01-04 23:59:00',NULL,NULL,'pending','4019','{\"sequence\":[\"PI_DAILY\",\"MA\"],\"parentactivity\":\"CA3\"}','2016-12-05 13:34:12',NULL,NULL,'Sickle Cell Daily Survey','Daily Survey To be completed for Sickle Cell disease patients'),(388,'2017-01-05 13:35:12','2017-01-05 23:59:00',NULL,NULL,'pending','4019','{\"sequence\":[\"PI_DAILY\",\"MA\"],\"parentactivity\":\"CA3\"}','2016-12-05 13:34:12',NULL,NULL,'Sickle Cell Daily Survey','Daily Survey To be completed for Sickle Cell disease patients'),(389,'2017-01-06 13:35:12','2017-01-06 23:59:00',NULL,NULL,'pending','4019','{\"sequence\":[\"PI_DAILY\",\"MA\"],\"parentactivity\":\"CA3\"}','2016-12-05 13:34:13',NULL,NULL,'Sickle Cell Daily Survey','Daily Survey To be completed for Sickle Cell disease patients'),(390,'2017-01-07 13:35:13','2017-01-07 23:59:00',NULL,NULL,'pending','4019','{\"sequence\":[\"PI_DAILY\",\"MA\"],\"parentactivity\":\"CA3\"}','2016-12-05 13:34:13',NULL,NULL,'Sickle Cell Daily Survey','Daily Survey To be completed for Sickle Cell disease patients'),(391,'2017-01-08 13:35:13','2017-01-08 23:59:00',NULL,NULL,'pending','4019','{\"sequence\":[\"PI_DAILY\",\"MA\"],\"parentactivity\":\"CA3\"}','2016-12-05 13:34:13',NULL,NULL,'Sickle Cell Daily Survey','Daily Survey To be completed for Sickle Cell disease patients'),(392,'2017-01-09 13:35:13','2017-01-09 23:59:00',NULL,NULL,'pending','4019','{\"sequence\":[\"PI_DAILY\",\"MA\"],\"parentactivity\":\"CA3\"}','2016-12-05 13:34:13',NULL,NULL,'Sickle Cell Daily Survey','Daily Survey To be completed for Sickle Cell disease patients');
/*!40000 ALTER TABLE `activity_instance` ENABLE KEYS */;
UNLOCK TABLES;

--
-- Table structure for table `badge_powerups`
--

DROP TABLE IF EXISTS `badge_powerups`;
/*!40101 SET @saved_cs_client     = @@character_set_client */;
/*!40101 SET character_set_client = utf8 */;
CREATE TABLE `badge_powerups` (
  `Id` int(11) NOT NULL AUTO_INCREMENT,
  `BadgeIdFK` int(11) NOT NULL,
  `PowerupIdFK` int(11) NOT NULL,
  `PowerupCount` int(11) NOT NULL,
  PRIMARY KEY (`Id`),
  KEY `BadgeIdFK2_idx` (`BadgeIdFK`),
  KEY `PowerupIDFK1_idx` (`PowerupIdFK`),
  CONSTRAINT `BadgeIdFK2` FOREIGN KEY (`BadgeIdFK`) REFERENCES `badges` (`Id`) ON DELETE NO ACTION ON UPDATE NO ACTION,
  CONSTRAINT `PowerupIDFK1` FOREIGN KEY (`PowerupIdFK`) REFERENCES `powerups` (`Id`) ON DELETE NO ACTION ON UPDATE NO ACTION
) ENGINE=InnoDB AUTO_INCREMENT=8 DEFAULT CHARSET=utf8;
/*!40101 SET character_set_client = @saved_cs_client */;

--
-- Dumping data for table `badge_powerups`
--

LOCK TABLES `badge_powerups` WRITE;
/*!40000 ALTER TABLE `badge_powerups` DISABLE KEYS */;
INSERT INTO `badge_powerups` VALUES (1,1,1,1),(2,2,1,3),(3,3,1,5),(4,4,1,1),(5,5,1,3),(6,6,1,5);
/*!40000 ALTER TABLE `badge_powerups` ENABLE KEYS */;
UNLOCK TABLES;

--
-- Table structure for table `badges`
--

DROP TABLE IF EXISTS `badges`;
/*!40101 SET @saved_cs_client     = @@character_set_client */;
/*!40101 SET character_set_client = utf8 */;
CREATE TABLE `badges` (
  `Id` int(11) NOT NULL AUTO_INCREMENT,
  `Name` varchar(255) NOT NULL,
  `Description` varchar(255) DEFAULT NULL,
  `Type` varchar(45) NOT NULL,
  PRIMARY KEY (`Id`)
) ENGINE=InnoDB AUTO_INCREMENT=8 DEFAULT CHARSET=utf8;
/*!40101 SET character_set_client = @saved_cs_client */;

--
-- Dumping data for table `badges`
--

LOCK TABLES `badges` WRITE;
/*!40000 ALTER TABLE `badges` DISABLE KEYS */;
INSERT INTO `badges` VALUES (1,'Weekly Badge','Weekly Survey Completion Badge','weekly1'),(2,'3 Weekly Badge','3 Weekly Survey Completion Badge','weekly3'),(3,'5 Weekly Badge','5 Weekly Survey Completion Badge','weekly5'),(4,'Daily Badge','Daily Survey Completion Badge','daily1'),(5,'3 Daily Badge','3 Daily Survey Completion Badge','daily3'),(6,'5 Daily Badge','5 Daily Survey Completion Badge','daily5');
/*!40000 ALTER TABLE `badges` ENABLE KEYS */;
UNLOCK TABLES;

--
-- Table structure for table `cat_mapping`
--

DROP TABLE IF EXISTS `cat_mapping`;
/*!40101 SET @saved_cs_client     = @@character_set_client */;
/*!40101 SET character_set_client = utf8 */;
CREATE TABLE `cat_mapping` (
  `QuestionIdFK` int(11) NOT NULL,
  `NestedQuestionIdFK` int(11) NOT NULL,
  `NextQuestionIdFK` int(11) NOT NULL,
  KEY `QuestionIdFK_idx` (`QuestionIdFK`),
  KEY `NestedQuestionIdFK_idx` (`NestedQuestionIdFK`),
  KEY `NextQuestionIdFK3_idx` (`NextQuestionIdFK`),
  CONSTRAINT `NestedQuestionIdFK2` FOREIGN KEY (`NestedQuestionIdFK`) REFERENCES `questions` (`QuestionId`) ON DELETE NO ACTION ON UPDATE NO ACTION,
  CONSTRAINT `QuestionIdFK1` FOREIGN KEY (`QuestionIdFK`) REFERENCES `questions` (`QuestionId`) ON DELETE NO ACTION ON UPDATE NO ACTION
) ENGINE=InnoDB DEFAULT CHARSET=utf8;
/*!40101 SET character_set_client = @saved_cs_client */;

--
-- Dumping data for table `cat_mapping`
--

LOCK TABLES `cat_mapping` WRITE;
/*!40000 ALTER TABLE `cat_mapping` DISABLE KEYS */;
INSERT INTO `cat_mapping` VALUES (77,78,79),(79,80,81),(94,95,96),(96,97,98),(99,100,101),(101,102,103);
/*!40000 ALTER TABLE `cat_mapping` ENABLE KEYS */;
UNLOCK TABLES;

--
-- Table structure for table `games`
--

DROP TABLE IF EXISTS `games`;
/*!40101 SET @saved_cs_client     = @@character_set_client */;
/*!40101 SET character_set_client = utf8 */;
CREATE TABLE `games` (
  `Id` int(11) NOT NULL AUTO_INCREMENT,
  `Name` varchar(255) NOT NULL,
  `Description` varchar(255) DEFAULT NULL,
  PRIMARY KEY (`Id`)
) ENGINE=InnoDB AUTO_INCREMENT=4 DEFAULT CHARSET=utf8;
/*!40101 SET character_set_client = @saved_cs_client */;

--
-- Dumping data for table `games`
--

LOCK TABLES `games` WRITE;
/*!40000 ALTER TABLE `games` DISABLE KEYS */;
INSERT INTO `games` VALUES (1,'Pappu Pakia','Flappy Bird Game'),(2,'Squirts','Squirts Game'),(3,'Parity','Parity Game');
/*!40000 ALTER TABLE `games` ENABLE KEYS */;
UNLOCK TABLES;

--
-- Table structure for table `join_activity`
--

DROP TABLE IF EXISTS `join_activity`;
/*!40101 SET @saved_cs_client     = @@character_set_client */;
/*!40101 SET character_set_client = utf8 */;
CREATE TABLE `join_activity` (
  `ParentActivityId` char(36) NOT NULL,
  `ChildActivityId` char(36) NOT NULL,
  `Ordering` int(11) NOT NULL,
  `canonicalOrder` varchar(45) NOT NULL,
  PRIMARY KEY (`ParentActivityId`,`ChildActivityId`),
  KEY `join_activity_ibfk_2` (`ChildActivityId`),
  CONSTRAINT `join_activity_ibfk_1` FOREIGN KEY (`ParentActivityId`) REFERENCES `activity` (`ActivityId`) ON DELETE CASCADE ON UPDATE CASCADE,
  CONSTRAINT `join_activity_ibfk_2` FOREIGN KEY (`ChildActivityId`) REFERENCES `activity` (`ActivityId`)
) ENGINE=InnoDB DEFAULT CHARSET=utf8;
/*!40101 SET character_set_client = @saved_cs_client */;

--
-- Dumping data for table `join_activity`
--

LOCK TABLES `join_activity` WRITE;
/*!40000 ALTER TABLE `join_activity` DISABLE KEYS */;
INSERT INTO `join_activity` VALUES ('CA2','CAT',3,'INTERLEAVE_ORDER'),('CA2','PI_WEEKLY',1,'INTERLEAVE_ORDER'),('CA2','PR_24SQ',2,'INTERLEAVE_ORDER'),('CA2_WITHOUT_PI','CAT',2,'INTERLEAVE_ORDER'),('CA2_WITHOUT_PI','PR_24SQ',1,'INTERLEAVE_ORDER'),('CA3','MA',2,'INTERLEAVE_ORDER'),('CA3','PI_DAILY',1,'INTERLEAVE_ORDER'),('CA3_WITHOUT_PI','MA',2,'INTERLEAVE_ORDER'),('CA4','PR_2SQ',2,'INTERLEAVE_ORDER'),('PR_24SQ','PR_Anxiety',1,'RANDOM'),('PR_24SQ','PR_Fatigue',1,'RANDOM'),('PR_24SQ','PR_PainInt',1,'RANDOM'),('PR_24SQ','PR_PhysFuncMob',1,'RANDOM'),('PR_2SQ','PR_Anxiety',1,'RANDOM'),('PR_2SQ','PR_PainInt',1,'RANDOM');
/*!40000 ALTER TABLE `join_activity` ENABLE KEYS */;
UNLOCK TABLES;

--
-- Table structure for table `logs`
--

DROP TABLE IF EXISTS `logs`;
/*!40101 SET @saved_cs_client     = @@character_set_client */;
/*!40101 SET character_set_client = utf8 */;
CREATE TABLE `logs` (
  `id` int(11) NOT NULL AUTO_INCREMENT,
  `log_date` date NOT NULL,
  `log_location` varchar(255) NOT NULL,
  `log_type` varchar(10) NOT NULL,
  `log_message` varchar(1000) NOT NULL,
  PRIMARY KEY (`id`)
) ENGINE=InnoDB AUTO_INCREMENT=10 DEFAULT CHARSET=utf8;
/*!40101 SET character_set_client = @saved_cs_client */;

--
-- Dumping data for table `logs`
--

LOCK TABLES `logs` WRITE;
/*!40000 ALTER TABLE `logs` DISABLE KEYS */;
INSERT INTO `logs` VALUES (1,'2016-08-03','PromisService.java:80','INFO','The PIN is invalid'),(2,'2016-08-03','PromisService.java:101','INFO','Survey instance is not active'),(3,'2016-08-03','PromisService.java:109','INFO','Survey instance has expired'),(4,'2016-08-03','PromisService.java:109','INFO','Survey instance has expired'),(5,'2016-08-03','PromisService.java:109','INFO','Survey instance has expired'),(6,'2016-08-03','PromisService.java:109','INFO','Survey instance has expired'),(7,'2016-08-03','PromisService.java:94','INFO','The Activity Instance ID is not for the given Patient Pin.'),(8,'2016-08-03','PromisService.java:109','INFO','Survey instance has expired'),(9,'2016-08-03','PromisService.java:116','INFO','Survey instance has been completed');
/*!40000 ALTER TABLE `logs` ENABLE KEYS */;
UNLOCK TABLES;

--
-- Table structure for table `medication_information`
--

DROP TABLE IF EXISTS `medication_information`;
/*!40101 SET @saved_cs_client     = @@character_set_client */;
/*!40101 SET character_set_client = utf8 */;
CREATE TABLE `medication_information` (
  `PatientPINFK` varchar(5) NOT NULL,
  `MedicationName` varchar(45) NOT NULL,
  `defaultDosage` int(2) DEFAULT NULL,
  `prescribedDosage` int(2) DEFAULT NULL,
  `noOfTablets` int(2) DEFAULT NULL,
  `units` varchar(45) DEFAULT NULL,
  PRIMARY KEY (`PatientPINFK`,`MedicationName`),
  CONSTRAINT `PatientPINFK` FOREIGN KEY (`PatientPINFK`) REFERENCES `patients` (`PatientPin`) ON DELETE NO ACTION ON UPDATE NO ACTION
) ENGINE=InnoDB DEFAULT CHARSET=utf8;
/*!40101 SET character_set_client = @saved_cs_client */;

--
-- Dumping data for table `medication_information`
--

LOCK TABLES `medication_information` WRITE;
/*!40000 ALTER TABLE `medication_information` DISABLE KEYS */;
INSERT INTO `medication_information` VALUES ('2001','Dilaudid ',100,200,2,'mg'),('2001','Oxycodone ',5,5,3,'mg'),('2001','Tramadol ',2,50,1,'mg'),('2001','Tylenol with codeine',1,1,4,'mg'),('2002','Dilaudid ',100,200,2,'mg'),('2002','Oxycodone ',5,5,3,'mg'),('2002','Tramadol ',2,50,1,'mg'),('2002','Tylenol with codeine',1,1,4,'mg'),('2003','Dilaudid ',100,200,2,'mg'),('2003','Oxycodone ',5,5,3,'mg'),('2003','Tramadol ',2,50,1,'mg'),('2003','Tylenol with codeine',1,1,4,'mg'),('2004','Dilaudid ',100,200,2,'mg'),('2004','Oxycodone ',5,5,3,'mg'),('2004','Tramadol ',2,50,1,'mg'),('2004','Tylenol with codeine',1,1,4,'mg'),('2005','Dilaudid ',100,200,2,'mg'),('2005','Oxycodone ',5,5,3,'mg'),('2005','Tramadol ',2,50,1,'mg'),('2005','Tylenol with codeine',1,1,4,'mg'),('2006','Dilaudid ',100,200,2,'mg'),('2006','Oxycodone ',5,5,3,'mg'),('2006','Tramadol ',2,50,1,'mg'),('2006','Tylenol with codeine',1,1,4,'mg'),('2007','Dilaudid ',100,200,2,'mg'),('2007','Oxycodone ',5,5,3,'mg'),('2007','Tramadol ',2,50,1,'mg'),('2007','Tylenol with codeine',1,1,4,'mg'),('2008','Dilaudid ',100,200,2,'mg'),('2008','Oxycodone ',5,5,3,'mg'),('2008','Tramadol ',2,50,1,'mg'),('2008','Tylenol with codeine',1,1,4,'mg'),('2009','Dilaudid ',100,200,2,'mg'),('2009','Oxycodone ',5,5,3,'mg'),('2009','Tramadol ',2,50,1,'mg'),('2009','Tylenol with codeine',1,1,4,'mg'),('2010','Dilaudid ',100,200,2,'mg'),('2010','Oxycodone ',5,5,3,'mg'),('2010','Tramadol ',2,50,1,'mg'),('2010','Tylenol with codeine',1,1,4,'mg'),('3001','Dilaudid ',100,200,2,'mg'),('3001','Ibuprofen ',200,200,3,'mg'),('3001','Naprosyn ',125,250,2,'mg'),('3001','Oxycodone ',5,5,3,'mg'),('3001','Percocet ',1,1,3,'mg'),('3001','Tramadol ',2,50,1,'mg'),('3001','Tylenol with codeine',1,1,4,'mg'),('3002','Dilaudid ',100,200,2,'mg'),('3002','Oxycodone ',5,5,3,'mg'),('3002','Tramadol ',2,50,1,'mg'),('3002','Tylenol with codeine',1,1,4,'mg'),('3003','Dilaudid ',100,200,2,'mg'),('3003','Oxycodone ',5,5,3,'mg'),('3003','Tramadol ',2,50,1,'mg'),('3003','Tylenol with codeine',1,1,4,'mg'),('3004','Dilaudid ',100,200,2,'mg'),('3004','Oxycodone ',5,5,3,'mg'),('3004','Tramadol ',2,50,1,'mg'),('3004','Tylenol with codeine',1,1,4,'mg'),('3005','Dilaudid ',100,200,2,'mg'),('3005','Oxycodone ',5,5,3,'mg'),('3005','Tramadol ',2,50,1,'mg'),('3005','Tylenol with codeine',1,1,4,'mg'),('3006','Dilaudid ',100,200,2,'mg'),('3006','Oxycodone ',5,5,3,'mg'),('3006','Tramadol ',2,50,1,'mg'),('3006','Tylenol with codeine',1,1,4,'mg'),('3007','Dilaudid ',100,200,2,'mg'),('3007','Oxycodone ',5,5,3,'mg'),('3007','Tramadol ',2,50,1,'mg'),('3007','Tylenol with codeine',1,1,4,'mg'),('3008','Dilaudid ',100,200,2,'mg'),('3008','Oxycodone ',5,5,3,'mg'),('3008','Tramadol ',2,50,1,'mg'),('3008','Tylenol with codeine',1,1,4,'mg'),('3009','Dilaudid ',100,200,2,'mg'),('3009','Oxycodone ',5,5,3,'mg'),('3009','Tramadol ',2,50,1,'mg'),('3009','Tylenol with codeine',1,1,4,'mg'),('3010','Dilaudid ',100,200,2,'mg'),('3010','Oxycodone ',5,5,3,'mg'),('3010','Tramadol ',2,50,1,'mg'),('3010','Tylenol with codeine',1,1,4,'mg'),('4001','Dilaudid ',100,200,2,'mg'),('4001','Oxycodone ',5,5,3,'mg'),('4001','Tramadol ',2,50,1,'mg'),('4001','Tylenol with codeine',1,1,4,'mg'),('4002','Dilaudid ',100,200,2,'mg'),('4002','Oxycodone ',5,5,3,'mg'),('4002','Tramadol ',2,50,1,'mg'),('4002','Tylenol with codeine',1,1,4,'mg'),('4003','Dilaudid ',100,200,2,'mg'),('4003','Oxycodone ',5,5,3,'mg'),('4003','Tramadol ',2,50,1,'mg'),('4003','Tylenol with codeine',1,1,4,'mg'),('4004','Dilaudid ',100,200,2,'mg'),('4004','Oxycodone ',5,5,3,'mg'),('4004','Tramadol ',2,50,1,'mg'),('4004','Tylenol with codeine',1,1,4,'mg'),('4005','Dilaudid ',100,200,2,'mg'),('4005','Oxycodone ',5,5,3,'mg'),('4005','Tramadol ',2,50,1,'mg'),('4005','Tylenol with codeine',1,1,4,'mg'),('4006','Dilaudid ',100,200,2,'mg'),('4006','Oxycodone ',5,5,3,'mg'),('4006','Tramadol ',2,50,1,'mg'),('4006','Tylenol with codeine',1,1,4,'mg'),('4007','Dilaudid ',100,200,2,'mg'),('4007','Oxycodone ',5,5,3,'mg'),('4007','Tramadol ',2,50,1,'mg'),('4007','Tylenol with codeine',1,1,4,'mg'),('4008','Dilaudid ',100,200,2,'mg'),('4008','Oxycodone ',5,5,3,'mg'),('4008','Tramadol ',2,50,1,'mg'),('4008','Tylenol with codeine',1,1,4,'mg'),('4009','Dilaudid ',100,200,2,'mg'),('4009','Oxycodone ',5,5,3,'mg'),('4009','Tramadol ',2,50,1,'mg'),('4009','Tylenol with codeine',1,1,4,'mg'),('4010','Dilaudid ',100,200,2,'mg'),('4010','Oxycodone ',5,5,3,'mg'),('4010','Tramadol ',2,50,1,'mg'),('4010','Tylenol with codeine',1,1,4,'mg'),('4011','Oxycodone',1,0,0,'mg'),('4011','Tramadol',1,0,0,'mg'),('4012','Naprosyn',1,250,1,'mg'),('4014','Oxycodone',1,5,4,'mg'),('4016','Oxycodone',1,5,5,'mg'),('4017','Oxycodone',1,10,3,'mg'),('4018','Oxycodone',1,5,3,'mg'),('4019','Oxycodone',1,5,5,'mg');
/*!40000 ALTER TABLE `medication_information` ENABLE KEYS */;
UNLOCK TABLES;

--
-- Table structure for table `patient_badges`
--

DROP TABLE IF EXISTS `patient_badges`;
/*!40101 SET @saved_cs_client     = @@character_set_client */;
/*!40101 SET character_set_client = utf8 */;
CREATE TABLE `patient_badges` (
  `Id` int(11) NOT NULL AUTO_INCREMENT,
  `PatientPinFK` varchar(5) NOT NULL,
  `BadgeIdFK` int(11) NOT NULL,
  `ActivityInstanceIdFK` int(11) NOT NULL,
  `Used` tinyint(1) NOT NULL,
  `CreatedAt` datetime NOT NULL,
  `UpdatedAt` datetime NOT NULL,
  PRIMARY KEY (`Id`),
  KEY `PatientPinFK7_idx` (`PatientPinFK`),
  KEY `BadgIdFK1_idx` (`BadgeIdFK`),
  KEY `ActivityInstanceIdFK2_idx` (`ActivityInstanceIdFK`),
  CONSTRAINT `ActivityInstanceIdFK2` FOREIGN KEY (`ActivityInstanceIdFK`) REFERENCES `activity_instance` (`ActivityInstanceId`) ON DELETE NO ACTION ON UPDATE NO ACTION,
  CONSTRAINT `BadgIdFK1` FOREIGN KEY (`BadgeIdFK`) REFERENCES `badges` (`Id`) ON DELETE NO ACTION ON UPDATE NO ACTION,
  CONSTRAINT `PatientPinFK7` FOREIGN KEY (`PatientPinFK`) REFERENCES `patients` (`PatientPin`) ON DELETE NO ACTION ON UPDATE NO ACTION
) ENGINE=InnoDB AUTO_INCREMENT=12 DEFAULT CHARSET=utf8;
/*!40101 SET character_set_client = @saved_cs_client */;

--
-- Dumping data for table `patient_badges`
--

LOCK TABLES `patient_badges` WRITE;
/*!40000 ALTER TABLE `patient_badges` DISABLE KEYS */;
INSERT INTO `patient_badges` VALUES (4,'4012',1,133,1,'2016-11-30 16:02:12','2016-12-01 19:21:30'),(5,'4012',1,175,1,'2016-11-30 16:02:59','2016-12-05 12:31:08'),(6,'4012',4,139,0,'2016-11-30 16:16:48','2016-11-30 16:16:48'),(7,'4012',4,157,0,'2016-11-30 16:18:02','2016-11-30 16:18:02'),(8,'4012',4,140,0,'2016-11-30 16:19:13','2016-11-30 16:19:13'),(9,'4012',5,141,0,'2016-11-30 16:20:14','2016-11-30 16:20:14'),(11,'4012',4,160,1,'2016-12-01 19:08:34','2016-12-05 12:41:48');
/*!40000 ALTER TABLE `patient_badges` ENABLE KEYS */;
UNLOCK TABLES;

--
-- Table structure for table `patient_game_play`
--

DROP TABLE IF EXISTS `patient_game_play`;
/*!40101 SET @saved_cs_client     = @@character_set_client */;
/*!40101 SET character_set_client = utf8 */;
CREATE TABLE `patient_game_play` (
  `Id` int(11) NOT NULL AUTO_INCREMENT,
  `PatientPinFK` varchar(5) NOT NULL,
  `GameIdFK` int(11) NOT NULL,
  `StartTime` datetime DEFAULT NULL,
  `EndTime` datetime DEFAULT NULL,
  `CreatedAt` datetime NOT NULL,
  `UpdatedAt` datetime NOT NULL,
  PRIMARY KEY (`Id`),
  KEY `PatientPinFK_idx` (`PatientPinFK`),
  KEY `PatientPinFK6_idx` (`PatientPinFK`),
  KEY `GameIdFK1_idx` (`GameIdFK`),
  CONSTRAINT `GameIdFK1` FOREIGN KEY (`GameIdFK`) REFERENCES `games` (`Id`) ON DELETE NO ACTION ON UPDATE NO ACTION,
  CONSTRAINT `PatientPinFK_6` FOREIGN KEY (`PatientPinFK`) REFERENCES `patients` (`PatientPin`) ON DELETE CASCADE ON UPDATE CASCADE
) ENGINE=InnoDB AUTO_INCREMENT=61 DEFAULT CHARSET=utf8;
/*!40101 SET character_set_client = @saved_cs_client */;

--
-- Dumping data for table `patient_game_play`
--

LOCK TABLES `patient_game_play` WRITE;
/*!40000 ALTER TABLE `patient_game_play` DISABLE KEYS */;
INSERT INTO `patient_game_play` VALUES (31,'4012',3,'2016-11-29 15:15:59',NULL,'2016-11-29 15:16:01','2016-11-29 15:16:01'),(32,'4012',3,'2016-11-29 15:17:49',NULL,'2016-11-29 15:17:49','2016-11-29 15:17:49'),(33,'4012',1,'2016-11-29 15:41:08',NULL,'2016-11-29 15:41:08','2016-11-29 15:41:08'),(34,'4012',1,'2016-11-29 15:45:53',NULL,'2016-11-29 15:45:54','2016-11-29 15:45:54'),(35,'4012',1,'2016-11-29 15:47:31','2016-11-29 15:55:08','2016-11-29 15:47:32','2016-11-29 15:47:32'),(36,'4012',3,'2016-11-29 15:55:13',NULL,'2016-11-29 15:55:13','2016-11-29 15:55:13'),(37,'4012',1,'2016-11-29 16:08:31',NULL,'2016-11-29 16:08:32','2016-11-29 16:08:32'),(38,'4012',1,'2016-11-29 16:09:22',NULL,'2016-11-29 16:09:22','2016-11-29 16:09:22'),(39,'4012',1,'2016-11-29 16:10:18',NULL,'2016-11-29 16:10:18','2016-11-29 16:10:18'),(40,'4012',1,'2016-11-29 16:11:37','2016-11-29 16:13:03','2016-11-29 16:11:37','2016-11-29 16:11:37'),(41,'4012',1,'2016-11-29 16:13:08','2016-11-29 16:13:23','2016-11-29 16:13:10','2016-11-29 16:13:10'),(42,'4012',2,'2016-11-29 16:13:25',NULL,'2016-11-29 16:13:26','2016-11-29 16:13:26'),(43,'4012',1,'2016-11-29 16:14:47',NULL,'2016-11-29 16:14:47','2016-11-29 16:14:47'),(44,'4012',1,'2016-11-29 16:18:52',NULL,'2016-11-29 16:18:52','2016-11-29 16:18:52'),(45,'4012',1,'2016-11-29 16:21:00',NULL,'2016-11-29 16:21:00','2016-11-29 16:21:00'),(46,'4012',1,'2016-11-29 16:21:22',NULL,'2016-11-29 16:21:24','2016-11-29 16:21:24'),(47,'4012',1,'2016-11-29 16:24:23',NULL,'2016-11-29 16:24:24','2016-11-29 16:24:24'),(48,'4012',1,'2016-11-29 16:31:01',NULL,'2016-11-29 16:31:02','2016-11-29 16:31:02'),(49,'4012',1,'2016-11-29 16:31:34',NULL,'2016-11-29 16:31:34','2016-11-29 16:31:34'),(50,'4012',1,'2016-12-02 11:40:38',NULL,'2016-12-02 11:40:38','2016-12-02 11:40:38'),(51,'4012',1,'2016-12-02 11:56:17',NULL,'2016-12-02 11:56:17','2016-12-02 11:56:17'),(52,'4012',1,'2016-12-02 11:56:57',NULL,'2016-12-02 11:56:57','2016-12-02 11:56:57'),(53,'4012',1,'2016-12-02 12:01:09',NULL,'2016-12-02 12:01:09','2016-12-02 12:01:09'),(54,'4012',1,'2016-12-02 12:02:21',NULL,'2016-12-02 12:02:22','2016-12-02 12:02:22'),(55,'4012',1,'2016-12-02 12:03:04',NULL,'2016-12-02 12:03:06','2016-12-02 12:03:06'),(56,'4012',1,'2016-12-02 12:07:40',NULL,'2016-12-02 12:07:42','2016-12-02 12:07:42'),(57,'4012',1,'2016-12-02 12:16:59',NULL,'2016-12-02 12:17:01','2016-12-02 12:17:01'),(58,'4012',1,'2016-12-02 12:27:33',NULL,'2016-12-02 12:27:36','2016-12-02 12:27:36'),(59,'4012',1,'2016-12-02 12:32:37',NULL,'2016-12-02 12:32:37','2016-12-02 12:32:37'),(60,'4012',1,'2016-12-02 12:50:18',NULL,'2016-12-02 12:50:20','2016-12-02 12:50:20');
/*!40000 ALTER TABLE `patient_game_play` ENABLE KEYS */;
UNLOCK TABLES;

--
-- Table structure for table `patient_powerups`
--

DROP TABLE IF EXISTS `patient_powerups`;
/*!40101 SET @saved_cs_client     = @@character_set_client */;
/*!40101 SET character_set_client = utf8 */;
CREATE TABLE `patient_powerups` (
  `Id` int(11) NOT NULL AUTO_INCREMENT,
  `PatientPinFK` varchar(5) NOT NULL,
  `PowerupIdFK` int(11) NOT NULL,
  `Count` int(11) NOT NULL,
  `CreatedAt` datetime NOT NULL,
  `UpdatedAt` datetime NOT NULL,
  PRIMARY KEY (`Id`),
  KEY `PatientPinFK8_idx` (`PatientPinFK`),
  KEY `PowerupIdFK2_idx` (`PowerupIdFK`),
  CONSTRAINT `PatientPinFK8` FOREIGN KEY (`PatientPinFK`) REFERENCES `patients` (`PatientPin`) ON DELETE NO ACTION ON UPDATE NO ACTION,
  CONSTRAINT `PowerupIdFK2` FOREIGN KEY (`PowerupIdFK`) REFERENCES `powerups` (`Id`) ON DELETE NO ACTION ON UPDATE NO ACTION
) ENGINE=InnoDB AUTO_INCREMENT=9 DEFAULT CHARSET=utf8;
/*!40101 SET character_set_client = @saved_cs_client */;

--
-- Dumping data for table `patient_powerups`
--

LOCK TABLES `patient_powerups` WRITE;
/*!40000 ALTER TABLE `patient_powerups` DISABLE KEYS */;
INSERT INTO `patient_powerups` VALUES (6,'4012',1,1,'2016-11-21 13:27:54','2016-12-05 15:04:32'),(7,'2001',1,4,'2016-11-22 11:42:59','2016-11-22 11:42:59'),(8,'2002',1,2,'2016-11-28 13:41:49','2016-12-02 12:49:52');
/*!40000 ALTER TABLE `patient_powerups` ENABLE KEYS */;
UNLOCK TABLES;

--
-- Table structure for table `patients`
--

DROP TABLE IF EXISTS `patients`;
/*!40101 SET @saved_cs_client     = @@character_set_client */;
/*!40101 SET character_set_client = utf8 */;
CREATE TABLE `patients` (
  `PatientPin` varchar(5) NOT NULL,
  `DeviceType` varchar(256) DEFAULT NULL,
  `DeviceVersion` varchar(256) DEFAULT NULL,
  `DateStarted` datetime NOT NULL,
  `DateCompleted` datetime NOT NULL,
  `StageIdFK` char(36) NOT NULL,
  `ParentPinFK` varchar(5) DEFAULT NULL,
  `type` enum('child','adult','parent_proxy') DEFAULT NULL,
  `HydroxyureaPrescribed` varchar(256) DEFAULT NULL,
  `EnhancedContent` tinyint(1) NOT NULL,
  PRIMARY KEY (`PatientPin`),
  KEY `ChildPinFK` (`ParentPinFK`),
  KEY `patients_stagefk` (`StageIdFK`),
  CONSTRAINT `patients_ibfk_1` FOREIGN KEY (`ParentPinFK`) REFERENCES `patients` (`PatientPin`) ON DELETE CASCADE ON UPDATE CASCADE,
  CONSTRAINT `patients_stagefk` FOREIGN KEY (`StageIdFK`) REFERENCES `stage` (`StageId`) ON UPDATE CASCADE
) ENGINE=InnoDB DEFAULT CHARSET=utf8;
/*!40101 SET character_set_client = @saved_cs_client */;

--
-- Dumping data for table `patients`
--

LOCK TABLES `patients` WRITE;
/*!40000 ALTER TABLE `patients` DISABLE KEYS */;
INSERT INTO `patients` VALUES ('2001','NULL',NULL,'2016-08-23 07:00:00','2016-08-31 21:12:26','1',NULL,'adult','1',0),('2002','NULL',NULL,'2016-09-23 07:00:00','2016-09-14 07:00:00','1',NULL,'adult','1',0),('2003','NULL',NULL,'2016-09-23 07:00:00','2016-09-14 07:00:00','1',NULL,'adult','1',0),('2004','NULL',NULL,'2016-09-23 07:00:00','2016-09-14 07:00:00','1',NULL,'adult','1',0),('2005','NULL',NULL,'2016-09-23 07:00:00','2016-09-14 07:00:00','1',NULL,'adult','1',0),('2006','NULL',NULL,'2016-09-23 07:00:00','2016-09-14 07:00:00','1',NULL,'adult','1',0),('2007','NULL',NULL,'2016-09-23 07:00:00','2016-09-14 07:00:00','1',NULL,'adult','1',0),('2008','NULL',NULL,'2016-09-23 07:00:00','2016-09-14 07:00:00','1',NULL,'adult','1',0),('2009','NULL',NULL,'2016-09-23 07:00:00','2016-09-14 07:00:00','1',NULL,'adult','1',0),('2010','NULL',NULL,'2016-09-23 07:00:00','2016-09-14 07:00:00','1',NULL,'adult','1',0),('3001','NULL',NULL,'2016-09-23 07:00:00','2016-09-14 07:00:00','1',NULL,'parent_proxy','0',0),('3002','NULL',NULL,'2016-09-23 07:00:00','2016-09-14 07:00:00','1',NULL,'parent_proxy','1',0),('3003','NULL',NULL,'2016-09-23 07:00:00','2016-09-14 07:00:00','1',NULL,'parent_proxy','0',0),('3004','NULL',NULL,'2016-09-23 07:00:00','2016-09-14 07:00:00','1',NULL,'parent_proxy','0',0),('3005','NULL',NULL,'2016-09-23 07:00:00','2016-09-14 07:00:00','1',NULL,'parent_proxy','0',0),('3006','NULL',NULL,'2016-09-23 07:00:00','2016-09-14 07:00:00','1',NULL,'parent_proxy','0',0),('3007','NULL',NULL,'2016-09-23 07:00:00','2016-09-14 07:00:00','1',NULL,'parent_proxy','0',0),('3008','NULL',NULL,'2016-09-23 07:00:00','2016-09-14 07:00:00','1',NULL,'parent_proxy','0',0),('3009','NULL',NULL,'2016-09-23 07:00:00','2016-09-14 07:00:00','1',NULL,'parent_proxy','0',0),('3010','NULL',NULL,'2016-09-23 07:00:00','2016-09-14 07:00:00','1',NULL,'parent_proxy','0',0),('3011','android smartphone','asda','2016-10-31 14:38:44','2016-10-31 14:38:44','1','2001','parent_proxy',NULL,0),('3012','android smartphone','','2016-11-03 19:03:46','2016-11-03 19:03:46','1','4001','parent_proxy',NULL,0),('3013','iPhone','','2016-11-03 19:04:06','2016-11-03 19:04:06','1','4001','parent_proxy',NULL,0),('4001','NULL',NULL,'2016-09-23 07:00:00','2016-09-14 07:00:00','1','3001','child','1',0),('4002','NULL',NULL,'2016-09-23 07:00:00','2016-09-14 07:00:00','1','3002','child','0',0),('4003','NULL',NULL,'2016-09-23 07:00:00','2016-09-14 07:00:00','1','3003','child','1',0),('4004','NULL',NULL,'2016-09-23 07:00:00','2016-09-14 07:00:00','1','3004','child','1',0),('4005','NULL',NULL,'2016-09-23 07:00:00','2016-09-14 07:00:00','1','3005','child','1',0),('4006','NULL',NULL,'2016-09-23 07:00:00','2016-09-14 07:00:00','1','3006','child','1',0),('4007','NULL',NULL,'2016-09-23 07:00:00','2016-09-14 07:00:00','1','3007','child','1',0),('4008','NULL',NULL,'2016-09-23 07:00:00','2016-09-14 07:00:00','1','3008','child','1',0),('4009','NULL',NULL,'2016-09-23 07:00:00','2016-09-14 07:00:00','1','3009','child','1',0),('4010','NULL',NULL,'2016-09-23 07:00:00','2016-09-14 07:00:00','1','3010','child','1',0),('4011','android smartphone','sdasd','2016-10-31 11:00:53','2016-10-31 11:00:53','1',NULL,'child',NULL,0),('4012',NULL,'','2016-11-10 14:49:35','2016-11-10 14:49:35','1',NULL,'child','1',1),('4014',NULL,'','2016-12-05 13:09:35','2016-12-05 13:09:35','1',NULL,'child','1',0),('4016',NULL,'','2016-12-05 13:11:53','2016-12-05 13:11:53','1',NULL,'child','1',0),('4017',NULL,'','2016-12-05 13:21:51','2016-12-05 13:21:51','1',NULL,'child','1',0),('4018',NULL,'','2016-12-05 13:22:18','2016-12-05 13:22:18','1',NULL,'child','1',0),('4019',NULL,'','2016-12-05 13:34:02','2016-12-05 13:34:02','1',NULL,'child','1',1);
/*!40000 ALTER TABLE `patients` ENABLE KEYS */;
UNLOCK TABLES;

--
-- Table structure for table `powerups`
--

DROP TABLE IF EXISTS `powerups`;
/*!40101 SET @saved_cs_client     = @@character_set_client */;
/*!40101 SET character_set_client = utf8 */;
CREATE TABLE `powerups` (
  `Id` int(11) NOT NULL AUTO_INCREMENT,
  `Name` varchar(255) NOT NULL,
  `Description` varchar(255) DEFAULT NULL,
  PRIMARY KEY (`Id`)
) ENGINE=InnoDB AUTO_INCREMENT=2 DEFAULT CHARSET=utf8;
/*!40101 SET character_set_client = @saved_cs_client */;

--
-- Dumping data for table `powerups`
--

LOCK TABLES `powerups` WRITE;
/*!40000 ALTER TABLE `powerups` DISABLE KEYS */;
INSERT INTO `powerups` VALUES (1,'P1','Powerup One');
/*!40000 ALTER TABLE `powerups` ENABLE KEYS */;
UNLOCK TABLES;

--
-- Table structure for table `question_options`
--

DROP TABLE IF EXISTS `question_options`;
/*!40101 SET @saved_cs_client     = @@character_set_client */;
/*!40101 SET character_set_client = utf8 */;
CREATE TABLE `question_options` (
  `QuestionOptionId` int(11) NOT NULL,
  `OptionText` varchar(255) NOT NULL,
  `OptionOrder` int(6) NOT NULL,
  `CreatedAt` datetime NOT NULL,
  `UpdatedAt` datetime NOT NULL,
  `DeletedAt` datetime DEFAULT NULL,
  `QuestionOptionType` int(6) NOT NULL,
  PRIMARY KEY (`QuestionOptionId`)
) ENGINE=InnoDB DEFAULT CHARSET=utf8;
/*!40101 SET character_set_client = @saved_cs_client */;

--
-- Dumping data for table `question_options`
--

LOCK TABLES `question_options` WRITE;
/*!40000 ALTER TABLE `question_options` DISABLE KEYS */;
INSERT INTO `question_options` VALUES (1,'Never',1,'2016-06-09 14:44:09','2016-06-09 14:44:09',NULL,1),(2,'Almost Never',2,'2016-06-09 14:44:09','2016-06-09 14:44:09',NULL,1),(3,'Sometimes',3,'2016-06-09 14:44:09','2016-06-09 14:44:09',NULL,1),(4,'Often',4,'2016-06-09 14:44:09','2016-06-09 14:44:09',NULL,1),(5,'Almost Always',5,'2016-06-09 14:44:09','2016-06-09 14:44:09',NULL,1),(6,'With No Trouble',1,'2016-06-09 14:44:09','2016-06-09 14:44:09',NULL,2),(7,'With A Little Trouble',2,'2016-06-09 14:44:09','2016-06-09 14:44:09',NULL,2),(8,'With Some Trouble',3,'2016-06-09 14:44:09','2016-06-09 14:44:09',NULL,2),(9,'With A Lot Of Trouble',4,'2016-06-09 14:44:09','2016-06-09 14:44:09',NULL,2),(10,'Not Able To Do',5,'2016-06-09 14:44:09','2016-06-09 14:44:09',NULL,2),(11,'1',1,'2016-06-09 14:44:09','2016-06-09 14:44:09',NULL,7),(12,'2',2,'2016-06-09 14:44:09','2016-06-09 14:44:09',NULL,7),(13,'3',3,'2016-06-09 14:44:09','2016-06-09 14:44:09',NULL,7),(14,'4',4,'2016-06-09 14:44:09','2016-06-09 14:44:09',NULL,7),(15,'5',5,'2016-06-09 14:44:09','2016-06-09 14:44:09',NULL,7),(16,'6',6,'2016-06-09 14:44:09','2016-06-09 14:44:09',NULL,7),(17,'7',7,'2016-06-09 14:44:09','2016-06-09 14:44:09',NULL,7),(18,'8',8,'2016-06-09 14:44:09','2016-06-09 14:44:09',NULL,7),(19,'9',9,'2016-06-09 14:44:09','2016-06-09 14:44:09',NULL,7),(20,'10',10,'2016-06-09 14:44:09','2016-06-09 14:44:09',NULL,7),(21,'front head',11,'2016-06-09 14:44:09','2016-06-09 14:44:09',NULL,7),(22,'back head',12,'2016-06-09 14:44:09','2016-06-09 14:44:09',NULL,7),(23,'front left leg',13,'2016-06-09 14:44:09','2016-06-09 14:44:09',NULL,7),(24,'back left leg',14,'2016-06-09 14:44:09','2016-06-09 14:44:09',NULL,7),(25,'front right leg',15,'2016-06-09 14:44:09','2016-06-09 14:44:09',NULL,7),(26,'back right leg',16,'2016-06-09 14:44:09','2016-06-09 14:44:09',NULL,7),(27,'front chest',17,'2016-06-09 14:44:09','2016-06-09 14:44:09',NULL,7),(28,'front abdominal',18,'2016-06-09 14:44:09','2016-06-09 14:44:09',NULL,7),(29,'back',19,'2016-06-09 14:44:09','2016-06-09 14:44:09',NULL,7),(30,'lower back',20,'2016-06-09 14:44:09','2016-06-09 14:44:09',NULL,7),(31,'front left arm',21,'2016-06-09 14:44:09','2016-06-09 14:44:09',NULL,7),(32,'back left arm',22,'2016-06-09 14:44:09','2016-06-09 14:44:09',NULL,7),(33,'front right arm',23,'2016-06-09 14:44:09','2016-06-09 14:44:09',NULL,7),(34,'back right arm',24,'2016-06-09 14:44:09','2016-06-09 14:44:09',NULL,7),(35,'No Pain',25,'2016-06-09 14:44:09','2016-06-09 14:44:09',NULL,7),(36,'0',26,'2016-06-09 14:44:09','2016-06-09 14:44:09',NULL,7),(37,'1 to 2',1,'2016-07-29 14:44:09','2016-07-29 14:44:09',NULL,10),(38,'3 or more',2,'2016-07-29 14:44:09','2016-07-29 14:44:09',NULL,10),(39,'4 to 5',3,'2016-07-29 14:44:09','2016-07-29 14:44:09',NULL,10),(40,'6 to 7',4,'2016-07-29 14:44:09','2016-07-29 14:44:09',NULL,10),(41,'8 to 9',5,'2016-07-29 14:44:09','2016-07-29 14:44:09',NULL,10),(42,'10',6,'2016-07-29 14:44:09','2016-07-29 14:44:09',NULL,10),(43,'Not at all',1,'2016-07-29 14:44:09','2016-07-29 14:44:09',NULL,4),(44,'A little bit',2,'2016-07-29 14:44:09','2016-07-29 14:44:09',NULL,4),(45,'Somewhat',3,'2016-07-29 14:44:09','2016-07-29 14:44:09',NULL,4),(46,'Quite a bit',4,'2016-07-29 14:44:09','2016-07-29 14:44:09',NULL,4),(47,'Very much',5,'2016-07-29 14:44:09','2016-07-29 14:44:09',NULL,4),(48,'Not at all',1,'2016-07-29 14:44:09','2016-07-29 14:44:09',NULL,5),(49,'Very little',2,'2016-07-29 14:44:09','2016-07-29 14:44:09',NULL,5),(50,'Somewhat',3,'2016-07-29 14:44:09','2016-07-29 14:44:09',NULL,5),(51,'Quite a lot',4,'2016-07-29 14:44:09','2016-07-29 14:44:09',NULL,5),(52,'Cannot do',5,'2016-07-29 14:44:09','2016-07-29 14:44:09',NULL,5),(53,'Without any difficulty',1,'2016-07-29 14:44:09','2016-07-29 14:44:09',NULL,6),(54,'With a little difficulty',2,'2016-07-29 14:44:09','2016-07-29 14:44:09',NULL,6),(55,'With some difficulty',3,'2016-07-29 14:44:09','2016-07-29 14:44:09',NULL,6),(56,'With much difficulty',4,'2016-07-29 14:44:09','2016-07-29 14:44:09',NULL,6),(57,'Unable to do',5,'2016-07-29 14:44:09','2016-07-29 14:44:09',NULL,6),(58,'Never',1,'2016-07-29 14:44:09','2016-07-29 14:44:09',NULL,3),(59,'Rarely',2,'2016-07-29 14:44:09','2016-07-29 14:44:09',NULL,3),(60,'Sometimes',3,'2016-07-29 14:44:09','2016-07-29 14:44:09',NULL,3),(61,'Often',4,'2016-07-29 14:44:09','2016-07-29 14:44:09',NULL,3),(62,'Always',5,'2016-07-29 14:44:09','2016-07-29 14:44:09',NULL,3),(63,'Pain',1,'2016-07-29 14:44:09','2016-07-29 14:44:09',NULL,9),(64,'Fever',2,'2016-07-29 14:44:09','2016-07-29 14:44:09',NULL,9),(65,'Fatigue',3,'2016-07-29 14:44:09','2016-07-29 14:44:09',NULL,9),(66,'Anxiety',4,'2016-07-29 14:44:09','2016-07-29 14:44:09',NULL,9),(67,'Other',5,'2016-07-29 14:44:09','2016-07-29 14:44:09',NULL,9),(68,'0',1,'2016-07-29 14:44:09','2016-07-29 14:44:09',NULL,8),(69,'1',2,'2016-07-29 14:44:09','2016-07-29 14:44:09',NULL,8),(70,'2',3,'2016-07-29 14:44:09','2016-07-29 14:44:09',NULL,8),(71,'3',4,'2016-07-29 14:44:09','2016-07-29 14:44:09',NULL,8),(72,'4',5,'2016-07-29 14:44:09','2016-07-29 14:44:09',NULL,8),(73,'5',6,'2016-07-29 14:44:09','2016-07-29 14:44:09',NULL,8),(74,'Yes',1,'2016-08-29 15:52:09','2016-08-29 15:52:09',NULL,11),(75,'No',2,'2016-08-29 15:52:09','2016-08-29 15:52:09',NULL,11),(76,'Oxycodone ',1,'2016-08-31 15:52:09','2016-08-31 15:52:09',NULL,-1),(77,'Tramadol ',2,'2016-08-31 15:52:09','2016-08-31 15:52:09',NULL,-1),(78,'Dilaudid ',3,'2016-08-31 15:52:09','2016-08-31 15:52:09',NULL,-1),(79,'Tylenol with codeine',4,'2016-08-31 15:52:09','2016-08-31 15:52:09',NULL,-1),(80,'Percocet ',5,'2016-08-31 15:52:09','2016-08-31 15:52:09',NULL,-1),(81,'Ibuprofen ',6,'2016-08-31 15:52:09','2016-08-31 15:52:09',NULL,-1),(82,'Naprosyn ',7,'2016-08-31 15:52:09','2016-08-31 15:52:09',NULL,-1),(83,'Shoulder Griddle, left',1,'2016-08-31 15:52:09','2016-08-31 15:52:09',NULL,12),(84,'Shoulder Griddle, right',2,'2016-08-31 15:52:09','2016-08-31 15:52:09',NULL,12),(85,'Upper arm, left',3,'2016-08-31 15:52:09','2016-08-31 15:52:09',NULL,12),(86,'Upper arm, right',4,'2016-08-31 15:52:09','2016-08-31 15:52:09',NULL,12),(87,'Lower arm, left',5,'2016-08-31 15:52:09','2016-08-31 15:52:09',NULL,12),(88,'Lower arm, right',6,'2016-08-31 15:52:09','2016-08-31 15:52:09',NULL,12),(89,'Hip (buttock) left',7,'2016-08-31 15:52:09','2016-08-31 15:52:09',NULL,12),(90,'Hip (buttock) right',8,'2016-08-31 15:52:09','2016-08-31 15:52:09',NULL,12),(91,'Upper leg, left',9,'2016-08-31 15:52:09','2016-08-31 15:52:09',NULL,12),(92,'Upper leg, right',10,'2016-08-31 15:52:09','2016-08-31 15:52:09',NULL,12),(93,'Lower leg, left',11,'2016-08-31 15:52:09','2016-08-31 15:52:09',NULL,13),(94,'Lower leg, right',12,'2016-08-31 15:52:09','2016-08-31 15:52:09',NULL,13),(95,'Jaw left',13,'2016-08-31 15:52:09','2016-08-31 15:52:09',NULL,13),(96,'Jaw right',14,'2016-08-31 15:52:09','2016-08-31 15:52:09',NULL,13),(97,'Chest',15,'2016-08-31 15:52:09','2016-08-31 15:52:09',NULL,13),(98,'Abdomen',16,'2016-08-31 15:52:09','2016-08-31 15:52:09',NULL,13),(99,'Neck',17,'2016-08-31 15:52:09','2016-08-31 15:52:09',NULL,13),(100,'Upper back',18,'2016-08-31 15:52:09','2016-08-31 15:52:09',NULL,13),(101,'Lower back',19,'2016-08-31 15:52:09','2016-08-31 15:52:09',NULL,13),(102,'None of these',11,'2016-08-31 15:52:09','2016-08-31 15:52:09',NULL,12),(103,'None of these',11,'2016-08-31 15:52:09','2016-08-31 15:52:09',NULL,13);
/*!40000 ALTER TABLE `question_options` ENABLE KEYS */;
UNLOCK TABLES;

--
-- Table structure for table `question_result`
--

DROP TABLE IF EXISTS `question_result`;
/*!40101 SET @saved_cs_client     = @@character_set_client */;
/*!40101 SET character_set_client = utf8 */;
CREATE TABLE `question_result` (
  `id` int(11) NOT NULL AUTO_INCREMENT,
  `createdAt` datetime NOT NULL,
  `updatedAt` datetime NOT NULL,
  `questionIdFk` int(11) NOT NULL,
  `questionOptionIdFk` int(11) NOT NULL,
  `ActivityInstanceIdFk` int(11) NOT NULL,
  `Value` varchar(256) DEFAULT NULL,
  `dosage` varchar(32) DEFAULT NULL,
  PRIMARY KEY (`id`),
  KEY `questionIdFk_idx` (`questionIdFk`),
  KEY `questionOptionIdFk_idx` (`questionOptionIdFk`),
  KEY `ActivityInstanceIdFk_idx` (`ActivityInstanceIdFk`),
  CONSTRAINT `ActivityInstanceIdFk` FOREIGN KEY (`ActivityInstanceIdFk`) REFERENCES `activity_instance` (`ActivityInstanceId`) ON DELETE NO ACTION ON UPDATE NO ACTION,
  CONSTRAINT `questionIdFk` FOREIGN KEY (`questionIdFk`) REFERENCES `questions` (`QuestionId`) ON DELETE NO ACTION ON UPDATE NO ACTION,
  CONSTRAINT `questionOptionIdFk` FOREIGN KEY (`questionOptionIdFk`) REFERENCES `question_options` (`QuestionOptionId`) ON DELETE NO ACTION ON UPDATE NO ACTION
) ENGINE=InnoDB AUTO_INCREMENT=167 DEFAULT CHARSET=utf8;
/*!40101 SET character_set_client = @saved_cs_client */;

--
-- Dumping data for table `question_result`
--

LOCK TABLES `question_result` WRITE;
/*!40000 ALTER TABLE `question_result` DISABLE KEYS */;
INSERT INTO `question_result` VALUES (1,'2016-11-10 14:52:01','2016-11-10 14:52:01',16,5,133,'',''),(2,'2016-11-10 14:52:01','2016-11-10 14:52:01',17,1,133,'',''),(3,'2016-11-10 14:52:01','2016-11-10 14:52:01',18,5,133,'',''),(4,'2016-11-10 14:52:01','2016-11-10 14:52:01',13,4,133,'',''),(5,'2016-11-10 14:52:01','2016-11-10 14:52:01',14,3,133,'',''),(6,'2016-11-10 14:52:01','2016-11-10 14:52:01',15,2,133,'',''),(7,'2016-11-10 14:52:01','2016-11-10 14:52:01',7,8,133,'',''),(8,'2016-11-10 14:52:01','2016-11-10 14:52:01',8,9,133,'',''),(9,'2016-11-10 14:52:01','2016-11-10 14:52:01',9,6,133,'',''),(10,'2016-11-10 14:52:01','2016-11-10 14:52:01',10,8,133,'',''),(11,'2016-11-10 14:52:01','2016-11-10 14:52:01',11,9,133,'',''),(12,'2016-11-10 14:52:01','2016-11-10 14:52:01',12,8,133,'',''),(13,'2016-11-10 14:52:01','2016-11-10 14:52:01',1,3,133,'',''),(14,'2016-11-10 14:52:01','2016-11-10 14:52:01',2,2,133,'',''),(15,'2016-11-10 14:52:01','2016-11-10 14:52:01',3,5,133,'',''),(16,'2016-11-10 14:52:01','2016-11-10 14:52:01',4,4,133,'',''),(17,'2016-11-10 14:52:01','2016-11-10 14:52:01',5,3,133,'',''),(18,'2016-11-10 14:52:01','2016-11-10 14:52:01',6,4,133,'',''),(19,'2016-11-10 14:52:01','2016-11-10 14:52:01',19,3,133,'',''),(20,'2016-11-10 14:52:01','2016-11-10 14:52:01',20,4,133,'',''),(21,'2016-11-10 14:52:01','2016-11-10 14:52:01',21,5,133,'',''),(22,'2016-11-10 14:52:01','2016-11-10 14:52:01',22,3,133,'',''),(23,'2016-11-10 14:52:01','2016-11-10 14:52:01',23,1,133,'',''),(24,'2016-11-10 14:52:01','2016-11-10 14:52:01',24,4,133,'',''),(25,'2016-11-10 14:52:01','2016-11-10 14:52:01',96,29,133,'',''),(26,'2016-11-10 14:52:01','2016-11-10 14:52:01',97,66,133,'',''),(27,'2016-11-10 14:52:01','2016-11-10 14:52:01',98,27,133,'',''),(28,'2016-11-10 14:52:01','2016-11-10 14:52:01',94,30,133,'',''),(29,'2016-11-10 14:52:01','2016-11-10 14:52:01',95,66,133,'',''),(30,'2016-11-10 14:52:01','2016-11-10 14:52:01',92,85,133,'',''),(31,'2016-11-10 14:52:01','2016-11-10 14:52:01',92,87,133,'',''),(32,'2016-11-10 14:52:01','2016-11-10 14:52:01',93,86,133,'',''),(33,'2016-11-10 14:52:18','2016-11-10 14:52:18',74,35,139,'',''),(34,'2016-11-10 14:52:18','2016-11-10 14:52:18',74,36,139,'',''),(35,'2016-11-10 14:52:18','2016-11-10 14:52:18',89,37,139,'',''),(36,'2016-11-10 14:52:18','2016-11-10 14:52:18',90,75,139,'',''),(37,'2016-11-10 14:52:18','2016-11-10 14:52:18',76,82,139,'','2'),(38,'2016-11-28 15:17:49','2016-11-28 15:17:49',74,35,157,'',''),(39,'2016-11-28 15:17:49','2016-11-28 15:17:49',74,36,157,'',''),(40,'2016-11-28 15:17:49','2016-11-28 15:17:49',89,37,157,'',''),(41,'2016-11-28 15:17:49','2016-11-28 15:17:49',90,74,157,'',''),(42,'2016-11-28 15:17:49','2016-11-28 15:17:49',76,82,157,'','1*'),(43,'2016-11-28 15:24:40','2016-11-28 15:24:40',16,3,175,'',''),(44,'2016-11-28 15:24:40','2016-11-28 15:24:40',17,4,175,'',''),(45,'2016-11-28 15:24:40','2016-11-28 15:24:40',18,4,175,'',''),(46,'2016-11-28 15:24:40','2016-11-28 15:24:40',13,3,175,'',''),(47,'2016-11-28 15:24:40','2016-11-28 15:24:40',14,4,175,'',''),(48,'2016-11-28 15:24:40','2016-11-28 15:24:40',15,2,175,'',''),(49,'2016-11-28 15:24:40','2016-11-28 15:24:40',7,9,175,'',''),(50,'2016-11-28 15:24:40','2016-11-28 15:24:40',8,9,175,'',''),(51,'2016-11-28 15:24:40','2016-11-28 15:24:40',9,8,175,'',''),(52,'2016-11-28 15:24:40','2016-11-28 15:24:40',10,9,175,'',''),(53,'2016-11-28 15:24:40','2016-11-28 15:24:40',11,8,175,'',''),(54,'2016-11-28 15:24:40','2016-11-28 15:24:40',12,10,175,'',''),(55,'2016-11-28 15:24:40','2016-11-28 15:24:40',1,3,175,'',''),(56,'2016-11-28 15:24:40','2016-11-28 15:24:40',2,3,175,'',''),(57,'2016-11-28 15:24:40','2016-11-28 15:24:40',3,4,175,'',''),(58,'2016-11-28 15:24:40','2016-11-28 15:24:40',4,2,175,'',''),(59,'2016-11-28 15:24:40','2016-11-28 15:24:40',5,2,175,'',''),(60,'2016-11-28 15:24:40','2016-11-28 15:24:40',6,3,175,'',''),(61,'2016-11-28 15:24:40','2016-11-28 15:24:40',19,3,175,'',''),(62,'2016-11-28 15:24:40','2016-11-28 15:24:40',20,2,175,'',''),(63,'2016-11-28 15:24:40','2016-11-28 15:24:40',21,1,175,'',''),(64,'2016-11-28 15:24:40','2016-11-28 15:24:40',22,4,175,'',''),(65,'2016-11-28 15:24:40','2016-11-28 15:24:40',23,2,175,'',''),(66,'2016-11-28 15:24:40','2016-11-28 15:24:40',24,2,175,'',''),(67,'2016-11-28 15:24:40','2016-11-28 15:24:40',96,29,175,'',''),(68,'2016-11-28 15:24:40','2016-11-28 15:24:40',97,66,175,'',''),(69,'2016-11-28 15:24:40','2016-11-28 15:24:40',98,27,175,'',''),(70,'2016-11-28 15:24:40','2016-11-28 15:24:40',94,27,175,'',''),(71,'2016-11-28 15:24:40','2016-11-28 15:24:40',95,65,175,'',''),(72,'2016-11-28 15:24:40','2016-11-28 15:24:40',92,83,175,'',''),(73,'2016-11-28 15:24:40','2016-11-28 15:24:40',92,84,175,'',''),(74,'2016-11-28 15:24:40','2016-11-28 15:24:40',93,93,175,'',''),(75,'2016-11-28 15:24:40','2016-11-28 15:24:40',93,94,175,'',''),(76,'2016-11-28 15:24:40','2016-11-28 15:24:40',93,97,175,'',''),(77,'2016-11-28 15:28:36','2016-11-28 15:28:36',74,35,176,'',''),(78,'2016-11-28 15:28:36','2016-11-28 15:28:36',74,36,176,'',''),(79,'2016-11-28 15:28:36','2016-11-28 15:28:36',89,37,176,'',''),(80,'2016-11-28 15:28:36','2016-11-28 15:28:36',90,75,176,'',''),(81,'2016-11-28 15:28:36','2016-11-28 15:28:36',76,82,176,'','1*'),(82,'2016-11-28 15:34:44','2016-11-28 15:34:44',74,35,177,'',''),(83,'2016-11-28 15:34:44','2016-11-28 15:34:44',74,36,177,'',''),(84,'2016-11-28 15:34:44','2016-11-28 15:34:44',89,37,177,'',''),(85,'2016-11-28 15:34:44','2016-11-28 15:34:44',90,75,177,'',''),(86,'2016-11-28 15:34:44','2016-11-28 15:34:44',76,82,177,'','0'),(87,'2016-12-01 15:44:27','2016-12-01 15:44:27',74,35,160,'',''),(88,'2016-12-01 15:44:27','2016-12-01 15:44:27',74,36,160,'',''),(89,'2016-12-01 15:44:27','2016-12-01 15:44:27',89,36,160,'',''),(90,'2016-12-01 15:44:27','2016-12-01 15:44:27',90,75,160,'',''),(91,'2016-12-01 15:44:27','2016-12-01 15:44:27',76,82,160,'','1*'),(92,'2016-12-01 15:46:02','2016-12-01 15:46:02',16,3,136,'',''),(93,'2016-12-01 15:46:02','2016-12-01 15:46:02',17,3,136,'',''),(94,'2016-12-01 15:46:02','2016-12-01 15:46:02',18,3,136,'',''),(95,'2016-12-01 15:46:02','2016-12-01 15:46:02',13,5,136,'',''),(96,'2016-12-01 15:46:02','2016-12-01 15:46:02',14,3,136,'',''),(97,'2016-12-01 15:46:02','2016-12-01 15:46:02',15,4,136,'',''),(98,'2016-12-01 15:46:02','2016-12-01 15:46:02',7,9,136,'',''),(99,'2016-12-01 15:46:02','2016-12-01 15:46:02',8,7,136,'',''),(100,'2016-12-01 15:46:02','2016-12-01 15:46:02',9,9,136,'',''),(101,'2016-12-01 15:46:02','2016-12-01 15:46:02',10,8,136,'',''),(102,'2016-12-01 15:46:02','2016-12-01 15:46:02',11,8,136,'',''),(103,'2016-12-01 15:46:02','2016-12-01 15:46:02',12,8,136,'',''),(104,'2016-12-01 15:46:02','2016-12-01 15:46:02',1,3,136,'',''),(105,'2016-12-01 15:46:02','2016-12-01 15:46:02',2,5,136,'',''),(106,'2016-12-01 15:46:02','2016-12-01 15:46:02',3,4,136,'',''),(107,'2016-12-01 15:46:02','2016-12-01 15:46:02',4,3,136,'',''),(108,'2016-12-01 15:46:02','2016-12-01 15:46:02',5,4,136,'',''),(109,'2016-12-01 15:46:02','2016-12-01 15:46:02',6,5,136,'',''),(110,'2016-12-01 15:46:02','2016-12-01 15:46:02',19,2,136,'',''),(111,'2016-12-01 15:46:02','2016-12-01 15:46:02',20,5,136,'',''),(112,'2016-12-01 15:46:02','2016-12-01 15:46:02',21,5,136,'',''),(113,'2016-12-01 15:46:02','2016-12-01 15:46:02',22,2,136,'',''),(114,'2016-12-01 15:46:02','2016-12-01 15:46:02',23,3,136,'',''),(115,'2016-12-01 15:46:02','2016-12-01 15:46:02',24,4,136,'',''),(116,'2016-12-01 15:46:02','2016-12-01 15:46:02',96,29,136,'',''),(117,'2016-12-01 15:46:02','2016-12-01 15:46:02',97,66,136,'',''),(118,'2016-12-01 15:46:02','2016-12-01 15:46:02',98,29,136,'',''),(119,'2016-12-01 15:46:02','2016-12-01 15:46:02',94,28,136,'',''),(120,'2016-12-01 15:46:02','2016-12-01 15:46:02',95,66,136,'',''),(121,'2016-12-01 15:46:02','2016-12-01 15:46:02',92,83,136,'',''),(122,'2016-12-01 15:46:02','2016-12-01 15:46:02',92,85,136,'',''),(123,'2016-12-01 15:46:02','2016-12-01 15:46:02',93,86,136,'',''),(124,'2016-12-01 15:46:02','2016-12-01 15:46:02',93,99,136,'',''),(125,'2016-12-01 15:56:39','2016-12-01 15:56:39',74,35,179,'',''),(126,'2016-12-01 15:56:39','2016-12-01 15:56:39',74,36,179,'',''),(127,'2016-12-01 15:56:39','2016-12-01 15:56:39',82,76,179,'','3*'),(128,'2016-12-01 15:56:39','2016-12-01 15:56:39',82,77,179,'','1*'),(129,'2016-12-01 15:56:39','2016-12-01 15:56:39',82,78,179,'','2*'),(130,'2016-12-01 15:56:39','2016-12-01 15:56:39',82,79,179,'','4*'),(131,'2016-12-01 15:56:39','2016-12-01 15:56:39',83,38,179,'',''),(132,'2016-12-01 15:56:39','2016-12-01 15:56:39',84,75,179,'',''),(133,'2016-12-01 16:01:02','2016-12-01 16:01:02',74,35,180,'',''),(134,'2016-12-01 16:01:02','2016-12-01 16:01:02',74,36,180,'',''),(135,'2016-12-01 16:01:02','2016-12-01 16:01:02',82,76,180,'','4'),(136,'2016-12-01 16:01:02','2016-12-01 16:01:02',82,77,180,'','1*'),(137,'2016-12-01 16:01:02','2016-12-01 16:01:02',82,78,180,'','1'),(138,'2016-12-01 16:01:02','2016-12-01 16:01:02',82,79,180,'','3'),(139,'2016-12-01 16:01:02','2016-12-01 16:01:02',83,36,180,'',''),(140,'2016-12-01 16:01:02','2016-12-01 16:01:02',84,75,180,'',''),(141,'2016-12-01 18:58:39','2016-12-01 18:58:39',74,35,160,'',''),(142,'2016-12-01 18:58:39','2016-12-01 18:58:39',74,36,160,'',''),(143,'2016-12-01 18:58:39','2016-12-01 18:58:39',89,37,160,'',''),(144,'2016-12-01 18:58:39','2016-12-01 18:58:39',90,75,160,'',''),(145,'2016-12-01 18:58:39','2016-12-01 18:58:39',76,82,160,'','1*'),(146,'2016-12-01 19:08:34','2016-12-01 19:08:34',74,35,160,'',''),(147,'2016-12-01 19:08:34','2016-12-01 19:08:34',74,36,160,'',''),(148,'2016-12-01 19:08:34','2016-12-01 19:08:34',89,37,160,'',''),(149,'2016-12-01 19:08:34','2016-12-01 19:08:34',90,75,160,'',''),(150,'2016-12-01 19:08:34','2016-12-01 19:08:34',76,82,160,'','1*'),(151,'2016-12-02 23:24:21','2016-12-02 23:24:21',74,35,181,'',''),(152,'2016-12-02 23:24:21','2016-12-02 23:24:21',74,36,181,'',''),(153,'2016-12-02 23:24:21','2016-12-02 23:24:21',82,76,181,'','2'),(154,'2016-12-02 23:24:21','2016-12-02 23:24:21',82,77,181,'','1*'),(155,'2016-12-02 23:24:21','2016-12-02 23:24:21',82,78,181,'','1'),(156,'2016-12-02 23:24:21','2016-12-02 23:24:21',82,79,181,'','1'),(157,'2016-12-02 23:24:21','2016-12-02 23:24:21',83,37,181,'',''),(158,'2016-12-02 23:24:21','2016-12-02 23:24:21',84,75,181,'',''),(159,'2016-12-02 23:28:57','2016-12-02 23:28:57',74,35,182,'',''),(160,'2016-12-02 23:28:57','2016-12-02 23:28:57',74,36,182,'',''),(161,'2016-12-02 23:28:57','2016-12-02 23:28:57',82,76,182,'','1'),(162,'2016-12-02 23:28:57','2016-12-02 23:28:57',82,77,182,'','1*'),(163,'2016-12-02 23:28:57','2016-12-02 23:28:57',82,78,182,'','0'),(164,'2016-12-02 23:28:57','2016-12-02 23:28:57',82,79,182,'','3'),(165,'2016-12-02 23:28:57','2016-12-02 23:28:57',83,37,182,'',''),(166,'2016-12-02 23:28:57','2016-12-02 23:28:57',84,75,182,'','');
/*!40000 ALTER TABLE `question_result` ENABLE KEYS */;
UNLOCK TABLES;

--
-- Table structure for table `questions`
--

DROP TABLE IF EXISTS `questions`;
/*!40101 SET @saved_cs_client     = @@character_set_client */;
/*!40101 SET character_set_client = utf8 */;
CREATE TABLE `questions` (
  `QuestionId` int(11) NOT NULL,
  `QuestionText` varchar(256) NOT NULL,
  `QuestionType` varchar(256) NOT NULL,
  `QuestionOptionType` varchar(255) DEFAULT '1',
  `SurveyBlockIdFk` varchar(45) NOT NULL,
  `ShortForm` varchar(45) NOT NULL,
  PRIMARY KEY (`QuestionId`)
) ENGINE=InnoDB DEFAULT CHARSET=utf8;
/*!40101 SET character_set_client = @saved_cs_client */;

--
-- Dumping data for table `questions`
--

LOCK TABLES `questions` WRITE;
/*!40000 ALTER TABLE `questions` DISABLE KEYS */;
INSERT INTO `questions` VALUES (1,'In the past 7 days, I had trouble sleeping when I had pain.','likert5','1','PR_PainInt_Chld','ped_v10.PI.SF8a.1'),(2,'In the past 7 days, I had trouble doing schoolwork when I had pain.','likert5','1','PR_PainInt_Chld','ped_v10.PI.SF8a.2'),(3,'In the past 7 days, It was hard for me to pay attention when I had pain.','likert5','1','PR_PainInt_Chld','ped_v10.PI.SF8a.3'),(4,'In the past 7 days, It was hard for me to run when I had pain.','likert5','1','PR_PainInt_Chld','ped_v10.PI.SF8a.4'),(5,'In the past 7 days, It was hard for me to walk one block when I had pain.','likert5','1','PR_PainInt_Chld','ped_v10.PI.SF8a.5'),(6,'In the past 7 days, It was hard to have fun when I had pain.','likert5','1','PR_PainInt_Chld','ped_v10.PI.SF8a.6'),(7,'In the past 7 days, I could do sports and exercise that other kids my age could do. ','likert5','2','PR_PhyFuncMob_Chld','ped_v10.PFM.SF8a.1'),(8,'In the past 7 days, I could get up from the floor.','likert5','2','PR_PhyFuncMob_Chld','ped_v10.PFM.SF8a.2'),(9,'In the past 7 days, I could keep up when I played with other kids.','likert5','2','PR_PhyFuncMob_Chld','ped_v10.PFM.SF8a.3'),(10,'In the past 7 days, I could stand by myself.','likert5','2','PR_PhyFuncMob_Chld','ped_v10.PFM.SF8a.4'),(11,'In the past 7 days, I could walk up stairs without holding on to anything.','likert5','2','PR_PhyFuncMob_Chld','ped_v10.PFM.SF8a.5'),(12,'In the past 7 days, I have been physically able to do the activities I enjoy most.','likert5','2','PR_PhyFuncMob_Chld','ped_v10.PFM.SF8a.6'),(13,'In the past 7 days, being tired made it hard for me to play or go out with my friends as much as I\'d like.','likert5','1','PR_Fatigue_Chld','ped_v10.Fat.SF10a.1'),(14,'In the past 7 days, being tired made it hard for me to keep up with my schoolwork.','likert5','1','PR_Fatigue_Chld','ped_v10.Fat.SF10a.2'),(15,'In the past 7 days, I had trouble starting things because I was too tired.','likert5','1','PR_Fatigue_Chld','ped_v10.Fat.SF10a.3'),(16,'In the past 7 days, I was so tired it was hard for me to pay attention.','likert5','1','PR_Fatigue_Chld','ped_v10.Fat.SF10a.4'),(17,'In the past 7 days, I was too tired to do sports or exercise.','likert5','1','PR_Fatigue_Chld','ped_v10.Fat.SF10a.5'),(18,'In the past 7 days, I was too tired to do things outside.','likert5','1','PR_Fatigue_Chld','ped_v10.Fat.SF10a.6'),(19,'In the past 7 days, I felt nervous.','likert5','1','PR_Anxiety_Chld','ped_v10.Anx.SF8a.1'),(20,'In the past 7 days, I felt worried.','likert5','1','PR_Anxiety_Chld','ped_v10.Anx.SF8a.2'),(21,'In the past 7 days, I felt like something awful might happen.','likert5','1','PR_Anxiety_Chld','ped_v10.Anx.SF8a.3'),(22,'In the past 7 days, I was afraid that I would make mistakes.','likert5','1','PR_Anxiety_Chld','ped_v10.Anx.SF8a.4'),(23,'In the past 7 days, I worried about what could happen to me.','likert5','1','PR_Anxiety_Chld','ped_v10.Anx.SF8a.5'),(24,'In the past 7 days, I worried when I went to bed at night.','likert5','1','PR_Anxiety_Chld','ped_v10.Anx.SF8a.6'),(25,'In the past 7 days, how much did pain interfere with your day to day activities?','likert5','4','PR_PainInt_Adlt','adult_v10.PI.SF6a.1'),(26,'In the past 7 days, how much did pain interfere with work around the home?','likert5','4','PR_PainInt_Adlt','adult_v10.PI.SF6a.2'),(27,'In the past 7 days, how much did pain interfere with your ability to participate in social activities?','likert5','4','PR_PainInt_Adlt','adult_v10.PI.SF6a.3'),(28,'In the past 7 days, how much did pain interfere with your household chores?','likert5','4','PR_PainInt_Adlt','adult_v10.PI.SF6a.4'),(29,'In the past 7 days, how much did pain interfere with the things you usually do for fun?','likert5','4','PR_PainInt_Adlt','adult_v10.PI.SF6a.5'),(30,'In the past 7 days, how much did pain interfere with your enjoyment of social activities? ','likert5','4','PR_PainInt_Adlt','adult_v10.PI.SF6a.6'),(31,'Does your health now limit you in doing vigorous activities, such as running, lifting heavy objects, participating in strenuous sports?','likert5','5','PR_PhyFuncMob_Adlt','adult_v10.PFM.SF10a.1'),(32,'Does your health now limit you in walking more than a mile?','likert5','5','PR_PhyFuncMob_Adlt','adult_v10.PFM.SF10a.2'),(33,'Does your health now limit you in climbing one flight of stairs?','likert5','5','PR_PhyFuncMob_Adlt','adult_v10.PFM.SF10a.3'),(34,'Does your health now limit you in lifting or carrying groceries?','likert5','5','PR_PhyFuncMob_Adlt','adult_v10.PFM.SF10a.4'),(35,'Does your health now limit you in bending, kneeling, or stooping?','likert5','5','PR_PhyFuncMob_Adlt','adult_v10.PFM.SF10a.5'),(36,'Are you able to dress yourself, including tying shoelaces and doing buttons?','likert5','6','PR_PhyFuncMob_Adlt','adult_v10.PFM.SF10a.6'),(37,'During the past 7 days, I feel fatigued.','likert5','4','PR_Fatigue_Adlt','adult_v10.Fat.SF6a.1'),(38,'During the past 7 days, I have trouble starting things because I am tired.','likert5','4','PR_Fatigue_Adlt','adult_v10.Fat.SF6a.2'),(39,'In the past 7 days, how run-down did you feel on average?','likert5','4','PR_Fatigue_Adlt','adult_v10.Fat.SF6a.3'),(40,'In the past 7 days, how fatigued were you on average?','likert5','4','PR_Fatigue_Adlt','adult_v10.Fat.SF6a.4'),(41,'In the past 7 days, how much were you bothered by your fatigue on average?','likert5','4','PR_Fatigue_Adlt','adult_v10.Fat.SF6a.5'),(42,'In the past 7 days, to what degree did your fatigue interfere with your physical functioning?','likert5','4','PR_Fatigue_Adlt','adult_v10.Fat.SF6a.6'),(43,'In the past 7 days, I felt fearful.','likert5','3','PR_Anxiety_Adlt','adult_v10.Anx.SF6a.1'),(44,'In the past 7 days, I found it hard to focus on anything other than my anxiety.','likert5','3','PR_Anxiety_Adlt','adult_v10.Anx.SF6a.2'),(45,'In the past 7 days, my worries overwhelmed me.  ','likert5','3','PR_Anxiety_Adlt','adult_v10.Anx.SF6a.3'),(46,'In the past 7 days, I felt uneasy.','likert5','3','PR_Anxiety_Adlt','adult_v10.Anx.SF6a.4'),(47,'In the past 7 days, I felt nervous.','likert5','3','PR_Anxiety_Adlt','adult_v10.Anx.SF6a.5'),(48,'In the past 7 days, I felt like I needed help for my anxiety.','likert5','3','PR_Anxiety_Adlt','adult_v10.Anx.SF6a.6'),(49,'In the past 7 days, my child had trouble sleeping when he/she had pain.','likert5','1','PR_PainInt_PR','parent_v10.PI.SF8.1'),(50,'In the past 7 days, my child had trouble doing schoolwork when he/she had pain.','likert5','1','PR_PainInt_PR','parent_v10.PI.SF8.2'),(51,'In the past 7 days, it was hard for my child to pay attention when he/she had pain. ','likert5','1','PR_PainInt_PR','parent_v10.PI.SF8.3'),(52,'In the past 7 days, it was hard for my child to run when he/she had pain.','likert5','1','PR_PainInt_PR','parent_v10.PI.SF8.4'),(53,'In the past 7 days, it was hard for my child to walk one block when he/she had pain.','likert5','1','PR_PainInt_PR','parent_v10.PI.SF8.5'),(54,'In the past 7 days, it was hard for my child to have fun when he/she had pain.','likert5','1','PR_PainInt_PR','parent_v10.PI.SF8.6'),(55,'In the past 7 days, my child could do sports and exercise that other kids his/her age could do.','likert5','2','PR_PhyFuncMob_PR','parent_v10.PFM.SF8.1'),(56,'In the past 7 days, my child could get up from the floor.','likert5','2','PR_PhyFuncMob_PR','parent_v10.PFM.SF8.2'),(57,'In the past 7 days, my child could keep up when he/she played with other kids.','likert5','2','PR_PhyFuncMob_PR','parent_v10.PFM.SF8.3'),(58,'In the past 7 days, my child could stand up without help.','likert5','2','PR_PhyFuncMob_PR','parent_v10.PFM.SF8.4'),(59,'In the past 7 days, my child could walk up stairs without holding on to anything','likert5','2','PR_PhyFuncMob_PR','parent_v10.PFM.SF8.5'),(60,'In the past 7 days, my child has been physically able to do the activities he/she enjoys most.','likert5','2','PR_PhyFuncMob_PR','parent_v10.PFM.SF8.6'),(61,'In the past 7 days, being tired made it hard for my child to play or go out with friends as much as he/she would like.','likert5','1','PR_Fatigue_PR','parent_v10.Fat.SF10.1'),(62,'In the past 7 days, being tired made it hard for my child to keep up with schoolwork.','likert5','1','PR_Fatigue_PR','parent_v10.Fat.SF10.2'),(63,'In the past 7 days, my child had trouble starting things because he/she was too tired.','likert5','1','PR_Fatigue_PR','parent_v10.Fat.SF10.3'),(64,'In the past 7 days, my child was so tired it was hard for him/her to pay attention.','likert5','1','PR_Fatigue_PR','parent_v10.Fat.SF10.4'),(65,'In the past 7 days, my child was too tired to do sports or exercise.','likert5','1','PR_Fatigue_PR','parent_v10.Fat.SF10.5'),(66,'In the past 7 days, my child was too tired to do things outside.','likert5','1','PR_Fatigue_PR','parent_v10.Fat.SF10.6'),(67,'In the past 7 days, my child felt nervous.','likert5','1','PR_Anxiety_PR','parent_v10.Anx.SF8b.1'),(68,'In the past 7 days, my child felt worried.','likert5','1','PR_Anxiety_PR','parent_v10.Anx.SF8b.2'),(69,'In the past 7 days, my child felt like something awful might happen.','likert5','1','PR_Anxiety_PR','parent_v10.Anx.SF8b.3'),(70,'In the past 7 days, my child worried when he/she was at home.','likert5','1','PR_Anxiety_PR','parent_v10.Anx.SF8b.4'),(71,'In the past 7 days, my child worried about what could happen to him/her.','likert5','1','PR_Anxiety_PR','parent_v10.Anx.SF8b.5'),(72,'In the past 7 days, my child worried when he/she went to bed at night.','likert5','1','PR_Anxiety_PR','parent_v10.Anx.SF8b.6'),(73,'In the last 24 hours, how much generalized pain did you have?','generalizedpain','-1','bodyPain_delete',''),(74,' In the last 24 hours, which part of the body did you feel the most pain?','bodyPain','7','bodyPain_daily',''),(75,'In the last 24 hours, how many tablets of pain medication did your child take?','MCMADW','-1','PR_MA_PR',''),(76,'In the last 24 hours, how many tablets of your pain medication did you take?','MCMADW','-1','PR_MA_Chld',''),(77,'Over the last 7 days, I missed ____  school days.','MCSA','8','CAT_Adlt',''),(78,'I missed school because of','MCMA','9','CAT_Adlt',''),(79,'I left school early ____ times.','MCSA','8','CAT_Adlt',''),(80,'I left school early because of ','MCMA','9','CAT_Adlt',''),(81,'I needed to go to the emergency room for pain _____ times','MCSA','8','CAT_Adlt',''),(82,'In the last 24 hours, how many tablets of your pain medication did you take?','MCMADW','-1','PR_MA_Adlt',''),(83,'In the last 24 hours, how many doses of hydroxyurea did you take?','MCSA','10','PR_MA_Adlt',''),(84,'In the last 24 hours,did you take your prescribed medication (except hydroxyurea)?','MCSA','11','PR_MA_Adlt',''),(85,'In the last 24 hours,did you take your prescribed medication ?','MCSA','11','PR_MA_Adlt',''),(86,'In the last 24 hours, how many doses of hydroxyurea did your child take?','MCSA','10','PR_MA_PR',''),(87,'In the last 24 hours,did your child take the prescribed medication (except hydroxyurea)?','MCSA','11','PR_MA_PR',''),(88,'In the last 24 hours,did your child take the prescribed medication ?','MCSA','11','PR_MA_PR',''),(89,'In the last 24 hours, how many doses of hydroxyurea did you take?','MCSA','10','PR_MA_Chld',''),(90,'In the last 24 hours,did your child take the prescribed medication (except hydroxyurea)?','MCSA','11','PR_MA_Chld',''),(91,'In the last 24 hours,did your child take the prescribed medication ?','MCSA','11','PR_MA_Chld',''),(92,'In the last week, in which parts of the body did you feel pain ? (Part 1/2)','MCMA','12','bodyPain_weekly',' '),(93,'In the last week, in which parts of the body did you feel pain ? (Part 2/2)','MCMA','13','bodyPain_weekly',' '),(94,'Over the last 7 days, I missed ____  school days.','MCSA','8','CAT_Chld',''),(95,'I missed school because of','MCMA','9','CAT_Chld',''),(96,'I left school early ____ times.','MCSA','8','CAT_Chld',''),(97,'I left school early because of ','MCMA','9','CAT_Chld',''),(98,'I needed to go to the emergency room for pain _____ times','MCSA','8','CAT_Chld',''),(99,'Over the last 7 days, Your child missed ____  school days.','MCSA','8','CAT_PR',''),(100,'Your child missed school because of','MCMA','9','CAT_PR',''),(101,'Your child left school early ____ times.','MCSA','8','CAT_PR',''),(102,'Your child  left school early because of ','MCMA','9','CAT_PR',''),(103,'Your child needed to go to the emergency room for pain _____ times','MCSA','8','CAT_PR','');
/*!40000 ALTER TABLE `questions` ENABLE KEYS */;
UNLOCK TABLES;

--
-- Table structure for table `stage`
--

DROP TABLE IF EXISTS `stage`;
/*!40101 SET @saved_cs_client     = @@character_set_client */;
/*!40101 SET character_set_client = utf8 */;
CREATE TABLE `stage` (
  `StageId` char(36) NOT NULL,
  `Name` varchar(255) NOT NULL,
  `CreatedAt` datetime NOT NULL,
  `UpdatedAt` datetime NOT NULL,
  `DeletedAt` datetime DEFAULT NULL,
  `TrialId` char(36) NOT NULL,
  PRIMARY KEY (`StageId`,`TrialId`),
  KEY `stage_ibfk_1` (`TrialId`),
  CONSTRAINT `stage_ibfk_1` FOREIGN KEY (`TrialId`) REFERENCES `trial` (`TrialId`) ON DELETE CASCADE ON UPDATE CASCADE
) ENGINE=InnoDB DEFAULT CHARSET=utf8;
/*!40101 SET character_set_client = @saved_cs_client */;

--
-- Dumping data for table `stage`
--

LOCK TABLES `stage` WRITE;
/*!40000 ALTER TABLE `stage` DISABLE KEYS */;
INSERT INTO `stage` VALUES ('1','sickle cell weekly','2016-05-18 21:15:56','2016-05-18 21:15:56',NULL,'2');
/*!40000 ALTER TABLE `stage` ENABLE KEYS */;
UNLOCK TABLES;

--
-- Table structure for table `survey_block`
--

DROP TABLE IF EXISTS `survey_block`;
/*!40101 SET @saved_cs_client     = @@character_set_client */;
/*!40101 SET character_set_client = utf8 */;
CREATE TABLE `survey_block` (
  `SurveyBlockId` char(36) NOT NULL,
  `SurveyBlockName` varchar(256) NOT NULL,
  `ActivityIdFk` varchar(256) DEFAULT NULL,
  `type` varchar(256) NOT NULL,
  PRIMARY KEY (`SurveyBlockId`),
  KEY `ActivityIdFk` (`ActivityIdFk`(255))
) ENGINE=InnoDB DEFAULT CHARSET=utf8;
/*!40101 SET character_set_client = @saved_cs_client */;

--
-- Dumping data for table `survey_block`
--

LOCK TABLES `survey_block` WRITE;
/*!40000 ALTER TABLE `survey_block` DISABLE KEYS */;
INSERT INTO `survey_block` VALUES ('CAT_Adlt','Computer Adaptive Testing','CAT','Adult'),('CAT_Chld','Computer Adaptive Testing','CAT','Child'),('CAT_PR','Computer Adaptive Testing','CAT','parent_proxy'),('PR_Anxiety_Adlt','Anxiety','PR_Anxiety','Adult'),('PR_Anxiety_Chld','Anxiety','PR_Anxiety','Child'),('PR_Anxiety_PR','Anxiety','PR_Anxiety','parent_proxy'),('PR_Fatigue_Adlt','Fatigue','PR_Fatigue','Adult'),('PR_Fatigue_Chld','Fatigue','PR_Fatigue','Child'),('PR_Fatigue_PR','Fatigue','PR_Fatigue','parent_proxy'),('PR_MA_Adlt','Medical Adherence','MA','Adult'),('PR_MA_Chld','Medical Adherance','MA','Child'),('PR_MA_PR','Medical Adherance','MA','parent_proxy'),('PR_PainInt_Adlt','Pain Interference','PR_PainInt','Adult'),('PR_PainInt_Chld','Pain Interference','PR_PainInt','Child'),('PR_PainInt_PR','Pain Interference','PR_PainInt','parent_proxy'),('PR_PhyFuncMob_Adlt','Physical Function','PR_PhysFuncMob','Adult'),('PR_PhyFuncMob_Chld','Physical Function','PR_PhysFuncMob','Child'),('PR_PhyFuncMob_PR','Physical Function','PR_PhysFuncMob','parent_proxy');
/*!40000 ALTER TABLE `survey_block` ENABLE KEYS */;
UNLOCK TABLES;

--
-- Table structure for table `trial`
--

DROP TABLE IF EXISTS `trial`;
/*!40101 SET @saved_cs_client     = @@character_set_client */;
/*!40101 SET character_set_client = utf8 */;
CREATE TABLE `trial` (
  `TrialId` char(36) NOT NULL,
  `Name` varchar(255) NOT NULL,
  `Description` varchar(255) DEFAULT NULL,
  `IRBID` varchar(255) NOT NULL,
  `IRBStart` datetime NOT NULL,
  `IRBEnd` datetime NOT NULL,
  `TargetCount` int(11) NOT NULL,
  `PatientPinCounter` int(11) NOT NULL DEFAULT '0',
  `CreatedAt` datetime NOT NULL,
  `UpdatedAt` datetime DEFAULT NULL,
  `DeletedAt` datetime DEFAULT NULL,
  `Duration` int(11) DEFAULT NULL,
  PRIMARY KEY (`TrialId`)
) ENGINE=InnoDB DEFAULT CHARSET=utf8;
/*!40101 SET character_set_client = @saved_cs_client */;

--
-- Dumping data for table `trial`
--

LOCK TABLES `trial` WRITE;
/*!40000 ALTER TABLE `trial` DISABLE KEYS */;
INSERT INTO `trial` VALUES ('2','Sickle Cell','Weekly Survey for Sickle Cell Disease pain','scd01','2015-11-09 09:29:38','2016-12-25 09:29:38',100,16,'2016-05-18 21:15:56','2016-05-31 21:12:26',NULL,6);
/*!40000 ALTER TABLE `trial` ENABLE KEYS */;
UNLOCK TABLES;

--
-- Table structure for table `ui_logger`
--

DROP TABLE IF EXISTS `ui_logger`;
/*!40101 SET @saved_cs_client     = @@character_set_client */;
/*!40101 SET character_set_client = utf8 */;
CREATE TABLE `ui_logger` (
  `Id` int(11) NOT NULL AUTO_INCREMENT,
  `CreatedAt` datetime DEFAULT NULL,
  `PatientPinFK` varchar(5) NOT NULL,
  `EventName` varchar(255) NOT NULL,
  `MetaData` varchar(255) DEFAULT NULL,
  `EventTime` datetime DEFAULT NULL,
  PRIMARY KEY (`Id`),
  KEY `PatientPinFK` (`PatientPinFK`),
  CONSTRAINT `ui_logger_fk_1` FOREIGN KEY (`PatientPinFK`) REFERENCES `patients` (`PatientPin`) ON UPDATE CASCADE
) ENGINE=InnoDB AUTO_INCREMENT=1029 DEFAULT CHARSET=utf8;
/*!40101 SET character_set_client = @saved_cs_client */;

--
-- Dumping data for table `ui_logger`
--

LOCK TABLES `ui_logger` WRITE;
/*!40000 ALTER TABLE `ui_logger` DISABLE KEYS */;
INSERT INTO `ui_logger` VALUES (1006,'2016-12-02 23:28:58','2001','scheduledactivity_call','{}','2016-12-02 23:27:24'),(1007,'2016-12-02 23:28:58','2001','scheduledactivity_call_success','{\"activityCount\":0,\"message\":\"You don\'t have any activities due at this time. Please check again later.\"}','2016-12-02 23:27:25'),(1008,'2016-12-02 23:28:58','2001','scheduledactivity_call','{}','2016-12-02 23:27:36'),(1009,'2016-12-02 23:28:58','2001','scheduledactivity_call_success','{\"activityCount\":0,\"message\":\"You don\'t have any activities due at this time. Please check again later.\"}','2016-12-02 23:27:36'),(1010,'2016-12-02 23:28:58','2001','scheduledactivity_call','{}','2016-12-02 23:28:34'),(1011,'2016-12-02 23:28:58','2001','scheduledactivity_call_success','{\"activityCount\":1}','2016-12-02 23:28:34'),(1012,'2016-12-02 23:28:58','2001','activityinstance_call','{\"activityInstanceId\":\"182\"}','2016-12-02 23:28:36'),(1013,'2016-12-02 23:28:58','2001','activityinstance_call_success','{\"activityInstanceTitle\":\"Sickle Cell Daily Survey\",\"activityInstanceId\":\"182\"}','2016-12-02 23:28:36'),(1014,'2016-12-02 23:28:58','2001','answer_option_selected','{\"qid\":\"74\",\"aid\":\"{\\\"location\\\":\\\"No Pain\\\",\\\"intensity\\\":\\\"0\\\"}\",\"sid\":\"182\"}','2016-12-02 23:28:38'),(1015,'2016-12-02 23:28:58','2001','next_btn_click','{\"qid\":\"74\",\"sid\":\"182\"}','2016-12-02 23:28:40'),(1016,'2016-12-02 23:28:58','2001','answer_option_selected','{\"qid\":\"82\",\"aid\":\"{}\",\"sid\":\"182\"}','2016-12-02 23:28:40'),(1017,'2016-12-02 23:28:58','2001','answer_option_selected','{\"qid\":\"82\",\"aid\":\"{\\\"76\\\":\\\"1\\\"}\",\"sid\":\"182\"}','2016-12-02 23:28:42'),(1018,'2016-12-02 23:28:58','2001','answer_option_selected','{\"qid\":\"82\",\"aid\":\"{\\\"76\\\":\\\"1\\\",\\\"77\\\":\\\"1*\\\"}\",\"sid\":\"182\"}','2016-12-02 23:28:43'),(1019,'2016-12-02 23:28:58','2001','answer_option_selected','{\"qid\":\"82\",\"aid\":\"{\\\"76\\\":\\\"1\\\",\\\"77\\\":\\\"1*\\\",\\\"78\\\":\\\"0\\\"}\",\"sid\":\"182\"}','2016-12-02 23:28:44'),(1020,'2016-12-02 23:28:58','2001','answer_option_selected','{\"qid\":\"82\",\"aid\":\"{\\\"76\\\":\\\"1\\\",\\\"77\\\":\\\"1*\\\",\\\"78\\\":\\\"0\\\",\\\"79\\\":\\\"3\\\"}\",\"sid\":\"182\"}','2016-12-02 23:28:46'),(1021,'2016-12-02 23:28:58','2001','answer_option_selected','{\"qid\":\"82\",\"aid\":\"{\\\"76\\\":\\\"1\\\",\\\"77\\\":\\\"1*\\\",\\\"78\\\":\\\"0\\\",\\\"79\\\":\\\"3\\\"}\",\"sid\":\"182\"}','2016-12-02 23:28:46'),(1022,'2016-12-02 23:28:58','2001','next_btn_click','{\"qid\":\"82\",\"sid\":\"182\"}','2016-12-02 23:28:46'),(1023,'2016-12-02 23:28:58','2001','answer_option_selected','{\"qid\":\"83\",\"aid\":37,\"sid\":\"182\"}','2016-12-02 23:28:47'),(1024,'2016-12-02 23:28:58','2001','next_btn_click','{\"qid\":\"83\",\"sid\":\"182\"}','2016-12-02 23:28:48'),(1025,'2016-12-02 23:28:58','2001','answer_option_selected','{\"qid\":\"84\",\"aid\":75,\"sid\":\"182\"}','2016-12-02 23:28:48'),(1026,'2016-12-02 23:28:58','2001','next_btn_click','{\"qid\":\"84\",\"sid\":\"182\"}','2016-12-02 23:28:49'),(1027,'2016-12-02 23:28:58','2001','activityinstanceresult_call','{\"sid\":\"182\"}','2016-12-02 23:28:57'),(1028,'2016-12-02 23:28:58','2001','activityinstanceresult_call_success','{\"message\":\"SUCCESS\",\"sid\":\"182\"}','2016-12-02 23:28:58');
/*!40000 ALTER TABLE `ui_logger` ENABLE KEYS */;
UNLOCK TABLES;
--
-- Table structure for table `apptoapiversion`
--

DROP TABLE IF EXISTS `apptoapiversion`;
/*!40101 SET @saved_cs_client     = @@character_set_client */;
/*!40101 SET character_set_client = utf8 */;
CREATE TABLE `apptoapiversion` (
  `appversion` varchar(50) NOT NULL,
  `apiversion` varchar(50) DEFAULT NULL,
  PRIMARY KEY (`appversion`)
) ENGINE=InnoDB DEFAULT CHARSET=utf8;
/*!40101 SET character_set_client = @saved_cs_client */;

--
-- Dumping data for table `apptoapiversion`
--

LOCK TABLES `apptoapiversion` WRITE;
/*!40000 ALTER TABLE `apptoapiversion` DISABLE KEYS */;
INSERT INTO `apptoapiversion` VALUES ('2-1.1.11072016-2-3.0-Android','apiv31'),('2-1.1.11072016-2-3.0-ios','apiv31');
/*!40000 ALTER TABLE `apptoapiversion` ENABLE KEYS */;
UNLOCK TABLES;
/*!40103 SET TIME_ZONE=@OLD_TIME_ZONE */;

/*!40101 SET SQL_MODE=@OLD_SQL_MODE */;
/*!40014 SET FOREIGN_KEY_CHECKS=@OLD_FOREIGN_KEY_CHECKS */;
/*!40014 SET UNIQUE_CHECKS=@OLD_UNIQUE_CHECKS */;
/*!40101 SET CHARACTER_SET_CLIENT=@OLD_CHARACTER_SET_CLIENT */;
/*!40101 SET CHARACTER_SET_RESULTS=@OLD_CHARACTER_SET_RESULTS */;
/*!40101 SET COLLATION_CONNECTION=@OLD_COLLATION_CONNECTION */;
/*!40111 SET SQL_NOTES=@OLD_SQL_NOTES */;

-- Dump completed on 2016-12-05 15:20:41
