-- MySQL dump 10.13  Distrib 5.7.12, for osx10.11 (x86_64)
--
-- Host: localhost    Database: BT_API_S19
-- ------------------------------------------------------
-- Server version	5.7.12

/*!40101 SET @OLD_CHARACTER_SET_CLIENT=@@CHARACTER_SET_CLIENT */;
/*!40101 SET @OLD_CHARACTER_SET_RESULTS=@@CHARACTER_SET_RESULTS */;
/*!40101 SET @OLD_COLLATION_CONNECTION=@@COLLATION_CONNECTION */;
/*!40101 SET NAMES utf8 */;
/*!40103 SET @OLD_TIME_ZONE=@@TIME_ZONE */;
/*!40103 SET TIME_ZONE='+00:00' */;
/*!40014 SET @OLD_UNIQUE_CHECKS=@@UNIQUE_CHECKS, UNIQUE_CHECKS=0 */;
/*!40014 SET @OLD_FOREIGN_KEY_CHECKS=@@FOREIGN_KEY_CHECKS, FOREIGN_KEY_CHECKS=0 */;
/*!40101 SET @OLD_SQL_MODE=@@SQL_MODE, SQL_MODE='NO_AUTO_VALUE_ON_ZERO' */;
/*!40111 SET @OLD_SQL_NOTES=@@SQL_NOTES, SQL_NOTES=0 */;

--
-- Table structure for table `activity`
--

DROP TABLE IF EXISTS `activity`;
/*!40101 SET @saved_cs_client     = @@character_set_client */;
/*!40101 SET character_set_client = utf8 */;
CREATE TABLE `activity` (
  `ActivityId` char(36) NOT NULL,
  `ActivityName` varchar(256) NOT NULL,
  `ActivityType` varchar(256) NOT NULL,
  `Description` varchar(256) DEFAULT NULL,
  `canonicalOrder` varchar(45) DEFAULT NULL,
  `metadata` varchar(256) DEFAULT NULL,
  `parameters` varchar(255) DEFAULT NULL,
  PRIMARY KEY (`ActivityId`)
) ENGINE=InnoDB DEFAULT CHARSET=utf8;
/*!40101 SET character_set_client = @saved_cs_client */;

--
-- Dumping data for table `activity`
--

LOCK TABLES `activity` WRITE;
/*!40000 ALTER TABLE `activity` DISABLE KEYS */;
INSERT INTO `activity` VALUES ('CA1','Container Activity','Parent Activity','parent activity containing the sub activity sequence','INTERLEAVE_ORDER',NULL,NULL),('CA2','Container Activity','Sub Parent Activity','activity containing survey template and game reminder','INTERLEAVE_ORDER','{\"defaulttime\": {\"duration\": \"48\",\"units\": \"hrs\"},\"mandatoryblocks\": [\"PI\", \"PR_PainInt\", \"PR_Anxiety\", \"PR_Fatigue\", \"PR_PhysFuncMob\", \"CAT\"],\"typeoFActivity\":\"Weekly\"}',NULL),('CA2_WITHOUT_PI','Container Activity','Sub Parent Activity','activity containing survey template and game reminder','INTERLEAVE_ORDER','{\"defaulttime\": {\"duration\": \"48\",\"units\": \"hrs\"},\"mandatoryblocks\": [\"PR_PainInt\", \"PR_Anxiety\", \"PR_Fatigue\", \"PR_PhysFuncMob\", \"CAT\"],\"typeoFActivity\":\"Weekly\"}',NULL),('CA3','Container Activity','Parent Activity','Parent activty for daily survey questions ','INTERLEAVE_ORDER','{\"defaulttime\": {\"duration\": \"24\",\"units\": \"hrs\"},\"mandatoryblocks\": [\"PI\", \"MA\"],\"typeoFActivity\":\"Daily\"}',NULL),('CA3_WITHOUT_PI','Container Activity','Parent Activity','Parent activty for daily survey questions ','INTERLEAVE_ORDER','{\"defaulttime\": {\"duration\": \"24\",\"units\": \"hrs\"},\"mandatoryblocks\": [\"MA\"],\"typeoFActivity\":\"Daily\"}',NULL),('CA4','demo activity','demo activity','question for demo activity survey','INTERLEAVE_ORDER','\"mandatory\": [\"PI\",\"PR_PainInt\",\"PR_Anxiety\"]',NULL),('CA5','Container Activity','Parent Activity','parent activity containing the sub activity sequence','INTERLEAVE_ORDER','{\"defaulttime\":{\"duration\":\"48\",\"units\":\"hrs\"},\"mandatoryblocks\": [\"PR_COGNITIVE\", \"PR_DEPRESSIVE\", \"PR_Anxiety\", \"PR_PEER_RELATIONSHIP\"],\"typeoFActivity\":\"Weekly\"}',NULL),('CAT','Computer Adaptive Testing','Computer Adaptive','questions for adaptive testing',NULL,NULL,NULL),('FINGERTAPPING','Finger Tapping','Epilepsy Task','Task for an epilepsy patient','','{\"defaulttime\":{\"duration\":\"48\",\"units\":\"hrs\"},\"mandatoryblocks\":[\"FINGERTAPPING\"],\"typeoFActivity\":\"Weekly\"}','{\"maxTrials\":\"10\",\"consecTrials\":\"5\",\"maxDiff\":\"5\",\"trialTime\":\"5\",\"twoHands\":\"true\"}'),('FLANKER','Flanker','Epilepsy Task','Task for the epilepsy patient',NULL,'{\"defaulttime\":{\"duration\":\"48\",\"units\":\"hrs\"},\"mandatoryblocks\":[\"FLANKER\"],\"typeoFActivity\":\"Weekly\"}','{\"noOfQuestions\":\"20\",\"pauseTime\":\"5\"}'),('MA','Medical Adherence','survey template','activity related to asking medical adherence questions','','{\"defaulttime\": {\"duration\": \"24\",\"units\": \"hrs\"},\"mandatoryblocks\": [\"MA\"],\"typeoFActivity\":\"Daily\"}',NULL),('PATTERNCOMPARISON','Pattern Comparison','Epilepsy Task','Task for the epilepsy patient',NULL,'{\"defaulttime\":{\"duration\":\"48\",\"units\":\"hrs\"},\"mandatoryblocks\":[\"PATTERNCOMPARISON\"],\"typeoFActivity\":\"Weekly\"}','{\"maxTime\":\"90\",\"newImages\":\"false\",\"numQuestions\":\"130\",\"ratio\":\"50\",\"bound\":\"5\"}'),('PI_DAILY','Daily Pain Intensity','Pain Intensity','question for pain intensity on body pain',NULL,NULL,NULL),('PI_WEEKLY','Weekly Pain Intensity','Pain Intensity','question for pain intensity on body pain',NULL,NULL,NULL),('PR_24SQ','Promis Survey Template','aggregated survey template','aggregative questions from the four survey template','RANDOM',NULL,NULL),('PR_2SQ','demo survey block','demo survey block','question for 2 survey block','RANDOM',NULL,NULL),('PR_4SQ','Daily Survey Template','aggregated survey template','aggregative questions from the four survey template','RANDOM','{\"defaulttime\":{\"duration\":\"48\",\"units\":\"hrs\"},\"mandatoryblocks\":[\"PR_COGNITIVE\",\"PR_DEPRESSIVE\",\"PR_PEER_RELATIONSHIP\",\"PR_Anxiety\"],\"typeoFActivity\":\"Weekly\"}',NULL),('PR_Adaptive','Adaptive Questions','Adaptive','Additional Adaptive questions for the survey',NULL,NULL,NULL),('PR_Anxiety','Anxiety','survey template','question for anxiety on the survey block','RANDOM',NULL,NULL),('PR_COGNITIVE','Cognitive','survey template for Epilepsy','question for cognitive on the survey block','RANDOM','NULL',NULL),('PR_DEPRESSIVE','Depressive','survey template for Depressive','question for Depressive on the survey block','RANDOM','NULL',NULL),('PR_Fatigue','Fatigue','survey template','question for fatigue on the survey block','RANDOM',NULL,NULL),('PR_PainInt','Pain Interference','survey template','question for pain interference on the survey block','RANDOM',NULL,NULL),('PR_PEER_RELATIONSHIP','Peer_Relationship','survey template for Peer relationship','question for Peer Relationship on the survey block','RANDOM','NULL',NULL),('PR_PhysFuncMob','Physical Function','survey template','question for physical function on the survey block','RANDOM',NULL,NULL),('SPATIALSPAN','Spatial Span','Epilepsy Task','Task for the epilepsy patient','','{\"defaulttime\":{\"duration\":\"48\",\"units\":\"hrs\"},\"mandatoryblocks\":[\"SPATIALSPAN\"],\"typeoFActivity\":\"Weekly\"}','{\"maxDifficulty\":\"10\",\"maxTrialCount\":\"2\",\"maxCorrectSoFar\":\"1\",\"lightUpTime\":\"2\",\"foo\":\"bar\"}');
/*!40000 ALTER TABLE `activity` ENABLE KEYS */;
UNLOCK TABLES;

--
-- Table structure for table `activity_instance`
--

DROP TABLE IF EXISTS `activity_instance`;
/*!40101 SET @saved_cs_client     = @@character_set_client */;
/*!40101 SET character_set_client = utf8 */;
CREATE TABLE `activity_instance` (
  `ActivityInstanceId` int(11) NOT NULL AUTO_INCREMENT,
  `StartTime` datetime NOT NULL,
  `EndTime` datetime NOT NULL,
  `UserSubmissionTime` datetime DEFAULT NULL,
  `ActualSubmissionTime` datetime DEFAULT NULL,
  `State` varchar(256) NOT NULL,
  `PatientPinFK` varchar(5) NOT NULL,
  `Sequence` varchar(2048) NOT NULL,
  `CreatedAt` datetime NOT NULL,
  `UpdatedAt` datetime DEFAULT NULL,
  `DeletedAt` datetime DEFAULT NULL,
  `activityTitle` varchar(45) NOT NULL,
  `description` varchar(100) NOT NULL,
  `parameters` varchar(255) DEFAULT NULL,
  PRIMARY KEY (`ActivityInstanceId`),
  KEY `PatientPinFK` (`PatientPinFK`),
  CONSTRAINT `activity_instance_ibfk_1` FOREIGN KEY (`PatientPinFK`) REFERENCES `patients` (`PatientPin`) ON UPDATE CASCADE
) ENGINE=InnoDB AUTO_INCREMENT=710 DEFAULT CHARSET=utf8;
/*!40101 SET character_set_client = @saved_cs_client */;

--
-- Dumping data for table `activity_instance`
--

LOCK TABLES `activity_instance` WRITE;
/*!40000 ALTER TABLE `activity_instance` DISABLE KEYS */;
INSERT INTO `activity_instance` VALUES (1,'2017-05-22 00:00:00','2017-05-28 23:59:59','2017-05-23 16:15:58','2017-05-23 16:15:27','completed','1001','{\"sequence\":[\"PATTERNCOMPARISON\"],\"parentactivity\":\"PATTERNCOMPARISON\"}','2017-05-22 13:37:20',NULL,NULL,'Pattern-Comparison','Weekly Activity To be completed for Epilepsy disease patients',NULL),(2,'2017-05-22 00:00:00','2017-05-28 23:59:59','2017-05-23 16:15:15','2017-05-23 16:14:44','completed','1001','{\"sequence\":[\"FINGERTAPPING\"],\"parentactivity\":\"FINGERTAPPING\"}','2017-05-22 13:37:20',NULL,NULL,'Finger-Tapping','Weekly Activity To be completed for Epilepsy disease patients',NULL),(3,'2017-05-22 00:00:00','2017-05-28 23:59:59','2017-05-23 16:14:39','2017-05-23 16:14:07','completed','1001','{\"sequence\":[\"SPATIALSPAN\"],\"parentactivity\":\"SPATIALSPAN\"}','2017-05-22 13:37:20',NULL,NULL,'Spatial-Span','Weekly Activity To be completed for Epilepsy disease patients',NULL),(4,'2017-05-22 00:00:00','2017-05-28 23:59:59','2017-05-22 23:31:09','2017-05-22 23:30:39','completed','1001','{\"sequence\":[\"FLANKER\"],\"parentactivity\":\"FLANKER\"}','2017-05-22 13:37:20',NULL,NULL,'Flanker-Test','Weekly Activity To be completed for Epilepsy disease patients',NULL),(6,'2017-05-29 00:00:00','2017-06-04 23:59:59','2017-05-29 11:23:50','2017-05-29 11:23:20','completed','1001','{\"sequence\":[\"PATTERNCOMPARISON\"],\"parentactivity\":\"PATTERNCOMPARISON\"}','2017-05-22 13:37:20',NULL,NULL,'Pattern-Comparison','Weekly Activity To be completed for Epilepsy disease patients',NULL),(7,'2017-05-29 00:00:00','2017-06-04 23:59:59','2017-05-29 11:19:53','2017-05-29 11:19:23','completed','1001','{\"sequence\":[\"FINGERTAPPING\"],\"parentactivity\":\"FINGERTAPPING\"}','2017-05-22 13:37:20',NULL,NULL,'Finger-Tapping','Weekly Activity To be completed for Epilepsy disease patients',NULL),(8,'2017-05-29 00:00:00','2017-06-04 23:59:59','2017-05-29 11:21:28','2017-05-29 11:20:58','completed','1001','{\"sequence\":[\"SPATIALSPAN\"],\"parentactivity\":\"SPATIALSPAN\"}','2017-05-22 13:37:20',NULL,NULL,'Spatial-Span','Weekly Activity To be completed for Epilepsy disease patients',NULL),(9,'2017-05-29 00:00:00','2019-06-04 23:59:59','2019-05-29 11:22:52','2017-05-29 11:22:22','completed','1001','{\"sequence\":[\"FLANKER\"],\"parentactivity\":\"FLANKER\"}','2017-05-22 13:37:20',NULL,NULL,'Flanker-Test','Weekly Activity To be completed for Epilepsy disease patients',NULL),(10,'2017-05-29 00:00:00','2017-06-04 23:59:59','2017-05-29 11:24:58','2017-05-29 11:24:28','completed','1001','{\"sequence\":[\"PI_WEEKLY\",\"PR_Fatigue\",\"PR_PhysFuncMob\",\"PR_PainInt\",\"PR_Anxiety\",\"CAT\"],\"parentactivity\":\"CA2\"}','2017-05-22 13:37:20',NULL,NULL,'Epilepsy Weekly Survey','Weekly Activity To be completed for Epilepsy disease patients',NULL),(21,'2017-05-22 00:00:00','2017-05-28 23:59:59','2017-05-28 01:02:45','2017-05-28 01:02:22','completed','1002','{\"sequence\":[\"PATTERNCOMPARISON\"],\"parentactivity\":\"PATTERNCOMPARISON\"}','2017-05-22 13:37:20',NULL,NULL,'Pattern-Comparison','Weekly Activity To be completed for Epilepsy disease patients',NULL),(24,'2017-05-22 00:00:00','2017-05-28 23:59:59','2017-05-24 00:35:30','2017-05-24 00:34:58','completed','1002','{\"sequence\":[\"FLANKER\"],\"parentactivity\":\"FLANKER\"}','2017-05-22 13:37:20',NULL,NULL,'Flanker-Test','Weekly Activity To be completed for Epilepsy disease patients',NULL),(25,'2017-05-22 00:00:00','2017-05-28 23:59:59','2017-05-28 00:40:19','2017-05-28 00:39:55','completed','1002','{\"sequence\":[\"PI_WEEKLY\",\"PR_Fatigue\",\"PR_PhysFuncMob\",\"PR_PainInt\",\"PR_Anxiety\",\"CAT\"],\"parentactivity\":\"CA2\"}','2017-05-22 13:37:20',NULL,NULL,'Epilepsy Weekly Survey','Weekly Activity To be completed for Epilepsy disease patients',NULL),(26,'2017-05-29 00:00:00','2017-06-04 23:59:59','2017-05-29 10:53:51','2017-05-29 10:53:37','completed','1002','{\"sequence\":[\"PATTERNCOMPARISON\"],\"parentactivity\":\"PATTERNCOMPARISON\"}','2017-05-22 13:37:20',NULL,NULL,'Pattern-Comparison','Weekly Activity To be completed for Epilepsy disease patients',NULL),(27,'2017-05-29 00:00:00','2017-06-04 23:59:59','2017-05-29 10:57:04','2017-05-29 10:56:50','completed','1002','{\"sequence\":[\"FINGERTAPPING\"],\"parentactivity\":\"FINGERTAPPING\"}','2017-05-22 13:37:20',NULL,NULL,'Finger-Tapping','Weekly Activity To be completed for Epilepsy disease patients',NULL),(28,'2017-05-29 00:00:00','2017-06-04 23:59:59','2017-05-29 10:56:21','2017-05-29 10:56:07','completed','1002','{\"sequence\":[\"SPATIALSPAN\"],\"parentactivity\":\"SPATIALSPAN\"}','2017-05-22 13:37:20',NULL,NULL,'Spatial-Span','Weekly Activity To be completed for Epilepsy disease patients',NULL),(29,'2017-05-29 00:00:00','2017-06-04 23:59:59','2017-05-29 10:54:42','2017-05-29 10:54:28','completed','1002','{\"sequence\":[\"FLANKER\"],\"parentactivity\":\"FLANKER\"}','2017-05-22 13:37:20',NULL,NULL,'Flanker-Test','Weekly Activity To be completed for Epilepsy disease patients',NULL),(41,'2017-05-22 00:00:00','2017-05-28 23:59:59','2017-05-23 09:44:35','2017-05-23 09:44:01','completed','1003','{\"sequence\":[\"PATTERNCOMPARISON\"],\"parentactivity\":\"PATTERNCOMPARISON\"}','2017-05-22 13:37:20',NULL,NULL,'Pattern-Comparison','Weekly Activity To be completed for Epilepsy disease patients',NULL),(42,'2017-05-22 00:00:00','2017-05-28 23:59:59','2017-05-23 09:43:42','2017-05-23 09:43:07','completed','1003','{\"sequence\":[\"FINGERTAPPING\"],\"parentactivity\":\"FINGERTAPPING\"}','2017-05-22 13:37:20',NULL,NULL,'Finger-Tapping','Weekly Activity To be completed for Epilepsy disease patients',NULL),(43,'2017-05-22 00:00:00','2017-05-28 23:59:59',NULL,NULL,'in progress','1003','{\"sequence\":[\"SPATIALSPAN\"],\"parentactivity\":\"SPATIALSPAN\"}','2017-05-22 13:37:20',NULL,NULL,'Spatial-Span','Weekly Activity To be completed for Epilepsy disease patients',NULL),(44,'2017-05-22 00:00:00','2017-05-28 23:59:59','2017-05-23 09:42:55','2017-05-23 09:42:21','completed','1003','{\"sequence\":[\"FLANKER\"],\"parentactivity\":\"FLANKER\"}','2017-05-22 13:37:20',NULL,NULL,'Flanker-Test','Weekly Activity To be completed for Epilepsy disease patients',NULL),(46,'2017-05-29 00:00:00','2017-06-04 23:59:59','2017-05-29 11:04:44','2017-05-29 11:04:31','completed','1003','{\"sequence\":[\"PATTERNCOMPARISON\"],\"parentactivity\":\"PATTERNCOMPARISON\"}','2017-05-22 13:37:20',NULL,NULL,'Pattern-Comparison','Weekly Activity To be completed for Epilepsy disease patients',NULL),(47,'2017-05-29 00:00:00','2017-06-04 23:59:59','2017-05-29 11:01:52','2017-05-29 11:01:39','completed','1003','{\"sequence\":[\"FINGERTAPPING\"],\"parentactivity\":\"FINGERTAPPING\"}','2017-05-22 13:37:20',NULL,NULL,'Finger-Tapping','Weekly Activity To be completed for Epilepsy disease patients',NULL),(48,'2017-05-29 00:00:00','2017-06-04 23:59:59','2017-05-29 11:03:30','2017-05-29 11:03:17','completed','1003','{\"sequence\":[\"SPATIALSPAN\"],\"parentactivity\":\"SPATIALSPAN\"}','2017-05-22 13:37:20',NULL,NULL,'Spatial-Span','Weekly Activity To be completed for Epilepsy disease patients',NULL),(49,'2017-05-29 00:00:00','2017-06-04 23:59:59','2017-05-29 11:01:11','2017-05-29 11:00:58','completed','1003','{\"sequence\":[\"FLANKER\"],\"parentactivity\":\"FLANKER\"}','2017-05-22 13:37:20',NULL,NULL,'Flanker-Test','Weekly Activity To be completed for Epilepsy disease patients',NULL),(62,'2017-05-23 10:13:21','2017-05-25 04:59:00','2017-05-23 19:41:22','2017-05-23 19:40:43','completed','1003','{\"sequence\":[\"FLANKER\"],\"parentactivity\":\"FLANKER\"}','2017-05-23 10:12:21',NULL,NULL,'Flanker-Test','Weekly Activity To be completed for Epilepsy disease patients',NULL),(63,'2017-05-23 10:13:32','2017-05-25 04:59:00','2017-05-23 19:45:33','2017-05-23 19:44:55','completed','1003','{\"sequence\":[\"PATTERNCOMPARISON\"],\"parentactivity\":\"PATTERNCOMPARISON\"}','2017-05-23 10:12:32',NULL,NULL,'Pattern-Comparison','Weekly Activity To be completed for Epilepsy disease patients',NULL),(86,'2017-05-24 00:00:00','2017-05-30 23:59:59','2017-05-28 01:09:12','2017-05-28 01:08:42','completed','1004','{\"sequence\":[\"SPATIALSPAN\"],\"parentactivity\":\"SPATIALSPAN\"}','2017-05-24 13:37:20',NULL,NULL,'Spatial-Span','Weekly Activity To be completed for Epilepsy disease patients',NULL),(87,'2017-05-24 00:00:00','2017-05-30 23:59:59','2017-05-28 01:09:56','2017-05-28 01:09:26','completed','1004','{\"sequence\":[\"FLANKER\"],\"parentactivity\":\"FLANKER\"}','2017-05-24 13:37:20',NULL,NULL,'Flanker-Test','Weekly Activity To be completed for Epilepsy disease patients',NULL),(88,'2017-05-24 00:00:00','2017-05-30 23:59:59','2017-05-30 12:13:57','2017-05-30 12:13:42','completed','1004','{\"sequence\":[\"PI_WEEKLY\",\"PR_Fatigue\",\"PR_PhysFuncMob\",\"PR_PainInt\",\"PR_Anxiety\",\"CAT\"],\"parentactivity\":\"CA2\"}','2017-05-24 13:37:20',NULL,NULL,'Epilepsy Weekly Survey','Weekly Activity To be completed for Epilepsy disease patients',NULL),(89,'2017-05-31 00:00:00','2017-06-06 23:59:59','2017-06-01 10:31:19','2017-06-01 10:30:46','completed','1004','{\"sequence\":[\"PATTERNCOMPARISON\"],\"parentactivity\":\"PATTERNCOMPARISON\"}','2017-05-24 13:37:20',NULL,NULL,'Pattern-Comparison','Weekly Activity To be completed for Epilepsy disease patients',NULL),(90,'2017-05-31 00:00:00','2017-06-06 23:59:59','2017-06-01 10:32:38','2017-06-01 10:32:06','completed','1004','{\"sequence\":[\"FINGERTAPPING\"],\"parentactivity\":\"FINGERTAPPING\"}','2017-05-24 13:37:20',NULL,NULL,'Finger-Tapping','Weekly Activity To be completed for Epilepsy disease patients',NULL),(91,'2017-05-31 00:00:00','2017-06-06 23:59:59','2017-06-01 10:34:10','2017-06-01 10:33:38','completed','1004','{\"sequence\":[\"SPATIALSPAN\"],\"parentactivity\":\"SPATIALSPAN\"}','2017-05-24 13:37:20',NULL,NULL,'Spatial-Span','Weekly Activity To be completed for Epilepsy disease patients',NULL),(92,'2017-05-31 00:00:00','2017-06-06 23:59:59','2017-06-01 10:30:16','2017-06-01 10:29:43','completed','1004','{\"sequence\":[\"FLANKER\"],\"parentactivity\":\"FLANKER\"}','2017-05-24 13:37:20',NULL,NULL,'Flanker-Test','Weekly Activity To be completed for Epilepsy disease patients',NULL),(93,'2017-05-31 00:00:00','2017-06-06 23:59:59',NULL,NULL,'in progress','1004','{\"sequence\":[\"PI_WEEKLY\",\"PR_Fatigue\",\"PR_PhysFuncMob\",\"PR_PainInt\",\"PR_Anxiety\",\"CAT\"],\"parentactivity\":\"CA2\"}','2017-05-24 13:37:20',NULL,NULL,'Epilepsy Weekly Survey','Weekly Activity To be completed for Epilepsy disease patients',NULL),(149,'2017-05-30 07:00:00','2017-06-05 23:59:59',NULL,NULL,'in progress','1007','{\"sequence\":[\"PR_COGNITIVE\",\"PR_DEPRESSIVE\",\"PR_PEER_RELATIONSHIP\",\"PR_Anxiety\"],\"parentactivity\":\"CA5\"}','2017-05-30 22:39:45','2017-05-30 22:39:45',NULL,'Epilepsy Weekly Survey','Weekly Activity for Epilepsy Patients',NULL),(167,'2017-05-30 07:00:00','2017-06-05 23:59:59',NULL,NULL,'in progress','1008','{\"sequence\":[\"SPATIALSPAN\"],\"parentactivity\":\"SPATIALSPAN\"}','2017-05-31 01:04:35','2017-05-31 01:04:35',NULL,'Spatial-Span','Weekly Activity for Epilepsy Patients',NULL),(185,'2017-05-30 18:14:34','2017-06-01 04:59:00','2017-05-30 18:18:23','2017-05-30 18:17:54','completed','1008','{\"sequence\":[\"PR_COGNITIVE\",\"PR_PEER_RELATIONSHIP\",\"PR_DEPRESSIVE\",\"PR_ANXIETY\",\"FINGERTAPPING\",\"FLANKER\",\"PATTERNCOMPARISON\",\"SPATIALSPAN\"],\"parentactivity\":\"CA5\"}','2017-05-30 18:13:34',NULL,NULL,'Epilepsy Weekly Survey','Weekly Activity To be completed for Epilepsy disease patients',NULL),(186,'2017-05-30 18:23:34','2017-06-01 04:59:00',NULL,NULL,'completed','1008','{\"sequence\":[\"PR_ANXIETY\",\"PR_DEPRESSIVE\",\"PR_PEER_RELATIONSHIP\",\"PR_COGNITIVE\",\"FINGERTAPPING\",\"FLANKER\",\"PATTERNCOMPARISON\",\"SPATIALSPAN\"],\"parentactivity\":\"CA5\"}','2017-05-30 18:22:34',NULL,NULL,'Epilepsy Weekly Survey','Weekly Activity To be completed for Epilepsy disease patients',NULL),(187,'2017-05-29 00:00:00','2017-06-04 23:59:59','2017-05-29 11:24:58','2017-05-29 11:24:28','completed','1008','{\"sequence\":[\"PR_COGNITIVE\",\"PR_DEPRESSIVE\",\"PR_PEER_RELATIONSHIP\",\"PR_Anxiety\"],\"parentactivity\":\"CA5\"}','2017-05-22 13:37:20',NULL,NULL,'Epilepsy Weekly Survey','Weekly Activity To be completed for Epilepsy disease patients',NULL),(188,'2017-05-30 19:34:31','2017-06-01 04:59:00','2017-05-30 19:36:56','2017-05-30 19:36:26','completed','1008','{\"sequence\":[\"PR_PEER_RELATIONSHIP\",\"PR_COGNITIVE\",\"PR_Anxiety\",\"PR_DEPRESSIVE\"],\"parentactivity\":\"PR_4SQ\"}','2017-05-30 19:33:31',NULL,NULL,'Epilepsy Weekly Survey','Weekly Activity To be completed for Epilepsy disease patients',NULL),(209,'2017-05-30 19:46:11','2017-06-01 04:59:00','2017-05-30 19:48:02','2017-05-30 19:47:33','completed','1009','{\"sequence\":[\"PR_DEPRESSIVE\",\"PR_COGNITIVE\",\"PR_Anxiety\",\"PR_PEER_RELATIONSHIP\"],\"parentactivity\":\"PR_4SQ\"}','2017-05-30 19:45:11',NULL,NULL,'Epilepsy Weekly Survey','Weekly Activity To be completed for Epilepsy disease patients',NULL),(210,'2017-05-31 20:05:58','2017-06-02 04:59:00','2017-05-31 20:30:40','2017-05-31 20:30:10','completed','1009','{\"sequence\":[\"PR_PEER_RELATIONSHIP\",\"PR_DEPRESSIVE\",\"PR_Anxiety\",\"PR_COGNITIVE\"],\"parentactivity\":\"PR_4SQ\"}','2017-05-31 20:04:58',NULL,NULL,'Epilepsy Weekly Survey','Weekly Activity To be completed for Epilepsy disease patients',NULL),(211,'2017-05-31 20:05:58','2017-06-02 04:59:00','2017-05-31 20:33:24','2017-05-31 20:32:54','completed','1009','{\"sequence\":[\"PR_Anxiety\",\"PR_PEER_RELATIONSHIP\",\"PR_DEPRESSIVE\",\"PR_COGNITIVE\"],\"parentactivity\":\"PR_4SQ\"}','2017-05-31 20:04:58',NULL,NULL,'Epilepsy Weekly Survey','Weekly Activity To be completed for Epilepsy disease patients',NULL),(212,'2017-05-31 20:18:43','2017-06-02 04:59:00','2017-05-31 20:31:54','2017-05-31 20:31:24','completed','1009','{\"sequence\":[\"PR_PEER_RELATIONSHIP\",\"PR_COGNITIVE\",\"PR_DEPRESSIVE\",\"PR_Anxiety\"],\"parentactivity\":\"PR_4SQ\"}','2017-05-31 20:17:43',NULL,NULL,'Epilepsy Weekly Survey','Weekly Activity To be completed for Epilepsy disease patients',NULL),(213,'2017-05-31 00:00:00','2017-06-06 23:59:59','2017-05-31 20:39:18','2017-05-31 20:39:03','completed','1010','{\"sequence\":[\"PATTERNCOMPARISON\"],\"parentactivity\":\"PATTERNCOMPARISON\"}','2017-06-01 03:33:55','2017-06-01 03:33:55',NULL,'Pattern-Comparison','Weekly Activity for Epilepsy Patients',NULL),(214,'2017-05-31 00:00:00','2017-06-06 23:59:59','2017-05-31 20:36:47','2017-05-31 20:36:33','completed','1010','{\"sequence\":[\"FINGERTAPPING\"],\"parentactivity\":\"FINGERTAPPING\"}','2017-06-01 03:33:55','2017-06-01 03:33:55',NULL,'Finger-Tapping','Weekly Activity for Epilepsy Patients',NULL),(215,'2017-05-31 00:00:00','2017-06-06 23:59:59','2017-05-31 20:38:33','2017-05-31 20:38:18','completed','1010','{\"sequence\":[\"SPATIALSPAN\"],\"parentactivity\":\"SPATIALSPAN\"}','2017-06-01 03:33:55','2017-06-01 03:33:55',NULL,'Spatial-Span','Weekly Activity for Epilepsy Patients',NULL),(216,'2017-05-31 00:00:00','2017-06-06 23:59:59','2017-05-31 20:36:13','2017-05-31 20:35:58','completed','1010','{\"sequence\":[\"FLANKER\"],\"parentactivity\":\"FLANKER\"}','2017-06-01 03:33:55','2017-06-01 03:33:55',NULL,'Flanker-Test','Weekly Activity for Epilepsy Patients',NULL),(217,'2017-05-31 00:00:00','2017-06-06 23:59:59',NULL,NULL,'in progress','1010','{\"sequence\":[\"PI_WEEKLY\",\"PR_Fatigue\",\"PR_PhysFuncMob\",\"PR_PainInt\",\"PR_Anxiety\",\"CAT\"],\"parentactivity\":\"CA2\"}','2017-06-01 03:33:55','2017-06-01 03:33:55',NULL,'Epilepsy Weekly Survey','Weekly Activity for Epilepsy Patients',NULL),(233,'2017-05-31 20:45:03','2017-06-02 04:59:00','2017-05-31 20:46:48','2017-05-31 20:46:34','completed','1009','{\"sequence\":[\"PR_COGNITIVE\",\"PR_Anxiety\",\"PR_PEER_RELATIONSHIP\",\"PR_DEPRESSIVE\"],\"parentactivity\":\"PR_4SQ\"}','2017-05-31 20:44:03',NULL,NULL,'Epilepsy Weekly Survey','Weekly Activity To be completed for Epilepsy disease patients',NULL),(234,'2017-06-01 06:04:26','2017-06-03 04:59:00','2017-06-01 06:11:57','2017-06-01 06:11:42','completed','1009','{\"sequence\":[\"PR_Anxiety\",\"PR_DEPRESSIVE\",\"PR_COGNITIVE\",\"PR_PEER_RELATIONSHIP\"],\"parentactivity\":\"PR_4SQ\"}','2017-06-01 06:03:26',NULL,NULL,'Epilepsy Weekly Survey','Weekly Activity To be completed for Epilepsy disease patients',NULL),(235,'2017-06-01 06:13:48','2017-06-03 04:59:00','2017-06-01 10:41:01','2017-06-01 10:40:31','completed','1009','{\"sequence\":[\"PR_DEPRESSIVE\",\"PR_PEER_RELATIONSHIP\",\"PR_COGNITIVE\",\"PR_Anxiety\"],\"parentactivity\":\"PR_4SQ\"}','2017-06-01 06:12:48',NULL,NULL,'Epilepsy Weekly Survey','Weekly Activity To be completed for Epilepsy disease patients',NULL),(278,'2017-06-09 07:00:00','2017-06-15 23:59:59','2017-06-09 12:32:43','2017-06-09 12:32:12','completed','1013','{\"sequence\":[\"PATTERNCOMPARISON\"],\"parentactivity\":\"PATTERNCOMPARISON\"}','2017-06-09 18:06:49','2017-06-09 18:06:49',NULL,'Pattern-Comparison','Weekly Activity for Epilepsy Patients',NULL),(279,'2017-06-09 07:00:00','2017-06-15 23:59:59','2017-06-09 12:33:10','2017-06-09 12:32:39','completed','1013','{\"sequence\":[\"FINGERTAPPING\"],\"parentactivity\":\"FINGERTAPPING\"}','2017-06-09 18:06:49','2017-06-09 18:06:49',NULL,'Finger-Tapping','Weekly Activity for Epilepsy Patients',NULL),(280,'2017-06-09 07:00:00','2017-06-15 23:59:59','2017-06-09 12:36:52','2017-06-09 12:36:22','completed','1013','{\"sequence\":[\"SPATIALSPAN\"],\"parentactivity\":\"SPATIALSPAN\"}','2017-06-09 18:06:49','2017-06-09 18:06:49',NULL,'Spatial-Span','Weekly Activity for Epilepsy Patients',NULL),(281,'2017-06-09 07:00:00','2017-06-15 23:59:59','2017-06-09 12:31:56','2017-06-09 12:31:26','completed','1013','{\"sequence\":[\"FLANKER\"],\"parentactivity\":\"FLANKER\"}','2017-06-09 18:06:49','2017-06-09 18:06:49',NULL,'Flanker-Test','Weekly Activity for Epilepsy Patients',NULL),(282,'2017-06-09 07:00:00','2017-06-15 23:59:59','2017-06-09 11:09:09','2017-06-09 11:08:38','completed','1013','{\"sequence\":[\"PR_DEPRESSIVE\",\"PR_COGNITIVE\",\"PR_Anxiety\",\"PR_PEER_RELATIONSHIP\"],\"parentactivity\":\"PR_4SQ\"}','2017-06-09 18:06:49','2017-06-09 18:06:49',NULL,'Epilepsy Weekly Survey','Weekly Activity for Epilepsy Patients',NULL),(283,'2017-06-09 07:00:00','2017-06-15 23:59:59','2017-06-09 11:13:23','2017-06-09 11:12:52','completed','2013','{\"sequence\":[\"PR_DEPRESSIVE\",\"PR_COGNITIVE\",\"PR_Anxiety\",\"PR_PEER_RELATIONSHIP\"],\"parentactivity\":\"PR_4SQ\"}','2017-06-09 18:06:49','2017-06-09 18:06:49',NULL,'Parent-Proxy Weekly Survey','Weekly Activity for Epilepsy Patient\'s Parent',NULL),(302,'2017-08-31 18:28:34','2017-09-02 04:59:00','2017-08-31 18:40:19','2017-08-31 18:40:09','completed','1009','{\"sequence\":[\"PR_COGNITIVE\",\"PR_Anxiety\",\"PR_DEPRESSIVE\",\"PR_PEER_RELATIONSHIP\"],\"parentactivity\":\"PR_4SQ\"}','2017-08-31 18:27:34',NULL,NULL,'Epilepsy Weekly Survey','Weekly Activity To be completed for Epilepsy disease patients',NULL),(303,'2017-08-31 18:31:06','2017-09-02 04:59:00','2017-08-31 18:39:39','2017-08-31 18:39:29','completed','1009','{\"sequence\":[\"PR_PEER_RELATIONSHIP\",\"PR_DEPRESSIVE\",\"PR_COGNITIVE\",\"PR_Anxiety\"],\"parentactivity\":\"PR_4SQ\"}','2017-08-31 18:30:06',NULL,NULL,'Epilepsy Weekly Survey','Weekly Activity To be completed for Epilepsy disease patients',NULL),(304,'2017-08-31 18:42:51','2017-09-02 04:59:00',NULL,NULL,'in progress','1009','{\"sequence\":[\"SPATIALSPAN\"],\"parentactivity\":\"SPATIALSPAN\"}','2017-08-31 18:41:51',NULL,NULL,'Epilepsy Weekly Survey','Weekly Activity To be completed for Epilepsy disease patients',NULL),(305,'2017-08-31 18:43:07','2017-09-02 04:59:00',NULL,NULL,'in progress','1009','{\"sequence\":[\"PATTERNCOMPARISON\"],\"parentactivity\":\"PATTERNCOMPARISON\"}','2017-08-31 18:42:07',NULL,NULL,'Epilepsy Weekly Survey','Weekly Activity To be completed for Epilepsy disease patients',NULL),(306,'2017-09-07 13:38:54','2017-09-09 04:59:00','2017-09-07 14:23:22','2017-09-07 14:23:05','completed','1009','{\"sequence\":[\"PATTERNCOMPARISON\"],\"parentactivity\":\"PATTERNCOMPARISON\"}','2017-09-07 13:37:54',NULL,NULL,'Epilepsy Weekly Survey','Weekly Activity To be completed for Epilepsy disease patients',NULL),(307,'2017-09-07 13:42:42','2017-09-09 04:59:00','2017-09-07 13:50:39','2017-09-07 13:50:23','completed','1009','{\"sequence\":[\"SPATIALSPAN\"],\"parentactivity\":\"SPATIALSPAN\"}','2017-09-07 13:41:42',NULL,NULL,'Epilepsy Weekly Survey','Weekly Activity To be completed for Epilepsy disease patients',NULL),(308,'2017-09-07 13:42:52','2017-09-09 04:59:00','2017-09-07 13:45:46','2017-09-07 13:45:29','completed','1009','{\"sequence\":[\"FINGERTAPPING\"],\"parentactivity\":\"FINGERTAPPING\"}','2017-09-07 13:41:52',NULL,NULL,'Epilepsy Weekly Survey','Weekly Activity To be completed for Epilepsy disease patients',NULL),(309,'2017-09-07 13:43:03','2017-09-09 04:59:00','2017-09-07 14:08:57','2017-09-07 14:08:41','completed','1009','{\"sequence\":[\"FLANKER\"],\"parentactivity\":\"FLANKER\"}','2017-09-07 13:42:03',NULL,NULL,'Epilepsy Weekly Survey','Weekly Activity To be completed for Epilepsy disease patients',NULL),(310,'2017-09-07 14:41:25','2017-09-09 04:59:00','2017-09-07 15:16:25','2017-09-07 15:16:09','completed','1009','{\"sequence\":[\"PATTERNCOMPARISON\"],\"parentactivity\":\"PATTERNCOMPARISON\"}','2017-09-07 14:40:25',NULL,NULL,'Epilepsy Weekly Survey','Weekly Activity To be completed for Epilepsy disease patients',NULL),(311,'2017-09-07 15:16:33','2017-09-09 04:59:00','2017-09-07 15:38:31','2017-09-07 15:38:15','completed','1009','{\"sequence\":[\"FLANKER\"],\"parentactivity\":\"FLANKER\"}','2017-09-07 15:15:33',NULL,NULL,'Epilepsy Weekly Survey','Weekly Activity To be completed for Epilepsy disease patients',NULL),(313,'2017-09-07 15:36:20','2017-09-09 04:59:00','2017-09-07 15:39:11','2017-09-07 15:38:56','completed','1009','{\"sequence\":[\"PATTERNCOMPARISON\"],\"parentactivity\":\"PATTERNCOMPARISON\"}','2017-09-07 15:35:20',NULL,NULL,'Epilepsy Weekly Survey','Weekly Activity To be completed for Epilepsy disease patients',NULL),(314,'2017-09-07 21:20:15','2017-09-09 04:59:00','2017-09-07 21:24:13','2017-09-07 21:23:57','completed','1009','{\"sequence\":[\"PATTERNCOMPARISON\"],\"parentactivity\":\"PATTERNCOMPARISON\"}','2017-09-07 21:19:15',NULL,NULL,'Epilepsy Weekly Survey','Weekly Activity To be completed for Epilepsy disease patients',NULL),(315,'2017-09-07 21:28:05','2017-09-09 04:59:00','2017-09-07 22:36:46','2017-09-07 22:36:29','completed','1009','{\"sequence\":[\"PATTERNCOMPARISON\"],\"parentactivity\":\"PATTERNCOMPARISON\"}','2017-09-07 21:27:06',NULL,NULL,'Epilepsy Weekly Survey','Weekly Activity To be completed for Epilepsy disease patients',NULL),(316,'2017-09-07 22:47:52','2017-09-09 04:59:00','2017-09-07 22:48:27','2017-09-07 22:48:11','completed','1009','{\"sequence\":[\"PATTERNCOMPARISON\"],\"parentactivity\":\"PATTERNCOMPARISON\"}','2017-09-07 22:46:52',NULL,NULL,'Epilepsy Weekly Survey','Weekly Activity To be completed for Epilepsy disease patients',NULL),(317,'2017-09-07 22:48:07','2017-09-09 04:59:00','2017-09-07 22:48:40','2017-09-07 22:48:24','completed','1009','{\"sequence\":[\"PATTERNCOMPARISON\"],\"parentactivity\":\"PATTERNCOMPARISON\"}','2017-09-07 22:47:07',NULL,NULL,'Epilepsy Weekly Survey','Weekly Activity To be completed for Epilepsy disease patients',NULL),(324,'2017-10-10 09:22:35','2017-10-12 04:59:00',NULL,NULL,'in progress','1009','{\"sequence\":[\"FLANKER\"],\"parentactivity\":\"FLANKER\"}','2017-10-10 09:21:35',NULL,NULL,'Epilepsy Weekly Survey','Weekly Activity To be completed for Epilepsy disease patients',NULL),(398,'2017-10-27 00:32:30','2017-10-29 04:59:00','2017-10-27 12:44:57','2017-10-27 12:45:15','completed','1009','{\"sequence\":[\"FINGERTAPPING\"],\"parentactivity\":\"FINGERTAPPING\"}','2017-10-27 12:31:30',NULL,NULL,'Epilepsy Weekly Survey','Weekly Activity To be completed for Epilepsy disease patients',NULL),(411,'2018-01-18 00:00:00','2018-01-24 23:59:59','2018-01-18 19:09:55','2018-01-18 19:09:55','completed','2017','{\"sequence\":[\"FINGERTAPPING\"],\"parentactivity\":\"FINGERTAPPING\"}','2018-01-11 19:15:55','2018-01-11 19:15:55',NULL,'Finger-Tapping','Weekly Activity for Epilepsy Patients',NULL),(414,'2018-01-18 00:00:00','2018-01-24 23:59:59','2018-01-22 21:51:26','2018-01-22 21:51:22','completed','2017','{\"sequence\":[\"PR_DEPRESSIVE\",\"PR_COGNITIVE\",\"PR_Anxiety\",\"PR_PEER_RELATIONSHIP\"],\"parentactivity\":\"PR_4SQ\"}','2018-01-11 19:15:55','2018-01-11 19:15:55',NULL,'Epilepsy Weekly Survey','Weekly Activity for Epilepsy Patients',NULL),(446,'2018-03-06 07:00:00','2018-03-12 23:59:59','2018-03-06 22:47:21','2018-03-06 22:47:20','completed','2999','{\"sequence\":[\"PATTERNCOMPARISON\"],\"parentactivity\":\"PATTERNCOMPARISON\"}','2018-03-07 05:29:56','2018-03-07 05:29:56',NULL,'Pattern-Comparison','Weekly Activity for Epilepsy Patients',NULL),(450,'2018-03-06 07:00:00','2018-03-12 23:59:59','2018-03-06 22:51:24','2018-03-06 22:51:23','completed','2999','{\"sequence\":[\"PR_DEPRESSIVE\",\"PR_COGNITIVE\",\"PR_Anxiety\",\"PR_PEER_RELATIONSHIP\"],\"parentactivity\":\"PR_4SQ\"}','2018-03-07 05:29:56','2018-03-07 05:29:56',NULL,'Epilepsy Weekly Survey','Weekly Activity for Epilepsy Patients',NULL),(471,'2018-03-06 22:33:54','2018-03-08 04:59:00','2018-03-06 22:46:45','2018-03-06 22:46:44','completed','2999','{\"sequence\":[\"FLANKER\"],\"parentactivity\":\"FLANKER\"}','2018-03-06 22:32:54',NULL,NULL,'Epilepsy Weekly Survey','Weekly Activity To be completed for Epilepsy disease patients',NULL),(472,'2018-03-06 22:34:05','2018-03-08 04:59:00','2018-03-06 22:49:39','2018-03-06 22:49:38','completed','2999','{\"sequence\":[\"SPATIALSPAN\"],\"parentactivity\":\"SPATIALSPAN\"}','2018-03-06 22:33:05',NULL,NULL,'Epilepsy Weekly Survey','Weekly Activity To be completed for Epilepsy disease patients',NULL),(473,'2018-03-06 22:34:18','2018-03-08 04:59:00','2018-03-06 22:47:52','2018-03-06 22:47:51','completed','2999','{\"sequence\":[\"FINGERTAPPING\"],\"parentactivity\":\"FINGERTAPPING\"}','2018-03-06 22:33:18',NULL,NULL,'Epilepsy Weekly Survey','Weekly Activity To be completed for Epilepsy disease patients',NULL),(474,'2018-06-29 08:45:27','2018-07-01 04:59:00','2018-06-29 09:04:57','2018-06-29 09:04:59','completed','1009','{\"sequence\":[\"PATTERNCOMPARISON\"],\"parentactivity\":\"PATTERNCOMPARISON\"}','2018-06-29 08:44:27',NULL,NULL,'Epilepsy Weekly Survey','Weekly Activity To be completed for Epilepsy disease patients',NULL),(475,'2018-06-29 00:52:49','2018-07-01 04:59:00','2018-06-29 15:29:34','2018-06-29 15:29:35','completed','1009','{\"sequence\":[\"PATTERNCOMPARISON\"],\"parentactivity\":\"PATTERNCOMPARISON\"}','2018-06-29 12:51:49',NULL,NULL,'Epilepsy Weekly Survey','Weekly Activity To be completed for Epilepsy disease patients',NULL),(476,'2018-06-29 00:53:00','2018-07-01 04:59:00','2018-06-29 15:29:11','2018-06-29 15:29:12','completed','1009','{\"sequence\":[\"FLANKER\"],\"parentactivity\":\"FLANKER\"}','2018-06-29 12:52:00',NULL,NULL,'Epilepsy Weekly Survey','Weekly Activity To be completed for Epilepsy disease patients',NULL),(477,'2018-06-29 13:24:57','2018-07-01 04:59:00','2018-06-29 15:31:27','2018-06-29 15:31:28','completed','1009','{\"sequence\":[\"FINGERTAPPING\"],\"parentactivity\":\"FINGERTAPPING\"}','2018-06-29 13:23:57',NULL,NULL,'Epilepsy Weekly Survey','Weekly Activity To be completed for Epilepsy disease patients',NULL),(478,'2018-06-29 13:25:10','2018-07-01 04:59:00','2018-06-29 15:36:08','2018-06-29 15:36:10','completed','1009','{\"sequence\":[\"SPATIALSPAN\"],\"parentactivity\":\"SPATIALSPAN\"}','2018-06-29 13:24:10',NULL,NULL,'Epilepsy Weekly Survey','Weekly Activity To be completed for Epilepsy disease patients',NULL),(492,'2018-06-29 15:27:15','2018-07-01 04:59:00','2018-06-29 15:33:12','2018-06-29 15:33:13','completed','1009','{\"sequence\":[\"SPATIALSPAN\"],\"parentactivity\":\"SPATIALSPAN\"}','2018-06-29 15:26:15',NULL,NULL,'Epilepsy Weekly Survey','Weekly Activity To be completed for Epilepsy disease patients',NULL),(509,'2018-06-29 15:29:06','2018-07-01 04:59:00','2018-06-29 15:31:03','2018-06-29 15:31:04','completed','1009','{\"sequence\":[\"FLANKER\"],\"parentactivity\":\"FLANKER\"}','2018-06-29 15:28:06',NULL,NULL,'Epilepsy Weekly Survey','Weekly Activity To be completed for Epilepsy disease patients',NULL),(510,'2018-06-29 15:31:18','2018-07-01 04:59:00','2018-06-29 15:33:59','2018-06-29 15:34:01','completed','1009','{\"sequence\":[\"PATTERNCOMPARISON\"],\"parentactivity\":\"PATTERNCOMPARISON\"}','2018-06-29 15:30:18',NULL,NULL,'Epilepsy Weekly Survey','Weekly Activity To be completed for Epilepsy disease patients',NULL),(517,'2018-07-05 06:04:24','2018-07-07 04:59:00','2018-07-05 11:21:19','2018-07-05 11:21:15','completed','1009','{\"sequence\":[\"FINGERTAPPING\"],\"parentactivity\":\"FINGERTAPPING\"}','2018-07-05 06:03:24',NULL,NULL,'Epilepsy Weekly Survey','Weekly Activity To be completed for Epilepsy disease patients',NULL),(518,'2018-07-05 06:04:25','2018-07-07 04:59:00','2018-07-05 11:22:23','2018-07-05 11:22:19','completed','1009','{\"sequence\":[\"FINGERTAPPING\"],\"parentactivity\":\"FINGERTAPPING\"}','2018-07-05 06:03:25',NULL,NULL,'Epilepsy Weekly Survey','Weekly Activity To be completed for Epilepsy disease patients',NULL),(521,'2018-07-05 06:04:27','2018-07-07 04:59:00','2018-07-05 06:27:50','2018-07-05 06:27:45','completed','1009','{\"sequence\":[\"FINGERTAPPING\"],\"parentactivity\":\"FINGERTAPPING\"}','2018-07-05 06:03:27',NULL,NULL,'Epilepsy Weekly Survey','Weekly Activity To be completed for Epilepsy disease patients',NULL),(525,'2018-07-05 06:04:40','2018-07-07 04:59:00','2018-07-05 06:31:19','2018-07-05 06:31:14','completed','1009','{\"sequence\":[\"PATTERNCOMPARISON\"],\"parentactivity\":\"PATTERNCOMPARISON\"}','2018-07-05 06:03:40',NULL,NULL,'Epilepsy Weekly Survey','Weekly Activity To be completed for Epilepsy disease patients',NULL),(529,'2018-07-05 06:04:42','2018-07-07 04:59:00','2018-07-06 10:21:14','2018-07-06 10:21:16','completed','1009','{\"sequence\":[\"PATTERNCOMPARISON\"],\"parentactivity\":\"PATTERNCOMPARISON\"}','2018-07-05 06:03:42',NULL,NULL,'Epilepsy Weekly Survey','Weekly Activity To be completed for Epilepsy disease patients',NULL),(531,'2018-07-05 06:04:43','2018-07-07 04:59:00','2018-07-05 11:28:35','2018-07-05 11:28:30','completed','1009','{\"sequence\":[\"PATTERNCOMPARISON\"],\"parentactivity\":\"PATTERNCOMPARISON\"}','2018-07-05 06:03:43',NULL,NULL,'Epilepsy Weekly Survey','Weekly Activity To be completed for Epilepsy disease patients',NULL),(533,'2018-07-05 06:04:45','2018-07-07 04:59:00','2018-07-05 12:20:53','2018-07-05 12:20:49','completed','1009','{\"sequence\":[\"PATTERNCOMPARISON\"],\"parentactivity\":\"PATTERNCOMPARISON\"}','2018-07-05 06:03:45',NULL,NULL,'Epilepsy Weekly Survey','Weekly Activity To be completed for Epilepsy disease patients',NULL),(536,'2018-07-05 06:04:56','2018-07-07 04:59:00','2018-07-05 11:18:37','2018-07-05 11:18:33','completed','1009','{\"sequence\":[\"FLANKER\"],\"parentactivity\":\"FLANKER\"}','2018-07-05 06:03:56',NULL,NULL,'Epilepsy Weekly Survey','Weekly Activity To be completed for Epilepsy disease patients',NULL),(539,'2018-07-05 06:04:58','2018-07-07 04:59:00',NULL,NULL,'in progress','1009','{\"sequence\":[\"FLANKER\"],\"parentactivity\":\"FLANKER\"}','2018-07-05 06:03:58',NULL,NULL,'Epilepsy Weekly Survey','Weekly Activity To be completed for Epilepsy disease patients',NULL),(543,'2018-07-05 06:05:00','2018-07-07 04:59:00','2018-07-05 06:30:56','2018-07-05 06:30:51','completed','1009','{\"sequence\":[\"FLANKER\"],\"parentactivity\":\"FLANKER\"}','2018-07-05 06:04:00',NULL,NULL,'Epilepsy Weekly Survey','Weekly Activity To be completed for Epilepsy disease patients',NULL),(553,'2018-07-05 06:05:48','2018-07-07 04:59:00','2018-07-05 12:25:38','2018-07-05 12:25:34','completed','1009','{\"sequence\":[\"SPATIALSPAN\"],\"parentactivity\":\"SPATIALSPAN\"}','2018-07-05 06:04:48',NULL,NULL,'Epilepsy Weekly Survey','Weekly Activity To be completed for Epilepsy disease patients',NULL),(569,'2018-09-13 17:58:59','2018-09-15 04:59:00','2018-09-13 17:59:30','2018-09-13 17:59:35','completed','1009','{\"sequence\":[\"FINGERTAPPING\"],\"parentactivity\":\"FINGERTAPPING\"}','2018-09-13 17:57:59',NULL,NULL,'Epilepsy Weekly Survey','Weekly Activity To be completed for Epilepsy disease patients',NULL),(570,'2018-09-13 17:59:13','2018-09-15 04:59:00','2018-09-13 18:16:07','2018-09-13 18:16:12','completed','1009','{\"sequence\":[\"SPATIALSPAN\"],\"parentactivity\":\"SPATIALSPAN\"}','2018-09-13 17:58:13',NULL,NULL,'Epilepsy Weekly Survey','Weekly Activity To be completed for Epilepsy disease patients',NULL),(571,'2018-09-13 17:59:19','2018-09-15 04:59:00','2018-09-13 18:16:49','2018-09-13 18:16:55','completed','1009','{\"sequence\":[\"FLANKER\"],\"parentactivity\":\"FLANKER\"}','2018-09-13 17:58:19',NULL,NULL,'Epilepsy Weekly Survey','Weekly Activity To be completed for Epilepsy disease patients',NULL),(572,'2018-09-13 17:59:34','2018-09-15 04:59:00','2018-09-13 18:17:17','2018-09-13 18:17:22','completed','1009','{\"sequence\":[\"PATTERNCOMPARISON\"],\"parentactivity\":\"PATTERNCOMPARISON\"}','2018-09-13 17:58:34',NULL,NULL,'Epilepsy Weekly Survey','Weekly Activity To be completed for Epilepsy disease patients',NULL),(573,'2018-09-13 18:46:49','2018-09-15 04:59:00','2018-09-14 09:17:31','2018-09-14 09:17:37','completed','1009','{\"sequence\":[\"PATTERNCOMPARISON\"],\"parentactivity\":\"PATTERNCOMPARISON\"}','2018-09-13 18:45:49',NULL,NULL,'Epilepsy Weekly Survey','Weekly Activity To be completed for Epilepsy disease patients',NULL),(574,'2018-09-13 19:30:04','2018-09-15 04:59:00','2018-09-14 09:15:19','2018-09-14 09:15:24','completed','1009','{\"sequence\":[\"PATTERNCOMPARISON\"],\"parentactivity\":\"PATTERNCOMPARISON\"}','2018-09-13 19:29:04',NULL,NULL,'Epilepsy Weekly Survey','Weekly Activity To be completed for Epilepsy disease patients',NULL),(575,'2018-09-13 19:30:08','2018-09-15 04:59:00','2018-09-14 09:17:12','2018-09-14 09:17:17','completed','1009','{\"sequence\":[\"SPATIALSPAN\"],\"parentactivity\":\"SPATIALSPAN\"}','2018-09-13 19:29:08',NULL,NULL,'Epilepsy Weekly Survey','Weekly Activity To be completed for Epilepsy disease patients',NULL),(576,'2018-09-13 19:30:13','2018-09-15 04:59:00',NULL,NULL,'in progress','1009','{\"sequence\":[\"FINGERTAPPING\"],\"parentactivity\":\"FINGERTAPPING\"}','2018-09-13 19:29:13',NULL,NULL,'Epilepsy Weekly Survey','Weekly Activity To be completed for Epilepsy disease patients',NULL),(579,'2018-09-13 19:39:17','2018-09-15 04:59:00','2018-09-14 09:14:47','2018-09-14 09:14:52','completed','1009','{\"sequence\":[\"FLANKER\"],\"parentactivity\":\"FLANKER\"}','2018-09-13 19:38:17',NULL,NULL,'Epilepsy Weekly Survey','Weekly Activity To be completed for Epilepsy disease patients',NULL),(581,'2018-09-26 11:56:05','2018-09-28 04:59:00','2018-09-26 11:56:54','2018-09-26 11:56:54','completed','1009','{\"sequence\":[\"FLANKER\"],\"parentactivity\":\"FLANKER\"}','2018-09-26 11:55:05',NULL,NULL,'Epilepsy Weekly Survey','Weekly Activity To be completed for Epilepsy disease patients',NULL),(582,'2018-09-26 11:56:16','2018-09-28 04:59:00',NULL,NULL,'in progress','1009','{\"sequence\":[\"FINGERTAPPING\"],\"parentactivity\":\"FINGERTAPPING\"}','2018-09-26 11:55:16',NULL,NULL,'Epilepsy Weekly Survey','Weekly Activity To be completed for Epilepsy disease patients',NULL),(583,'2018-11-01 09:49:39','2018-11-03 04:59:00','2018-10-31 20:10:57','2018-11-01 11:11:52','completed','1009','{\"sequence\":[\"PATTERNCOMPARISON\"],\"parentactivity\":\"PATTERNCOMPARISON\"}','2018-11-01 09:48:39',NULL,NULL,'Epilepsy Weekly Survey','Weekly Activity To be completed for Epilepsy disease patients',NULL),(584,'2018-11-01 09:49:48','2018-11-03 04:59:00','2018-10-31 20:10:13','2018-11-01 11:11:07','completed','1009','{\"sequence\":[\"FINGERTAPPING\"],\"parentactivity\":\"FINGERTAPPING\"}','2018-11-01 09:48:48',NULL,NULL,'Epilepsy Weekly Survey','Weekly Activity To be completed for Epilepsy disease patients',NULL),(585,'2018-11-01 09:49:56','2018-11-03 04:59:00',NULL,NULL,'in progress','1009','{\"sequence\":[\"SPATIALSPAN\"],\"parentactivity\":\"SPATIALSPAN\"}','2018-11-01 09:48:56',NULL,NULL,'Epilepsy Weekly Survey','Weekly Activity To be completed for Epilepsy disease patients',NULL),(586,'2018-11-01 09:50:08','2018-11-03 04:59:00','2018-10-31 20:09:44','2018-11-01 11:10:38','completed','1009','{\"sequence\":[\"FLANKER\"],\"parentactivity\":\"FLANKER\"}','2018-11-01 09:49:08',NULL,NULL,'Epilepsy Weekly Survey','Weekly Activity To be completed for Epilepsy disease patients',NULL),(587,'2018-11-08 00:31:51','2018-11-10 04:59:00','2018-11-08 00:28:57','2018-11-08 15:29:46','completed','1009','{\"sequence\":[\"PATTERNCOMPARISON\"],\"parentactivity\":\"PATTERNCOMPARISON\"}','2018-11-08 12:30:52',NULL,NULL,'Epilepsy Weekly Survey','Weekly Activity To be completed for Epilepsy disease patients',NULL),(588,'2018-11-08 00:32:01','2018-11-10 04:59:00','2018-11-07 21:33:33','2018-11-08 12:34:21','completed','1009','{\"sequence\":[\"FLANKER\"],\"parentactivity\":\"FLANKER\"}','2018-11-08 12:31:01',NULL,NULL,'Epilepsy Weekly Survey','Weekly Activity To be completed for Epilepsy disease patients',NULL),(589,'2018-11-08 00:32:08','2018-11-10 04:59:00','2018-11-08 00:31:25','2018-11-08 15:32:14','completed','1009','{\"sequence\":[\"SPATIALSPAN\"],\"parentactivity\":\"SPATIALSPAN\"}','2018-11-08 12:31:08',NULL,NULL,'Epilepsy Weekly Survey','Weekly Activity To be completed for Epilepsy disease patients',NULL),(590,'2018-11-08 00:32:17','2018-11-10 04:59:00','2018-11-07 21:32:30','2018-11-08 12:33:19','completed','1009','{\"sequence\":[\"PATTERNCOMPARISON\"],\"parentactivity\":\"PATTERNCOMPARISON\"}','2018-11-08 12:31:17',NULL,NULL,'Epilepsy Weekly Survey','Weekly Activity To be completed for Epilepsy disease patients',NULL),(591,'2018-11-08 00:48:23','2018-11-10 04:59:00','2018-11-07 21:47:45','2018-11-08 12:48:32','completed','1009','{\"sequence\":[\"FINGERTAPPING\"],\"parentactivity\":\"FINGERTAPPING\"}','2018-11-08 12:47:23',NULL,NULL,'Epilepsy Weekly Survey','Weekly Activity To be completed for Epilepsy disease patients',NULL),(592,'2018-12-19 11:03:03','2018-12-21 04:59:00','2018-12-19 11:04:45','2018-12-19 11:04:47','completed','1009','{\"sequence\":[\"PATTERNCOMPARISON\"],\"parentactivity\":\"PATTERNCOMPARISON\"}','2018-12-19 11:02:03',NULL,NULL,'Epilepsy Weekly Survey','Weekly Activity To be completed for Epilepsy disease patients',NULL),(593,'2018-12-19 11:03:16','2018-12-21 04:59:00','2018-12-19 11:04:17','2018-12-19 11:04:20','completed','1009','{\"sequence\":[\"FINGERTAPPING\"],\"parentactivity\":\"FINGERTAPPING\"}','2018-12-19 11:02:16',NULL,NULL,'Epilepsy Weekly Survey','Weekly Activity To be completed for Epilepsy disease patients',NULL),(595,'2018-12-19 15:33:01','2018-12-21 04:59:00','2018-12-19 15:33:33','2018-12-19 15:33:35','completed','1009','{\"sequence\":[\"PATTERNCOMPARISON\"],\"parentactivity\":\"PATTERNCOMPARISON\"}','2018-12-19 15:32:01',NULL,NULL,'Epilepsy Weekly Survey','Weekly Activity To be completed for Epilepsy disease patients',NULL),(600,'2018-12-28 00:28:07','2018-12-30 04:59:00',NULL,NULL,'in progress','1009','{\"sequence\":[\"SPATIALSPAN\"],\"parentactivity\":\"SPATIALSPAN\"}','2018-12-28 12:27:07',NULL,NULL,'Epilepsy Weekly Survey','Weekly Activity To be completed for Epilepsy disease patients',NULL),(601,'2019-01-15 00:27:26','2019-01-17 04:59:00','2019-01-15 12:33:34','2019-01-15 12:33:29','completed','1009','{\"sequence\":[\"FINGERTAPPING\"],\"parentactivity\":\"FINGERTAPPING\"}','2019-01-15 12:26:26',NULL,NULL,'Epilepsy Weekly Survey','Weekly Activity To be completed for Epilepsy disease patients',NULL),(602,'2019-02-07 15:35:48','2019-02-09 04:59:00','2019-02-07 15:39:03','2019-02-07 15:36:31','completed','1009','{\"sequence\":[\"FINGERTAPPING\"],\"parentactivity\":\"FINGERTAPPING\"}','2019-02-07 15:34:48',NULL,NULL,'Epilepsy Weekly Survey','Weekly Activity To be completed for Epilepsy disease patients',NULL),(603,'2019-02-07 15:36:24','2019-02-09 04:59:00',NULL,NULL,'in progress','1009','{\"sequence\":[\"SPATIALSPAN\"],\"parentactivity\":\"SPATIALSPAN\"}','2019-02-07 15:35:24',NULL,NULL,'Epilepsy Weekly Survey','Weekly Activity To be completed for Epilepsy disease patients',NULL),(604,'2019-02-07 15:36:40','2019-02-09 04:59:00','2019-02-07 15:42:24','2019-02-07 15:39:51','completed','1009','{\"sequence\":[\"PATTERNCOMPARISON\"],\"parentactivity\":\"PATTERNCOMPARISON\"}','2019-02-07 15:35:40',NULL,NULL,'Epilepsy Weekly Survey','Weekly Activity To be completed for Epilepsy disease patients',NULL),(605,'2019-02-07 15:36:47','2019-02-09 04:59:00','2019-02-07 15:41:45','2019-02-07 15:39:12','completed','1009','{\"sequence\":[\"FLANKER\"],\"parentactivity\":\"FLANKER\"}','2019-02-07 15:35:47',NULL,NULL,'Epilepsy Weekly Survey','Weekly Activity To be completed for Epilepsy disease patients',NULL),(624,'2019-04-02 18:52:57','2019-04-04 04:59:00','2019-03-09 22:35:09','2019-04-03 11:34:19','completed','1012','{\"sequence\":[\"PATTERNCOMPARISON\"],\"parentactivity\":\"PATTERNCOMPARISON\"}','2019-04-02 18:51:58',NULL,NULL,'Epilepsy Weekly Survey','Weekly Activity To be completed for Epilepsy disease patients',NULL),(628,'2019-04-03 15:02:33','2019-04-05 04:59:00','2019-03-09 22:35:09','2019-04-03 15:09:45','completed','1013','{\"sequence\":[\"SPATIALSPAN\"],\"parentactivity\":\"SPATIALSPAN\"}','2019-04-03 15:01:33',NULL,NULL,'Epilepsy Weekly Survey','Weekly Activity To be completed for Epilepsy disease patients',NULL),(629,'2019-04-03 15:45:13','2019-04-05 04:59:00','2019-03-09 22:35:09','2019-04-03 16:04:59','completed','1013','{\"sequence\":[\"PATTERNCOMPARISON\"],\"parentactivity\":\"PATTERNCOMPARISON\"}','2019-04-03 15:44:13',NULL,NULL,'Epilepsy Weekly Survey','Weekly Activity To be completed for Epilepsy disease patients',NULL),(630,'2019-04-03 15:46:29','2019-04-05 04:59:00','2019-03-09 22:35:09','2019-04-03 17:47:14','completed','1013','{\"sequence\":[\"PATTERNCOMPARISON\"],\"parentactivity\":\"PATTERNCOMPARISON\"}','2019-04-03 15:45:29',NULL,NULL,'Epilepsy Weekly Survey','Weekly Activity To be completed for Epilepsy disease patients',NULL),(632,'2019-04-03 18:09:49','2019-04-05 04:59:00','2019-03-09 22:35:09','2019-04-03 18:17:19','completed','1013','{\"sequence\":[\"FLANKER\"],\"parentactivity\":\"FLANKER\"}','2019-04-03 18:08:49',NULL,NULL,'Epilepsy Weekly Survey','Weekly Activity To be completed for Epilepsy disease patients',NULL),(633,'2019-04-03 18:30:35','2019-04-05 04:59:00','2019-03-09 22:35:09','2019-04-03 18:31:41','completed','1013','{\"sequence\":[\"SPATIALSPAN\"],\"parentactivity\":\"SPATIALSPAN\"}','2019-04-03 18:29:35',NULL,NULL,'Epilepsy Weekly Survey','Weekly Activity To be completed for Epilepsy disease patients',NULL),(634,'2019-04-03 18:36:08','2019-04-05 04:59:00','2019-03-18 22:24:53','2019-04-03 19:16:38','completed','1013','{\"sequence\":[\"FINGERTAPPING\"],\"parentactivity\":\"FINGERTAPPING\"}','2019-04-03 18:35:09',NULL,NULL,'Epilepsy Weekly Survey','Weekly Activity To be completed for Epilepsy disease patients',NULL),(637,'2019-04-03 18:36:26','2019-04-05 04:59:00','2019-03-09 22:35:09','2019-04-03 18:38:09','completed','1013','{\"sequence\":[\"SPATIALSPAN\"],\"parentactivity\":\"SPATIALSPAN\"}','2019-04-03 18:35:26',NULL,NULL,'Epilepsy Weekly Survey','Weekly Activity To be completed for Epilepsy disease patients',NULL),(638,'2019-04-03 18:36:27','2019-04-05 04:59:00','2019-03-09 22:35:09','2019-04-03 19:00:41','completed','1013','{\"sequence\":[\"SPATIALSPAN\"],\"parentactivity\":\"SPATIALSPAN\"}','2019-04-03 18:35:27',NULL,NULL,'Epilepsy Weekly Survey','Weekly Activity To be completed for Epilepsy disease patients',NULL),(640,'2019-04-03 22:32:12','2019-04-05 04:59:00','2019-04-04 09:13:47','2019-04-04 09:13:47','completed','1014','{\"sequence\":[\"FLANKER\"],\"parentactivity\":\"FLANKER\"}','2019-04-03 22:31:12',NULL,NULL,'Epilepsy Weekly Survey','Weekly Activity To be completed for Epilepsy disease patients',NULL),(641,'2019-04-03 22:33:45','2019-04-05 04:59:00','2019-04-04 10:43:51','2019-04-04 10:43:52','completed','1014','{\"sequence\":[\"FLANKER\"],\"parentactivity\":\"FLANKER\"}','2019-04-03 22:32:45',NULL,NULL,'Epilepsy Weekly Survey','Weekly Activity To be completed for Epilepsy disease patients',NULL),(643,'2019-04-03 22:34:04','2019-04-05 04:59:00','2019-04-03 23:27:42','2019-04-03 23:27:43','completed','1014','{\"sequence\":[\"PATTERNCOMPARISON\"],\"parentactivity\":\"PATTERNCOMPARISON\"}','2019-04-03 22:33:04',NULL,NULL,'Epilepsy Weekly Survey','Weekly Activity To be completed for Epilepsy disease patients',NULL),(644,'2019-04-03 22:34:12','2019-04-05 04:59:00',NULL,NULL,'in progress','1014','{\"sequence\":[\"FINGERTAPPING\"],\"parentactivity\":\"FINGERTAPPING\"}','2019-04-03 22:33:12',NULL,NULL,'Epilepsy Weekly Survey','Weekly Activity To be completed for Epilepsy disease patients',NULL),(648,'2019-04-04 13:06:58','2019-04-06 04:59:00','2019-04-04 13:26:08','2019-04-04 13:26:08','completed','1015','{\"sequence\":[\"FINGERTAPPING\"],\"parentactivity\":\"FINGERTAPPING\"}','2019-04-04 13:05:58',NULL,NULL,'Epilepsy Weekly Survey','Weekly Activity To be completed for Epilepsy disease patients',NULL),(649,'2019-04-04 13:07:04','2019-04-06 04:59:00','2019-04-04 13:17:35','2019-04-04 13:17:35','completed','1015','{\"sequence\":[\"SPATIALSPAN\"],\"parentactivity\":\"SPATIALSPAN\"}','2019-04-04 13:06:04',NULL,NULL,'Epilepsy Weekly Survey','Weekly Activity To be completed for Epilepsy disease patients',NULL),(650,'2019-04-04 13:07:14','2019-04-06 04:59:00','2019-03-09 22:35:09','2019-04-04 13:09:41','completed','1015','{\"sequence\":[\"PATTERNCOMPARISON\"],\"parentactivity\":\"PATTERNCOMPARISON\"}','2019-04-04 13:06:14',NULL,NULL,'Epilepsy Weekly Survey','Weekly Activity To be completed for Epilepsy disease patients',NULL),(651,'2019-04-04 13:07:18','2019-04-06 04:59:00','2019-04-04 13:14:23','2019-04-04 13:14:23','completed','1015','{\"sequence\":[\"FLANKER\"],\"parentactivity\":\"FLANKER\"}','2019-04-04 13:06:18',NULL,NULL,'Epilepsy Weekly Survey','Weekly Activity To be completed for Epilepsy disease patients',NULL),(652,'2019-04-04 13:26:03','2019-04-06 04:59:00','2019-04-04 13:28:07','2019-04-04 13:28:07','completed','1015','{\"sequence\":[\"PATTERNCOMPARISON\"],\"parentactivity\":\"PATTERNCOMPARISON\"}','2019-04-04 13:25:03',NULL,NULL,'Epilepsy Weekly Survey','Weekly Activity To be completed for Epilepsy disease patients',NULL),(653,'2019-04-04 13:31:55','2019-04-06 04:59:00','2019-04-04 15:13:38','2019-04-04 15:13:39','completed','1015','{\"sequence\":[\"PATTERNCOMPARISON\"],\"parentactivity\":\"PATTERNCOMPARISON\"}','2019-04-04 13:30:55',NULL,NULL,'Epilepsy Weekly Survey','Weekly Activity To be completed for Epilepsy disease patients',NULL),(654,'2019-04-04 13:31:59','2019-04-06 04:59:00','2019-04-04 16:05:18','2019-04-04 16:05:18','completed','1015','{\"sequence\":[\"PATTERNCOMPARISON\"],\"parentactivity\":\"PATTERNCOMPARISON\"}','2019-04-04 13:30:59',NULL,NULL,'Epilepsy Weekly Survey','Weekly Activity To be completed for Epilepsy disease patients',NULL),(655,'2019-04-04 13:32:04','2019-04-06 04:59:00','2019-04-04 14:00:43','2019-04-04 14:00:43','completed','1015','{\"sequence\":[\"FLANKER\"],\"parentactivity\":\"FLANKER\"}','2019-04-04 13:31:04',NULL,NULL,'Epilepsy Weekly Survey','Weekly Activity To be completed for Epilepsy disease patients',NULL),(656,'2019-04-04 13:32:04','2019-04-06 04:59:00','2019-04-04 13:51:25','2019-04-04 13:51:26','completed','1015','{\"sequence\":[\"FLANKER\"],\"parentactivity\":\"FLANKER\"}','2019-04-04 13:31:04',NULL,NULL,'Epilepsy Weekly Survey','Weekly Activity To be completed for Epilepsy disease patients',NULL),(657,'2019-04-04 13:32:11','2019-04-06 04:59:00','2019-04-04 16:08:55','2019-04-04 16:08:55','completed','1015','{\"sequence\":[\"SPATIALSPAN\"],\"parentactivity\":\"SPATIALSPAN\"}','2019-04-04 13:31:11',NULL,NULL,'Epilepsy Weekly Survey','Weekly Activity To be completed for Epilepsy disease patients',NULL),(658,'2019-04-04 13:32:12','2019-04-06 04:59:00','2019-04-04 16:11:40','2019-04-04 16:11:40','completed','1015','{\"sequence\":[\"SPATIALSPAN\"],\"parentactivity\":\"SPATIALSPAN\"}','2019-04-04 13:31:12',NULL,NULL,'Epilepsy Weekly Survey','Weekly Activity To be completed for Epilepsy disease patients',NULL),(659,'2019-04-04 13:32:19','2019-04-06 04:59:00','2019-04-04 16:12:59','2019-04-04 16:12:59','completed','1015','{\"sequence\":[\"FINGERTAPPING\"],\"parentactivity\":\"FINGERTAPPING\"}','2019-04-04 13:31:19',NULL,NULL,'Epilepsy Weekly Survey','Weekly Activity To be completed for Epilepsy disease patients',NULL),(660,'2019-04-04 13:32:19','2019-04-06 04:59:00','2019-04-04 15:09:58','2019-04-04 15:09:59','completed','1015','{\"sequence\":[\"FINGERTAPPING\"],\"parentactivity\":\"FINGERTAPPING\"}','2019-04-04 13:31:19',NULL,NULL,'Epilepsy Weekly Survey','Weekly Activity To be completed for Epilepsy disease patients',NULL),(663,'2019-04-04 14:40:11','2019-04-06 04:59:00','2019-04-04 15:07:05','2019-04-04 15:07:06','completed','1015','{\"sequence\":[\"FLANKER\"],\"parentactivity\":\"FLANKER\"}','2019-04-04 14:39:11',NULL,NULL,'Epilepsy Weekly Survey','Weekly Activity To be completed for Epilepsy disease patients',NULL),(665,'2019-04-04 15:45:53','2019-04-06 04:59:00','2019-04-04 15:52:17','2019-04-04 15:52:18','completed','1015','{\"sequence\":[\"FLANKER\"],\"parentactivity\":\"FLANKER\"}','2019-04-04 15:44:53',NULL,NULL,'Epilepsy Weekly Survey','Weekly Activity To be completed for Epilepsy disease patients',NULL),(666,'2019-04-04 15:46:49','2019-04-06 04:59:00','2019-04-04 16:01:39','2019-04-04 16:01:39','completed','1015','{\"sequence\":[\"FLANKER\"],\"parentactivity\":\"FLANKER\"}','2019-04-04 15:45:49',NULL,NULL,'Epilepsy Weekly Survey','Weekly Activity To be completed for Epilepsy disease patients',NULL),(667,'2019-04-09 00:15:23','2019-04-11 04:59:00','2019-04-08 23:35:52','2019-04-09 12:23:22','completed','1015','{\"sequence\":[\"FLANKER\"],\"parentactivity\":\"FLANKER\"}','2019-04-09 12:14:23',NULL,NULL,'Epilepsy Weekly Survey','Weekly Activity To be completed for Epilepsy disease patients',NULL),(669,'2019-04-09 00:18:17','2019-04-11 04:59:00','2019-04-08 23:35:52','2019-04-09 12:17:52','completed','1015','{\"sequence\":[\"PATTERNCOMPARISON\"],\"parentactivity\":\"PATTERNCOMPARISON\"}','2019-04-09 12:17:17',NULL,NULL,'Epilepsy Weekly Survey','Weekly Activity To be completed for Epilepsy disease patients',NULL),(670,'2019-04-09 16:27:37','2019-04-11 04:59:00','2019-04-08 23:35:52','2019-04-09 16:34:08','completed','1015','{\"sequence\":[\"PATTERNCOMPARISON\"],\"parentactivity\":\"PATTERNCOMPARISON\"}','2019-04-09 16:26:37',NULL,NULL,'Epilepsy Weekly Survey','Weekly Activity To be completed for Epilepsy disease patients',NULL),(671,'2019-04-09 16:27:51','2019-04-11 04:59:00','2019-04-08 23:35:52','2019-04-09 16:58:18','completed','1015','{\"sequence\":[\"SPATIALSPAN\"],\"parentactivity\":\"SPATIALSPAN\"}','2019-04-09 16:26:51',NULL,NULL,'Epilepsy Weekly Survey','Weekly Activity To be completed for Epilepsy disease patients',NULL),(672,'2019-04-09 16:28:01','2019-04-11 04:59:00','2019-04-01 23:50:19','2019-04-09 17:22:53','completed','1015','{\"sequence\":[\"FINGERTAPPING\"],\"parentactivity\":\"FINGERTAPPING\"}','2019-04-09 16:27:01',NULL,NULL,'Epilepsy Weekly Survey','Weekly Activity To be completed for Epilepsy disease patients',NULL),(673,'2019-04-10 10:45:02','2019-04-12 04:59:00','2019-04-09 20:56:04','2019-04-10 10:45:49','completed','1015','{\"sequence\":[\"FINGERTAPPING\"],\"parentactivity\":\"FINGERTAPPING\"}','2019-04-10 10:44:02',NULL,NULL,'Epilepsy Weekly Survey','Weekly Activity To be completed for Epilepsy disease patients',NULL),(674,'2019-04-10 10:45:51','2019-04-12 04:59:00','2019-04-09 09:13:43','2019-04-10 10:58:00','completed','1015','{\"sequence\":[\"PATTERNCOMPARISON\"],\"parentactivity\":\"PATTERNCOMPARISON\"}','2019-04-10 10:44:51',NULL,NULL,'Epilepsy Weekly Survey','Weekly Activity To be completed for Epilepsy disease patients',NULL),(679,'2019-05-03 01:53:05','2019-05-05 04:59:00',NULL,NULL,'in progress','1009','{\"sequence\":[\"SPATIALSPAN\"],\"parentactivity\":\"SPATIALSPAN\"}','2019-05-03 01:52:05',NULL,NULL,'Epilepsy Weekly Survey','Weekly Activity To be completed for Epilepsy disease patients',NULL),(682,'2019-07-16 20:31:18','2019-07-18 04:59:00','2019-07-16 20:40:50','2019-07-16 20:40:49','completed','1009','{\"sequence\":[\"FLANKER\"],\"parentactivity\":\"FLANKER\"}','2019-07-16 20:30:18',NULL,NULL,'Epilepsy Weekly Survey','Weekly Activity To be completed for Epilepsy disease patients',NULL),(683,'2019-07-16 20:31:36','2019-07-18 04:59:00','2019-07-17 12:06:24','2019-07-17 12:06:23','completed','1009','{\"sequence\":[\"PATTERNCOMPARISON\"],\"parentactivity\":\"PATTERNCOMPARISON\"}','2019-07-16 20:30:36',NULL,NULL,'Epilepsy Weekly Survey','Weekly Activity To be completed for Epilepsy disease patients',NULL),(684,'2019-07-16 20:31:43','2019-07-18 04:59:00','2019-07-17 12:04:40','2019-07-17 12:04:39','completed','1009','{\"sequence\":[\"SPATIALSPAN\"],\"parentactivity\":\"SPATIALSPAN\"}','2019-07-16 20:30:43',NULL,NULL,'Epilepsy Weekly Survey','Weekly Activity To be completed for Epilepsy disease patients',NULL),(685,'2019-07-16 20:31:51','2019-07-18 04:59:00','2019-07-17 12:00:35','2019-07-17 12:00:34','completed','1009','{\"sequence\":[\"FINGERTAPPING\"],\"parentactivity\":\"FINGERTAPPING\"}','2019-07-16 20:30:51',NULL,NULL,'Epilepsy Weekly Survey','Weekly Activity To be completed for Epilepsy disease patients',NULL),(686,'2019-07-17 14:08:46','2019-07-19 04:59:00','2019-07-17 17:35:55','2019-07-17 17:35:54','completed','1009','{\"sequence\":[\"FINGERTAPPING\"],\"parentactivity\":\"FINGERTAPPING\"}','2019-07-17 14:07:46',NULL,NULL,'Epilepsy Weekly Survey','Weekly Activity To be completed for Epilepsy disease patients','{}'),(687,'2019-07-17 14:09:24','2019-07-19 04:59:00','2019-07-17 17:34:23','2019-07-17 17:34:22','completed','1009','{\"sequence\":[\"PATTERNCOMPARISON\"],\"parentactivity\":\"PATTERNCOMPARISON\"}','2019-07-17 14:08:24',NULL,NULL,'Epilepsy Weekly Survey','Weekly Activity To be completed for Epilepsy disease patients','{\"numQuestions\":\"130\",\"maxTime\":\"90\",\"bound\":\"5\",\"newImages\":\"false\",\"ratio\":\"50\"}'),(688,'2019-07-17 14:47:54','2019-07-19 04:59:00','2019-07-17 17:31:31','2019-07-17 17:31:30','completed','1009','{\"sequence\":[\"PATTERNCOMPARISON\"],\"parentactivity\":\"PATTERNCOMPARISON\"}','2019-07-17 14:46:54',NULL,NULL,'Epilepsy Weekly Survey','Weekly Activity To be completed for Epilepsy disease patients','{\"numQuestions\":\"10\",\"maxTime\":\"10\",\"bound\":\"2\",\"newImages\":\"false\",\"ratio\":\"10\"}'),(689,'2019-07-17 16:59:23','2019-07-19 04:59:00','2019-07-17 17:32:44','2019-07-17 17:32:43','completed','1009','{\"sequence\":[\"PATTERNCOMPARISON\"],\"parentactivity\":\"PATTERNCOMPARISON\"}','2019-07-17 16:58:23',NULL,NULL,'Epilepsy Weekly Survey','Weekly Activity To be completed for Epilepsy disease patients','{\"numQuestions\":\"10\",\"maxTime\":\"10\",\"bound\":\"2\",\"barnone\":\"footwo2\",\"newImages\":\"false\",\"ratio\":\"10\"}'),(697,'2019-07-17 18:29:30','2019-07-19 04:59:00','2019-07-17 22:49:28','2019-07-17 22:49:27','completed','1009','{\"sequence\":[\"FINGERTAPPING\"],\"parentactivity\":\"FINGERTAPPING\"}','2019-07-17 18:28:30',NULL,NULL,'Epilepsy Weekly Survey','Weekly Activity To be completed for Epilepsy disease patients','{}'),(698,'2019-07-17 18:31:51','2019-07-19 04:59:00','2019-07-17 22:54:11','2019-07-17 22:54:10','completed','1009','{\"sequence\":[\"PATTERNCOMPARISON\"],\"parentactivity\":\"PATTERNCOMPARISON\"}','2019-07-17 18:30:51',NULL,NULL,'Epilepsy Weekly Survey','Weekly Activity To be completed for Epilepsy disease patients','{}'),(699,'2019-07-17 18:32:12','2019-07-19 04:59:00','2019-07-17 22:57:41','2019-07-17 22:57:40','completed','1009','{\"sequence\":[\"FLANKER\"],\"parentactivity\":\"FLANKER\"}','2019-07-17 18:31:12',NULL,NULL,'Epilepsy Weekly Survey','Weekly Activity To be completed for Epilepsy disease patients','{}'),(700,'2019-07-17 18:32:19','2019-07-19 04:59:00','2019-07-17 22:46:40','2019-07-17 22:46:40','completed','1009','{\"sequence\":[\"SPATIALSPAN\"],\"parentactivity\":\"SPATIALSPAN\"}','2019-07-17 18:31:19',NULL,NULL,'Epilepsy Weekly Survey','Weekly Activity To be completed for Epilepsy disease patients','{}'),(701,'2019-07-17 22:53:09','2019-07-19 04:59:00','2019-07-17 22:55:21','2019-07-17 22:55:20','completed','1009','{\"sequence\":[\"SPATIALSPAN\"],\"parentactivity\":\"SPATIALSPAN\"}','2019-07-17 22:52:09',NULL,NULL,'Epilepsy Weekly Survey','Weekly Activity To be completed for Epilepsy disease patients','{\"lightUpTime\":\"1\",\"maxDifficulty\":\"3\",\"foo\":\"bar\",\"maxCorrectSoFar\":\"1\",\"maxTrialCount\":\"2\"}'),(702,'2019-07-17 22:59:28','2019-07-19 04:59:00','2019-07-17 23:05:40','2019-07-17 23:05:39','completed','1009','{\"sequence\":[\"FLANKER\"],\"parentactivity\":\"FLANKER\"}','2019-07-17 22:58:28',NULL,NULL,'Epilepsy Weekly Survey','Weekly Activity To be completed for Epilepsy disease patients','{\"pauseTime\":\"2\",\"noOfQuestions\":\"10\"}'),(703,'2019-07-17 23:00:18','2019-07-19 04:59:00','2019-07-17 23:04:17','2019-07-17 23:04:17','completed','1009','{\"sequence\":[\"FINGERTAPPING\"],\"parentactivity\":\"FINGERTAPPING\"}','2019-07-17 22:59:18',NULL,NULL,'Epilepsy Weekly Survey','Weekly Activity To be completed for Epilepsy disease patients','{\"maxDiff\":\"3\",\"twoHands\":\"false\",\"trialTime\":\"3\",\"consecTrials\":\"3\",\"maxTrials\":\"10\"}'),(704,'2019-07-17 23:02:15','2019-07-19 04:59:00','2019-07-17 23:06:16','2019-07-17 23:06:15','completed','1009','{\"sequence\":[\"PATTERNCOMPARISON\"],\"parentactivity\":\"PATTERNCOMPARISON\"}','2019-07-17 23:01:15',NULL,NULL,'Epilepsy Weekly Survey','Weekly Activity To be completed for Epilepsy disease patients','{\"numQuestions\":\"10\",\"maxTime\":\"10\",\"bound\":\"7\",\"barnone\":\"footwo2\",\"newImages\":\"false\",\"ratio\":\"5\"}'),(705,'2019-07-17 23:07:48','2019-07-19 04:59:00','2019-07-17 23:36:18','2019-07-17 23:36:17','completed','1009','{\"sequence\":[\"PATTERNCOMPARISON\"],\"parentactivity\":\"PATTERNCOMPARISON\"}','2019-07-17 23:06:48',NULL,NULL,'Epilepsy Weekly Survey','Weekly Activity To be completed for Epilepsy disease patients','{}'),(706,'2019-07-17 23:07:53','2019-07-19 04:59:00','2019-07-17 23:34:39','2019-07-17 23:34:38','completed','1009','{\"sequence\":[\"FLANKER\"],\"parentactivity\":\"FLANKER\"}','2019-07-17 23:06:53',NULL,NULL,'Epilepsy Weekly Survey','Weekly Activity To be completed for Epilepsy disease patients','{}'),(707,'2019-07-17 23:08:00','2019-07-19 04:59:00','2019-07-17 23:32:27','2019-07-17 23:32:27','completed','1009','{\"sequence\":[\"SPATIALSPAN\"],\"parentactivity\":\"SPATIALSPAN\"}','2019-07-17 23:07:00',NULL,NULL,'Epilepsy Weekly Survey','Weekly Activity To be completed for Epilepsy disease patients','{}'),(708,'2019-07-17 23:08:12','2019-07-19 04:59:00','2019-07-17 23:31:54','2019-07-17 23:31:53','completed','1009','{\"sequence\":[\"FINGERTAPPING\"],\"parentactivity\":\"FINGERTAPPING\"}','2019-07-17 23:07:12',NULL,NULL,'Epilepsy Weekly Survey','Weekly Activity To be completed for Epilepsy disease patients','{}'),(709,'2019-07-17 23:36:29','2019-07-19 04:59:00','2019-07-17 23:40:27','2019-07-17 23:40:26','completed','1009','{\"sequence\":[\"FINGERTAPPING\"],\"parentactivity\":\"FINGERTAPPING\"}','2019-07-17 23:35:29',NULL,NULL,'Epilepsy Weekly Survey','Weekly Activity To be completed for Epilepsy disease patients','{\"twoHands\":\"false\"}');
/*!40000 ALTER TABLE `activity_instance` ENABLE KEYS */;
UNLOCK TABLES;

--
-- Table structure for table `apptoapiversion`
--

DROP TABLE IF EXISTS `apptoapiversion`;
/*!40101 SET @saved_cs_client     = @@character_set_client */;
/*!40101 SET character_set_client = utf8 */;
CREATE TABLE `apptoapiversion` (
  `appversion` varchar(50) NOT NULL,
  `apiversion` varchar(50) DEFAULT NULL,
  PRIMARY KEY (`appversion`)
) ENGINE=InnoDB DEFAULT CHARSET=utf8;
/*!40101 SET character_set_client = @saved_cs_client */;

--
-- Dumping data for table `apptoapiversion`
--

LOCK TABLES `apptoapiversion` WRITE;
/*!40000 ALTER TABLE `apptoapiversion` DISABLE KEYS */;
INSERT INTO `apptoapiversion` VALUES ('1.2.1-10-3.0-iOS','v31'),('1.2.2-4-3.0-iOS','v311'),('2-1.1.11072016-2-3.0-Android','v31'),('2-1.1.11072016-2-3.0-ios','v31'),('3-1.1.12182016-3-3.0-Android','v31'),('4-1.1.01302017-4-3.0-Android','v311');
/*!40000 ALTER TABLE `apptoapiversion` ENABLE KEYS */;
UNLOCK TABLES;

--
-- Table structure for table `cat_mapping`
--

DROP TABLE IF EXISTS `cat_mapping`;
/*!40101 SET @saved_cs_client     = @@character_set_client */;
/*!40101 SET character_set_client = utf8 */;
CREATE TABLE `cat_mapping` (
  `QuestionIdFK` int(11) NOT NULL,
  `NestedQuestionIdFK` int(11) NOT NULL,
  `NextQuestionIdFK` int(11) NOT NULL,
  KEY `QuestionIdFK_idx` (`QuestionIdFK`),
  KEY `NestedQuestionIdFK_idx` (`NestedQuestionIdFK`),
  KEY `NextQuestionIdFK3_idx` (`NextQuestionIdFK`),
  CONSTRAINT `NestedQuestionIdFK2` FOREIGN KEY (`NestedQuestionIdFK`) REFERENCES `questions` (`QuestionId`),
  CONSTRAINT `QuestionIdFK1` FOREIGN KEY (`QuestionIdFK`) REFERENCES `questions` (`QuestionId`)
) ENGINE=InnoDB DEFAULT CHARSET=utf8;
/*!40101 SET character_set_client = @saved_cs_client */;

--
-- Dumping data for table `cat_mapping`
--

LOCK TABLES `cat_mapping` WRITE;
/*!40000 ALTER TABLE `cat_mapping` DISABLE KEYS */;
INSERT INTO `cat_mapping` VALUES (77,78,79),(79,80,81),(94,95,96),(96,97,98),(99,100,101),(101,102,103);
/*!40000 ALTER TABLE `cat_mapping` ENABLE KEYS */;
UNLOCK TABLES;

--
-- Table structure for table `epilepsy_activity_block`
--

DROP TABLE IF EXISTS `epilepsy_activity_block`;
/*!40101 SET @saved_cs_client     = @@character_set_client */;
/*!40101 SET character_set_client = utf8 */;
CREATE TABLE `epilepsy_activity_block` (
  `epilepsy_activity_block_id` varchar(255) NOT NULL,
  `epilepsy_activity_name` varchar(45) NOT NULL,
  `type` varchar(45) NOT NULL,
  `ActivityId` char(36) NOT NULL,
  PRIMARY KEY (`epilepsy_activity_block_id`)
) ENGINE=InnoDB DEFAULT CHARSET=latin1;
/*!40101 SET character_set_client = @saved_cs_client */;

--
-- Dumping data for table `epilepsy_activity_block`
--

LOCK TABLES `epilepsy_activity_block` WRITE;
/*!40000 ALTER TABLE `epilepsy_activity_block` DISABLE KEYS */;
/*!40000 ALTER TABLE `epilepsy_activity_block` ENABLE KEYS */;
UNLOCK TABLES;

--
-- Table structure for table `finger_tapping`
--

DROP TABLE IF EXISTS `finger_tapping`;
/*!40101 SET @saved_cs_client     = @@character_set_client */;
/*!40101 SET character_set_client = utf8 */;
CREATE TABLE `finger_tapping` (
  `id` int(11) NOT NULL AUTO_INCREMENT,
  `PatientPinFK` varchar(5) NOT NULL,
  `ActivityInstanceIdFK` int(11) NOT NULL,
  `TimeToTap` int(11) NOT NULL,
  `screenheight` float DEFAULT NULL,
  `screenwidth` float DEFAULT NULL,
  `score` double DEFAULT NULL,
  `CreatedAt` datetime NOT NULL,
  `UpdatedAt` datetime DEFAULT NULL,
  `DeletedAt` datetime DEFAULT NULL,
  `result` text NOT NULL,
  `timetakenToComplete` int(11) NOT NULL,
  `survey` text,
  `parameters` text,
  PRIMARY KEY (`id`),
  KEY `PatientPinFK` (`PatientPinFK`),
  KEY `ActivityInstanceIdFK` (`ActivityInstanceIdFK`),
  CONSTRAINT `finger_tapping_ibfk_1` FOREIGN KEY (`PatientPinFK`) REFERENCES `patients` (`PatientPin`),
  CONSTRAINT `finger_tapping_ibfk_2` FOREIGN KEY (`ActivityInstanceIdFK`) REFERENCES `activity_instance` (`ActivityInstanceId`)
) ENGINE=InnoDB AUTO_INCREMENT=35 DEFAULT CHARSET=utf8;
/*!40101 SET character_set_client = @saved_cs_client */;

--
-- Dumping data for table `finger_tapping`
--

LOCK TABLES `finger_tapping` WRITE;
/*!40000 ALTER TABLE `finger_tapping` DISABLE KEYS */;
INSERT INTO `finger_tapping` VALUES (1,'1003',42,5,1080,1920,NULL,'2017-05-23 09:43:42',NULL,NULL,'{\"left\":28,\"right\":41}',23048,NULL,NULL),(2,'1001',2,5,720,1280,NULL,'2017-05-23 16:15:15',NULL,NULL,'{\"left\":18,\"right\":31}',17559,NULL,NULL),(3,'1002',27,5,1080,1776,NULL,'2017-05-29 10:57:04',NULL,NULL,'{\"left\":49,\"right\":39}',21597,NULL,NULL),(4,'1003',47,5,1080,1776,NULL,'2017-05-29 11:01:52',NULL,NULL,'{\"left\":33,\"right\":40}',21626,NULL,NULL),(5,'1001',7,5,720,1280,NULL,'2017-05-29 11:19:53',NULL,NULL,'{\"left\":22,\"right\":23}',18208,NULL,NULL),(6,'1010',214,5,1080,1776,NULL,'2017-05-31 20:36:47',NULL,NULL,'{\"left\":28,\"right\":32}',18544,NULL,NULL),(7,'1004',90,5,720,1280,NULL,'2017-06-01 10:32:38',NULL,NULL,'{\"left\":44,\"right\":39}',23923,NULL,NULL),(8,'1013',279,5,1440,2392,NULL,'2017-06-09 12:33:10',NULL,NULL,'{\"left\":1,\"right\":16}',16375,NULL,NULL),(9,'1009',308,5,720,1280,NULL,'2017-09-07 13:45:46',NULL,NULL,'{\"left\":18,\"right\":43}',26571,NULL,NULL),(10,'1009',398,5,1080,1776,NULL,'2017-10-27 12:44:57',NULL,NULL,'{\"left\":32,\"right\":49}',19056,NULL,NULL),(11,'2017',411,5,720,1280,NULL,'2018-01-18 19:09:55',NULL,NULL,'{\"left\":21,\"right\":29}',18012,NULL,NULL),(12,'2999',473,5,720,1280,NULL,'2018-03-06 22:47:52',NULL,NULL,'{\"left\":8,\"right\":25}',24320,NULL,NULL),(13,'1009',477,5,720,1280,NULL,'2018-06-29 15:31:27',NULL,NULL,'{\"left\":24,\"right\":34}',16930,NULL,NULL),(14,'1009',521,5,720,1280,NULL,'2018-07-05 06:27:50',NULL,NULL,'{\"left\":27,\"right\":43}',17866,NULL,NULL),(15,'1009',517,5,720,1280,NULL,'2018-07-05 11:21:19',NULL,NULL,'{\"left\":41,\"right\":20}',25149,NULL,NULL),(16,'1009',518,5,720,1280,NULL,'2018-07-05 11:22:23',NULL,NULL,'{\"left\":20,\"right\":45}',16551,NULL,NULL),(17,'1009',569,5,720,1280,NULL,'2018-09-13 17:59:30',NULL,NULL,'{\"left\":22,\"right\":55}',18122,NULL,NULL),(18,'1009',584,5,720,1280,NULL,'2018-10-31 20:10:13',NULL,NULL,'{\"left\":23,\"right\":41}',17241,NULL,NULL),(19,'1009',591,5,720,1280,NULL,'2018-11-07 21:47:45',NULL,NULL,'{\"left\":52,\"right\":36}',24334,NULL,NULL),(20,'1009',593,5,720,1280,NULL,'2018-12-19 11:04:17',NULL,NULL,'{\"left\":33,\"right\":51}',18104,NULL,NULL),(21,'1009',601,5,720,1280,NULL,'2019-01-15 12:33:34',NULL,NULL,'{\"left\":23,\"right\":41}',23365,NULL,NULL),(22,'1009',602,5,720,1280,NULL,'2019-02-07 15:39:03',NULL,NULL,'{\"left\":28,\"right\":42}',19669,NULL,NULL),(28,'1015',673,5,1440,2392,14.300000190734863,'2019-04-09 20:56:04',NULL,NULL,'{\"LEFT\":16,\"RIGHT\":16}',75210,'{\"HadSeizure\":false,\"task\":\"Pre-task Survey\",\"Medication Report\":[],\"NewMedication\":false,\"MissedMedications\":true,\"Recent Seizure info\":[]}','{\"maxDiff\":\"5\",\"twoHands\":\"true\",\"trialTime\":\"5\",\"consecTrials\":\"5\",\"maxTrials\":\"10\"}'),(29,'1009',685,5,1080,1776,0,'2019-07-17 12:00:35',NULL,NULL,'{\"NON-DOMINANT\":21,\"DOMINANT\":25}',83486,'{\"HadSeizure\":false,\"task\":\"Pre-task Survey\",\"Medication Report\":[],\"NewMedication\":false,\"MissedMedications\":false,\"Recent Seizure info\":[]}','{\"maxDiff\":\"5\",\"twoHands\":\"true\",\"trialTime\":\"5\",\"consecTrials\":\"5\",\"maxTrials\":\"10\"}'),(30,'1009',686,5,1080,1776,0,'2019-07-17 17:35:55',NULL,NULL,'{\"NON-DOMINANT\":21,\"DOMINANT\":22}',82179,'{\"HadSeizure\":false,\"task\":\"Pre-task Survey\",\"Medication Report\":[],\"NewMedication\":false,\"MissedMedications\":false,\"Recent Seizure info\":[]}','{\"maxDiff\":\"5\",\"twoHands\":\"true\",\"trialTime\":\"5\",\"consecTrials\":\"5\",\"maxTrials\":\"10\"}'),(31,'1009',697,5,1080,1776,0,'2019-07-17 22:49:28',NULL,NULL,'{\"NON-DOMINANT\":21,\"DOMINANT\":8}',124197,'{\"HadSeizure\":false,\"task\":\"Pre-task Survey\",\"Medication Report\":[],\"NewMedication\":false,\"MissedMedications\":false,\"Recent Seizure info\":[]}','{\"maxDiff\":\"5\",\"twoHands\":\"true\",\"trialTime\":\"5\",\"consecTrials\":\"5\",\"maxTrials\":\"10\"}'),(32,'1009',703,3,1080,1776,0,'2019-07-17 23:04:17',NULL,NULL,'{\"NON-DOMINANT\":13,\"DOMINANT\":12}',51448,'{\"HadSeizure\":false,\"task\":\"Pre-task Survey\",\"Medication Report\":[],\"NewMedication\":false,\"MissedMedications\":false,\"Recent Seizure info\":[]}','{\"maxDiff\":\"3\",\"twoHands\":\"false\",\"trialTime\":\"3\",\"consecTrials\":\"3\",\"maxTrials\":\"10\"}'),(33,'1009',708,5,1080,1776,0,'2019-07-17 23:31:54',NULL,NULL,'{\"NON-DOMINANT\":1,\"DOMINANT\":5}',82452,'{\"HadSeizure\":false,\"task\":\"Pre-task Survey\",\"Medication Report\":[],\"NewMedication\":false,\"MissedMedications\":false,\"Recent Seizure info\":[]}','{\"maxDiff\":\"5\",\"twoHands\":\"true\",\"trialTime\":\"5\",\"consecTrials\":\"5\",\"maxTrials\":\"10\"}'),(34,'1009',709,5,1080,1776,0,'2019-07-17 23:40:27',NULL,NULL,'{\"NON-DOMINANT\":1,\"DOMINANT\":8}',214192,'{\"HadSeizure\":false,\"task\":\"Pre-task Survey\",\"Medication Report\":[],\"NewMedication\":false,\"MissedMedications\":false,\"Recent Seizure info\":[]}','{\"maxDiff\":\"5\",\"twoHands\":\"false\",\"trialTime\":\"5\",\"consecTrials\":\"5\",\"maxTrials\":\"10\"}');
/*!40000 ALTER TABLE `finger_tapping` ENABLE KEYS */;
UNLOCK TABLES;

--
-- Table structure for table `flanker`
--

DROP TABLE IF EXISTS `flanker`;
/*!40101 SET @saved_cs_client     = @@character_set_client */;
/*!40101 SET character_set_client = utf8 */;
CREATE TABLE `flanker` (
  `id` int(11) NOT NULL AUTO_INCREMENT,
  `PatientPinFK` varchar(5) NOT NULL,
  `ActivityInstanceIdFK` int(11) NOT NULL,
  `TotalTimeTaken` int(11) NOT NULL,
  `ScreenHeight` int(11) NOT NULL,
  `ScreenWidth` int(11) NOT NULL,
  `CreatedAt` datetime NOT NULL,
  `UpdatedAt` datetime DEFAULT NULL,
  `DeletedAt` datetime DEFAULT NULL,
  `answers` text,
  `survey` text,
  `parameters` text,
  PRIMARY KEY (`id`),
  KEY `PatientPinFK` (`PatientPinFK`),
  KEY `ActivityInstanceIdFK` (`ActivityInstanceIdFK`),
  CONSTRAINT `flanker_ibfk_1` FOREIGN KEY (`PatientPinFK`) REFERENCES `patients` (`PatientPin`),
  CONSTRAINT `flanker_ibfk_2` FOREIGN KEY (`ActivityInstanceIdFK`) REFERENCES `activity_instance` (`ActivityInstanceId`)
) ENGINE=InnoDB AUTO_INCREMENT=40 DEFAULT CHARSET=utf8;
/*!40101 SET character_set_client = @saved_cs_client */;

--
-- Dumping data for table `flanker`
--

LOCK TABLES `flanker` WRITE;
/*!40000 ALTER TABLE `flanker` DISABLE KEYS */;
INSERT INTO `flanker` VALUES (1,'1001',4,33429,720,1280,'2017-05-22 23:31:09',NULL,NULL,'[{\"result\":true,\"timeTaken\":902,\"questionIndex\":1,\"pattern\":\"11111\"}, {\"result\":false,\"timeTaken\":3093,\"questionIndex\":2,\"pattern\":\"11011\"}, {\"result\":true,\"timeTaken\":1155,\"questionIndex\":3,\"pattern\":\"11011\"}, {\"result\":true,\"timeTaken\":1511,\"questionIndex\":4,\"pattern\":\"00100\"}, {\"result\":true,\"timeTaken\":1723,\"questionIndex\":5,\"pattern\":\"11011\"}]',NULL,NULL),(2,'1003',44,33434,1080,1920,'2017-05-23 09:42:55',NULL,NULL,'[{\"result\":true,\"timeTaken\":1317,\"questionIndex\":1,\"pattern\":\"11111\"}, {\"result\":true,\"timeTaken\":2053,\"questionIndex\":2,\"pattern\":\"11011\"}, {\"result\":true,\"timeTaken\":1685,\"questionIndex\":3,\"pattern\":\"00100\"}, {\"result\":true,\"timeTaken\":1636,\"questionIndex\":4,\"pattern\":\"00100\"}, {\"result\":true,\"timeTaken\":1693,\"questionIndex\":5,\"pattern\":\"00100\"}]',NULL,NULL),(3,'1003',62,29197,1080,1920,'2017-05-23 19:41:22',NULL,NULL,'[{\"result\":true,\"timeTaken\":818,\"questionIndex\":1,\"pattern\":\"00100\"}, {\"result\":true,\"timeTaken\":768,\"questionIndex\":2,\"pattern\":\"00000\"}, {\"result\":true,\"timeTaken\":652,\"questionIndex\":3,\"pattern\":\"11111\"}, {\"result\":true,\"timeTaken\":1007,\"questionIndex\":4,\"pattern\":\"00000\"}, {\"result\":true,\"timeTaken\":900,\"questionIndex\":5,\"pattern\":\"11011\"}]',NULL,NULL),(4,'1002',24,30701,720,1280,'2017-05-24 00:35:30',NULL,NULL,'[{\"result\":true,\"timeTaken\":1198,\"questionIndex\":1,\"pattern\":\"11011\"}, {\"result\":true,\"timeTaken\":1141,\"questionIndex\":2,\"pattern\":\"11011\"}, {\"result\":true,\"timeTaken\":1047,\"questionIndex\":3,\"pattern\":\"00100\"}, {\"result\":true,\"timeTaken\":1342,\"questionIndex\":4,\"pattern\":\"00000\"}, {\"result\":false,\"timeTaken\":928,\"questionIndex\":5,\"pattern\":\"00000\"}]',NULL,NULL),(5,'1004',87,30285,720,1280,'2017-05-28 01:09:56',NULL,NULL,'[{\"result\":true,\"timeTaken\":1200,\"questionIndex\":1,\"pattern\":\"11111\"}, {\"result\":true,\"timeTaken\":1039,\"questionIndex\":2,\"pattern\":\"00100\"}, {\"result\":true,\"timeTaken\":1006,\"questionIndex\":3,\"pattern\":\"00000\"}, {\"result\":true,\"timeTaken\":953,\"questionIndex\":4,\"pattern\":\"11011\"}, {\"result\":true,\"timeTaken\":1037,\"questionIndex\":5,\"pattern\":\"00000\"}]',NULL,NULL),(6,'1002',29,29925,1080,1776,'2017-05-29 10:54:42',NULL,NULL,'[{\"result\":true,\"timeTaken\":986,\"questionIndex\":1,\"pattern\":\"00000\"}, {\"result\":true,\"timeTaken\":1209,\"questionIndex\":2,\"pattern\":\"11011\"}, {\"result\":true,\"timeTaken\":894,\"questionIndex\":3,\"pattern\":\"11011\"}, {\"result\":true,\"timeTaken\":902,\"questionIndex\":4,\"pattern\":\"11011\"}, {\"result\":true,\"timeTaken\":886,\"questionIndex\":5,\"pattern\":\"00000\"}]',NULL,NULL),(7,'1003',49,33382,1080,1776,'2017-05-29 11:01:11',NULL,NULL,'[{\"result\":true,\"timeTaken\":1186,\"questionIndex\":1,\"pattern\":\"11111\"}, {\"result\":true,\"timeTaken\":1477,\"questionIndex\":2,\"pattern\":\"00000\"}, {\"result\":false,\"timeTaken\":1804,\"questionIndex\":3,\"pattern\":\"00100\"}, {\"result\":true,\"timeTaken\":2605,\"questionIndex\":4,\"pattern\":\"11011\"}, {\"result\":true,\"timeTaken\":1262,\"questionIndex\":5,\"pattern\":\"00000\"}]',NULL,NULL),(8,'1001',9,33206,720,1280,'2017-05-29 11:22:52',NULL,NULL,'[{\"result\":true,\"timeTaken\":1154,\"questionIndex\":1,\"pattern\":\"00100\"}, {\"result\":true,\"timeTaken\":1215,\"questionIndex\":2,\"pattern\":\"11011\"}, {\"result\":true,\"timeTaken\":1339,\"questionIndex\":3,\"pattern\":\"11011\"}, {\"result\":true,\"timeTaken\":2255,\"questionIndex\":4,\"pattern\":\"00100\"}, {\"result\":true,\"timeTaken\":2193,\"questionIndex\":5,\"pattern\":\"00100\"}]',NULL,NULL),(9,'1008',185,43752,1440,2392,'2017-05-30 18:18:23',NULL,NULL,'[{\"result\":true,\"timeTaken\":6807,\"questionIndex\":1,\"pattern\":\"11111\"}, {\"result\":false,\"timeTaken\":5308,\"questionIndex\":2,\"pattern\":\"00100\"}, {\"result\":false,\"timeTaken\":4273,\"questionIndex\":3,\"pattern\":\"11011\"}, {\"result\":true,\"timeTaken\":1379,\"questionIndex\":4,\"pattern\":\"00000\"}, {\"result\":true,\"timeTaken\":942,\"questionIndex\":5,\"pattern\":\"00000\"}]',NULL,NULL),(10,'1010',216,28995,1080,1776,'2017-05-31 20:36:13',NULL,NULL,'[{\"result\":true,\"timeTaken\":882,\"questionIndex\":1,\"pattern\":\"00000\"}, {\"result\":true,\"timeTaken\":631,\"questionIndex\":2,\"pattern\":\"11111\"}, {\"result\":true,\"timeTaken\":818,\"questionIndex\":3,\"pattern\":\"00000\"}, {\"result\":true,\"timeTaken\":764,\"questionIndex\":4,\"pattern\":\"00000\"}, {\"result\":true,\"timeTaken\":836,\"questionIndex\":5,\"pattern\":\"00000\"}]',NULL,NULL),(11,'1004',92,29883,720,1280,'2017-06-01 10:30:16',NULL,NULL,'[{\"result\":true,\"timeTaken\":1152,\"questionIndex\":1,\"pattern\":\"11111\"}, {\"result\":true,\"timeTaken\":956,\"questionIndex\":2,\"pattern\":\"11111\"}, {\"result\":true,\"timeTaken\":1090,\"questionIndex\":3,\"pattern\":\"11011\"}, {\"result\":true,\"timeTaken\":824,\"questionIndex\":4,\"pattern\":\"00100\"}, {\"result\":true,\"timeTaken\":812,\"questionIndex\":5,\"pattern\":\"00100\"}]',NULL,NULL),(12,'1013',281,31320,1440,2392,'2017-06-09 12:31:56',NULL,NULL,'[{\"result\":false,\"timeTaken\":1397,\"questionIndex\":1,\"pattern\":\"11011\"}, {\"result\":true,\"timeTaken\":1441,\"questionIndex\":2,\"pattern\":\"11011\"}, {\"result\":false,\"timeTaken\":1272,\"questionIndex\":3,\"pattern\":\"11011\"}, {\"result\":true,\"timeTaken\":1081,\"questionIndex\":4,\"pattern\":\"11011\"}, {\"result\":true,\"timeTaken\":1078,\"questionIndex\":5,\"pattern\":\"11111\"}]',NULL,NULL),(13,'1009',309,32392,720,1280,'2017-09-07 14:08:57',NULL,NULL,'[{\"result\":true,\"timeTaken\":1094,\"questionIndex\":1,\"pattern\":\"11011\"}, {\"result\":true,\"timeTaken\":2591,\"questionIndex\":2,\"pattern\":\"00000\"}, {\"result\":false,\"timeTaken\":1075,\"questionIndex\":3,\"pattern\":\"00100\"}, {\"result\":true,\"timeTaken\":1318,\"questionIndex\":4,\"pattern\":\"11011\"}, {\"result\":true,\"timeTaken\":1269,\"questionIndex\":5,\"pattern\":\"11011\"}]',NULL,NULL),(14,'1009',311,29199,720,1280,'2017-09-07 15:38:31',NULL,NULL,'[{\"result\":false,\"timeTaken\":729,\"questionIndex\":1,\"pattern\":\"00100\"}, {\"result\":true,\"timeTaken\":750,\"questionIndex\":2,\"pattern\":\"00100\"}, {\"result\":true,\"timeTaken\":968,\"questionIndex\":3,\"pattern\":\"11011\"}, {\"result\":true,\"timeTaken\":844,\"questionIndex\":4,\"pattern\":\"00100\"}, {\"result\":false,\"timeTaken\":871,\"questionIndex\":5,\"pattern\":\"11111\"}]',NULL,NULL),(15,'2999',471,35963,720,1280,'2018-03-06 22:46:45',NULL,NULL,'[{\"result\":true,\"timeTaken\":2407,\"questionIndex\":1,\"pattern\":\"11111\"}, {\"result\":false,\"timeTaken\":6233,\"questionIndex\":2,\"pattern\":\"11011\"}, {\"result\":true,\"timeTaken\":972,\"questionIndex\":3,\"pattern\":\"11111\"}, {\"result\":true,\"timeTaken\":234,\"questionIndex\":4,\"pattern\":\"00100\"}, {\"result\":true,\"timeTaken\":1078,\"questionIndex\":5,\"pattern\":\"11011\"}]',NULL,NULL),(16,'1009',476,33642,720,1280,'2018-06-29 15:29:11',NULL,NULL,'[{\"result\":false,\"timeTaken\":102,\"questionIndex\":1,\"pattern\":\"00000\"}, {\"result\":true,\"timeTaken\":1591,\"questionIndex\":2,\"pattern\":\"11011\"}, {\"result\":true,\"timeTaken\":1112,\"questionIndex\":3,\"pattern\":\"11011\"}, {\"result\":true,\"timeTaken\":2916,\"questionIndex\":4,\"pattern\":\"00000\"}, {\"result\":true,\"timeTaken\":2877,\"questionIndex\":5,\"pattern\":\"11111\"}]',NULL,NULL),(17,'1009',509,34593,720,1280,'2018-06-29 15:31:03',NULL,NULL,'[{\"result\":true,\"timeTaken\":6233,\"questionIndex\":1,\"pattern\":\"11011\"}, {\"result\":true,\"timeTaken\":821,\"questionIndex\":2,\"pattern\":\"11111\"}, {\"result\":true,\"timeTaken\":706,\"questionIndex\":3,\"pattern\":\"11111\"}, {\"result\":true,\"timeTaken\":879,\"questionIndex\":4,\"pattern\":\"11111\"}, {\"result\":true,\"timeTaken\":911,\"questionIndex\":5,\"pattern\":\"00100\"}]',NULL,NULL),(18,'1009',543,29070,720,1280,'2018-07-05 06:30:56',NULL,NULL,'[{\"result\":false,\"timeTaken\":95,\"questionIndex\":1,\"pattern\":\"11111\"}, {\"result\":true,\"timeTaken\":1057,\"questionIndex\":2,\"pattern\":\"11011\"}, {\"result\":true,\"timeTaken\":980,\"questionIndex\":3,\"pattern\":\"11011\"}, {\"result\":true,\"timeTaken\":986,\"questionIndex\":4,\"pattern\":\"11111\"}, {\"result\":true,\"timeTaken\":929,\"questionIndex\":5,\"pattern\":\"11111\"}]',NULL,NULL),(19,'1009',536,31945,720,1280,'2018-07-05 11:18:37',NULL,NULL,'[{\"result\":true,\"timeTaken\":1785,\"questionIndex\":1,\"pattern\":\"11011\"}, {\"result\":true,\"timeTaken\":870,\"questionIndex\":2,\"pattern\":\"11111\"}, {\"result\":true,\"timeTaken\":1223,\"questionIndex\":3,\"pattern\":\"11011\"}, {\"result\":true,\"timeTaken\":1712,\"questionIndex\":4,\"pattern\":\"00100\"}, {\"result\":true,\"timeTaken\":1308,\"questionIndex\":5,\"pattern\":\"00000\"}]',NULL,NULL),(20,'1009',571,29995,1080,1776,'2018-09-13 18:16:49',NULL,NULL,'[{\"result\":true,\"timeTaken\":1241,\"questionIndex\":1,\"pattern\":\"11111\"}, {\"result\":true,\"timeTaken\":821,\"questionIndex\":2,\"pattern\":\"11111\"}, {\"result\":true,\"timeTaken\":876,\"questionIndex\":3,\"pattern\":\"11011\"}, {\"result\":true,\"timeTaken\":849,\"questionIndex\":4,\"pattern\":\"00000\"}, {\"result\":true,\"timeTaken\":1155,\"questionIndex\":5,\"pattern\":\"00100\"}]',NULL,NULL),(21,'1009',579,28552,720,1280,'2018-09-14 09:14:47',NULL,NULL,'[{\"result\":true,\"timeTaken\":860,\"questionIndex\":1,\"pattern\":\"11011\"}, {\"result\":true,\"timeTaken\":636,\"questionIndex\":2,\"pattern\":\"00000\"}, {\"result\":true,\"timeTaken\":678,\"questionIndex\":3,\"pattern\":\"00100\"}, {\"result\":true,\"timeTaken\":606,\"questionIndex\":4,\"pattern\":\"00100\"}, {\"result\":true,\"timeTaken\":731,\"questionIndex\":5,\"pattern\":\"11011\"}]',NULL,NULL),(22,'1009',581,29142,720,1280,'2018-09-26 11:56:54',NULL,NULL,'[{\"result\":true,\"timeTaken\":882,\"questionIndex\":1,\"pattern\":\"00000\"}, {\"result\":false,\"timeTaken\":538,\"questionIndex\":2,\"pattern\":\"11011\"}, {\"result\":false,\"timeTaken\":1199,\"questionIndex\":3,\"pattern\":\"11011\"}, {\"result\":true,\"timeTaken\":816,\"questionIndex\":4,\"pattern\":\"00000\"}, {\"result\":true,\"timeTaken\":674,\"questionIndex\":5,\"pattern\":\"00000\"}]',NULL,NULL),(23,'1009',586,31594,720,1280,'2018-10-31 20:09:44',NULL,NULL,'[{\"result\":true,\"timeTaken\":1520,\"questionIndex\":1,\"pattern\":\"11011\"}, {\"result\":true,\"timeTaken\":1072,\"questionIndex\":2,\"pattern\":\"11011\"}, {\"result\":true,\"timeTaken\":1475,\"questionIndex\":3,\"pattern\":\"11011\"}, {\"result\":true,\"timeTaken\":1032,\"questionIndex\":4,\"pattern\":\"11111\"}, {\"result\":true,\"timeTaken\":1448,\"questionIndex\":5,\"pattern\":\"11011\"}]',NULL,NULL),(24,'1009',588,31509,720,1280,'2018-11-07 21:33:33',NULL,NULL,'[{\"result\":true,\"timeTaken\":2566,\"questionIndex\":1,\"pattern\":\"11111\"}, {\"result\":true,\"timeTaken\":1087,\"questionIndex\":2,\"pattern\":\"00000\"}, {\"result\":true,\"timeTaken\":1002,\"questionIndex\":3,\"pattern\":\"11111\"}, {\"result\":true,\"timeTaken\":894,\"questionIndex\":4,\"pattern\":\"00000\"}, {\"result\":true,\"timeTaken\":914,\"questionIndex\":5,\"pattern\":\"11011\"}]',NULL,NULL),(25,'1009',605,32891,720,1280,'2019-02-07 15:41:45',NULL,NULL,'[{\"result\":true,\"timeTaken\":1613,\"questionIndex\":1,\"pattern\":\"11111\"}, {\"result\":true,\"timeTaken\":1591,\"questionIndex\":2,\"pattern\":\"00000\"}, {\"result\":true,\"timeTaken\":1972,\"questionIndex\":3,\"pattern\":\"00100\"}, {\"result\":false,\"timeTaken\":1649,\"questionIndex\":4,\"pattern\":\"00100\"}, {\"result\":false,\"timeTaken\":1023,\"questionIndex\":5,\"pattern\":\"00000\"}]',NULL,NULL),(26,'1013',632,11000,1080,1920,'2019-03-09 22:35:09',NULL,NULL,'[{\"result\":true,\"timeTaken\":6932,\"questionIndex\":1,\"pattern\":\"11\"}, {\"result\":false,\"timeTaken\":2629,\"questionIndex\":2,\"pattern\":\"01\"}, {\"result\":true,\"timeTaken\":1626,\"questionIndex\":3,\"pattern\":\"11\"}, {\"result\":false,\"timeTaken\":2350,\"questionIndex\":4,\"pattern\":\"01\"}, {\"result\":true,\"timeTaken\":12974,\"questionIndex\":5,\"pattern\":\"00\"}]','{\"HadSeizure\":false,\"task\":\"Pre-task Survey\",\"Medication Report\":[],\"NewMedication\":false,\"MissedMedications\":false,\"Recent Seizure info\":[]}',NULL),(27,'1014',640,157050,1440,2712,'2019-04-04 09:13:47',NULL,NULL,'[{\"result\":true,\"timeTaken\":2723,\"questionIndex\":1,\"pattern\":\"00100\"}, {\"result\":true,\"timeTaken\":918,\"questionIndex\":2,\"pattern\":\"00000\"}, {\"result\":true,\"timeTaken\":1747,\"questionIndex\":3,\"pattern\":\"00000\"}, {\"result\":true,\"timeTaken\":1459,\"questionIndex\":4,\"pattern\":\"11011\"}, {\"result\":true,\"timeTaken\":4330,\"questionIndex\":5,\"pattern\":\"11111\"}, {\"result\":true,\"timeTaken\":1927,\"questionIndex\":6,\"pattern\":\"00100\"}, {\"result\":true,\"timeTaken\":1038,\"questionIndex\":7,\"pattern\":\"11111\"}, {\"result\":true,\"timeTaken\":1195,\"questionIndex\":8,\"pattern\":\"00100\"}, {\"result\":true,\"timeTaken\":775,\"questionIndex\":9,\"pattern\":\"00100\"}, {\"result\":true,\"timeTaken\":28694,\"questionIndex\":10,\"pattern\":\"00100\"}, {\"result\":true,\"timeTaken\":1260,\"questionIndex\":11,\"pattern\":\"00100\"}, {\"result\":true,\"timeTaken\":2187,\"questionIndex\":12,\"pattern\":\"11011\"}, {\"result\":true,\"timeTaken\":378,\"questionIndex\":13,\"pattern\":\"11111\"}, {\"result\":true,\"timeTaken\":1050,\"questionIndex\":14,\"pattern\":\"00000\"}, {\"result\":true,\"timeTaken\":1524,\"questionIndex\":15,\"pattern\":\"11011\"}, {\"result\":true,\"timeTaken\":688,\"questionIndex\":16,\"pattern\":\"11111\"}, {\"result\":true,\"timeTaken\":1327,\"questionIndex\":17,\"pattern\":\"00100\"}, {\"result\":true,\"timeTaken\":1541,\"questionIndex\":18,\"pattern\":\"11011\"}, {\"result\":true,\"timeTaken\":1048,\"questionIndex\":19,\"pattern\":\"11111\"}, {\"result\":true,\"timeTaken\":1002,\"questionIndex\":20,\"pattern\":\"11011\"}]','{\"HadSeizure\":true,\"task\":\"Pre-task Survey\",\"Medication Report\":[],\"NewMedication\":true,\"MissedMedications\":false,\"Recent Seizure info\":[]}',NULL),(28,'1014',641,170014,1440,2712,'2019-04-04 10:43:51',NULL,NULL,'[{\"result\":true,\"timeTaken\":1453,\"questionIndex\":1,\"pattern\":\"00100\"}, {\"result\":true,\"timeTaken\":1358,\"questionIndex\":2,\"pattern\":\"11011\"}, {\"result\":true,\"timeTaken\":1688,\"questionIndex\":3,\"pattern\":\"00100\"}, {\"result\":true,\"timeTaken\":728,\"questionIndex\":4,\"pattern\":\"11011\"}, {\"result\":true,\"timeTaken\":1436,\"questionIndex\":5,\"pattern\":\"00000\"}, {\"result\":true,\"timeTaken\":1322,\"questionIndex\":6,\"pattern\":\"00000\"}, {\"result\":true,\"timeTaken\":889,\"questionIndex\":7,\"pattern\":\"00000\"}, {\"result\":true,\"timeTaken\":1291,\"questionIndex\":8,\"pattern\":\"11011\"}, {\"result\":true,\"timeTaken\":2203,\"questionIndex\":9,\"pattern\":\"00100\"}, {\"result\":true,\"timeTaken\":6484,\"questionIndex\":10,\"pattern\":\"11111\"}, {\"result\":false,\"timeTaken\":25163,\"questionIndex\":11,\"pattern\":\"11011\"}, {\"result\":true,\"timeTaken\":4269,\"questionIndex\":12,\"pattern\":\"00000\"}, {\"result\":true,\"timeTaken\":1586,\"questionIndex\":13,\"pattern\":\"11011\"}, {\"result\":true,\"timeTaken\":1577,\"questionIndex\":14,\"pattern\":\"00000\"}, {\"result\":true,\"timeTaken\":1179,\"questionIndex\":15,\"pattern\":\"11011\"}, {\"result\":true,\"timeTaken\":904,\"questionIndex\":16,\"pattern\":\"11011\"}, {\"result\":true,\"timeTaken\":6104,\"questionIndex\":17,\"pattern\":\"11011\"}, {\"result\":false,\"timeTaken\":646,\"questionIndex\":18,\"pattern\":\"11011\"}, {\"result\":false,\"timeTaken\":4543,\"questionIndex\":19,\"pattern\":\"11011\"}, {\"result\":true,\"timeTaken\":4625,\"questionIndex\":20,\"pattern\":\"00100\"}]','{\"HadSeizure\":false,\"task\":\"Pre-task Survey\",\"Medication Report\":[],\"NewMedication\":false,\"MissedMedications\":false,\"Recent Seizure info\":[]}',NULL),(29,'1015',651,173460,1440,2712,'2019-04-04 13:14:23',NULL,NULL,'[{\"result\":true,\"timeTaken\":1212,\"questionIndex\":1,\"pattern\":\"00000\"}, {\"result\":true,\"timeTaken\":700,\"questionIndex\":2,\"pattern\":\"11111\"}, {\"result\":true,\"timeTaken\":1235,\"questionIndex\":3,\"pattern\":\"11111\"}, {\"result\":true,\"timeTaken\":3665,\"questionIndex\":4,\"pattern\":\"00000\"}, {\"result\":true,\"timeTaken\":1434,\"questionIndex\":5,\"pattern\":\"11011\"}, {\"result\":true,\"timeTaken\":1090,\"questionIndex\":6,\"pattern\":\"00100\"}, {\"result\":true,\"timeTaken\":1205,\"questionIndex\":7,\"pattern\":\"11111\"}, {\"result\":true,\"timeTaken\":2974,\"questionIndex\":8,\"pattern\":\"00100\"}, {\"result\":true,\"timeTaken\":29606,\"questionIndex\":9,\"pattern\":\"11111\"}, {\"result\":true,\"timeTaken\":953,\"questionIndex\":10,\"pattern\":\"00000\"}, {\"result\":true,\"timeTaken\":1019,\"questionIndex\":11,\"pattern\":\"00000\"}, {\"result\":true,\"timeTaken\":1390,\"questionIndex\":12,\"pattern\":\"11011\"}, {\"result\":true,\"timeTaken\":1492,\"questionIndex\":13,\"pattern\":\"11111\"}, {\"result\":true,\"timeTaken\":646,\"questionIndex\":14,\"pattern\":\"11111\"}, {\"result\":true,\"timeTaken\":6870,\"questionIndex\":15,\"pattern\":\"00100\"}, {\"result\":true,\"timeTaken\":1431,\"questionIndex\":16,\"pattern\":\"11111\"}, {\"result\":true,\"timeTaken\":1775,\"questionIndex\":17,\"pattern\":\"00100\"}, {\"result\":true,\"timeTaken\":10473,\"questionIndex\":18,\"pattern\":\"00100\"}, {\"result\":true,\"timeTaken\":3022,\"questionIndex\":19,\"pattern\":\"00100\"}, {\"result\":true,\"timeTaken\":1013,\"questionIndex\":20,\"pattern\":\"00000\"}]','{\"HadSeizure\":true,\"task\":\"Pre-task Survey\",\"Medication Report\":[],\"NewMedication\":true,\"MissedMedications\":false,\"Recent Seizure info\":[]}',NULL),(30,'1015',656,175119,720,1280,'2019-04-04 13:51:25',NULL,NULL,'[{\"result\":true,\"timeTaken\":1039,\"questionIndex\":1,\"pattern\":\"00000\"}, {\"result\":true,\"timeTaken\":2316,\"questionIndex\":2,\"pattern\":\"11011\"}, {\"result\":false,\"timeTaken\":4197,\"questionIndex\":3,\"pattern\":\"00100\"}, {\"result\":true,\"timeTaken\":992,\"questionIndex\":4,\"pattern\":\"00000\"}, {\"result\":true,\"timeTaken\":991,\"questionIndex\":5,\"pattern\":\"00100\"}, {\"result\":true,\"timeTaken\":1368,\"questionIndex\":6,\"pattern\":\"00000\"}, {\"result\":true,\"timeTaken\":749,\"questionIndex\":7,\"pattern\":\"00000\"}, {\"result\":true,\"timeTaken\":5825,\"questionIndex\":8,\"pattern\":\"11111\"}, {\"result\":false,\"timeTaken\":29534,\"questionIndex\":9,\"pattern\":\"00000\"}, {\"result\":false,\"timeTaken\":1372,\"questionIndex\":10,\"pattern\":\"11011\"}, {\"result\":true,\"timeTaken\":1339,\"questionIndex\":11,\"pattern\":\"11011\"}, {\"result\":false,\"timeTaken\":1215,\"questionIndex\":12,\"pattern\":\"00000\"}, {\"result\":true,\"timeTaken\":702,\"questionIndex\":13,\"pattern\":\"11111\"}, {\"result\":false,\"timeTaken\":5549,\"questionIndex\":14,\"pattern\":\"00000\"}, {\"result\":true,\"timeTaken\":1263,\"questionIndex\":15,\"pattern\":\"00000\"}, {\"result\":true,\"timeTaken\":1298,\"questionIndex\":16,\"pattern\":\"00100\"}, {\"result\":true,\"timeTaken\":1091,\"questionIndex\":17,\"pattern\":\"00000\"}, {\"result\":true,\"timeTaken\":1165,\"questionIndex\":18,\"pattern\":\"11011\"}, {\"result\":true,\"timeTaken\":1053,\"questionIndex\":19,\"pattern\":\"00000\"}, {\"result\":true,\"timeTaken\":11895,\"questionIndex\":20,\"pattern\":\"11011\"}]','{\"HadSeizure\":true,\"task\":\"Pre-task Survey\",\"Medication Report\":[],\"NewMedication\":false,\"MissedMedications\":false,\"Recent Seizure info\":[]}',NULL),(31,'1015',655,30434,720,1280,'2019-04-04 14:00:43',NULL,NULL,'[{\"result\":true,\"timeTaken\":1039,\"questionIndex\":1,\"pattern\":\"11111\"}, {\"result\":true,\"timeTaken\":692,\"questionIndex\":2,\"pattern\":\"11111\"}, {\"result\":false,\"timeTaken\":951,\"questionIndex\":3,\"pattern\":\"11111\"}, {\"result\":true,\"timeTaken\":1939,\"questionIndex\":4,\"pattern\":\"00100\"}, {\"result\":true,\"timeTaken\":773,\"questionIndex\":5,\"pattern\":\"11111\"}]','{\"HadSeizure\":true,\"task\":\"Pre-task Survey\",\"Medication Report\":[],\"NewMedication\":true,\"MissedMedications\":true,\"Recent Seizure info\":[]}',NULL),(32,'1015',663,61578,720,1280,'2019-04-04 15:07:05',NULL,NULL,'[{\"result\":true,\"timeTaken\":1060,\"questionIndex\":1,\"pattern\":\"00000\"}, {\"result\":true,\"timeTaken\":4090,\"questionIndex\":2,\"pattern\":\"11111\"}, {\"result\":true,\"timeTaken\":813,\"questionIndex\":3,\"pattern\":\"00000\"}, {\"result\":true,\"timeTaken\":30334,\"questionIndex\":4,\"pattern\":\"11111\"}, {\"result\":true,\"timeTaken\":250,\"questionIndex\":5,\"pattern\":\"00000\"}]','{\"HadSeizure\":true,\"task\":\"Pre-task Survey\",\"Medication Report\":[],\"NewMedication\":true,\"MissedMedications\":false,\"Recent Seizure info\":[]}',NULL),(33,'1015',665,30131,720,1280,'2019-04-04 15:52:17',NULL,NULL,'[{\"result\":true,\"timeTaken\":752,\"questionIndex\":1,\"pattern\":\"11111\"}, {\"result\":true,\"timeTaken\":949,\"questionIndex\":2,\"pattern\":\"11011\"}, {\"result\":true,\"timeTaken\":1519,\"questionIndex\":3,\"pattern\":\"00100\"}, {\"result\":true,\"timeTaken\":1108,\"questionIndex\":4,\"pattern\":\"11011\"}, {\"result\":true,\"timeTaken\":762,\"questionIndex\":5,\"pattern\":\"00000\"}]','{\"HadSeizure\":true,\"task\":\"Pre-task Survey\",\"Medication Report\":[],\"NewMedication\":true,\"MissedMedications\":true,\"Recent Seizure info\":[]}',NULL),(34,'1015',666,71967,720,1280,'2019-04-04 16:01:39',NULL,NULL,'[{\"result\":true,\"timeTaken\":1454,\"questionIndex\":1,\"pattern\":\"00100\"}, {\"result\":true,\"timeTaken\":2868,\"questionIndex\":2,\"pattern\":\"00100\"}, {\"result\":true,\"timeTaken\":8822,\"questionIndex\":3,\"pattern\":\"00100\"}, {\"result\":true,\"timeTaken\":1279,\"questionIndex\":4,\"pattern\":\"00000\"}, {\"result\":true,\"timeTaken\":3114,\"questionIndex\":5,\"pattern\":\"00100\"}, {\"result\":true,\"timeTaken\":630,\"questionIndex\":6,\"pattern\":\"11111\"}, {\"result\":true,\"timeTaken\":581,\"questionIndex\":7,\"pattern\":\"11111\"}, {\"result\":true,\"timeTaken\":675,\"questionIndex\":8,\"pattern\":\"11011\"}, {\"result\":true,\"timeTaken\":1679,\"questionIndex\":9,\"pattern\":\"11111\"}, {\"result\":true,\"timeTaken\":789,\"questionIndex\":10,\"pattern\":\"00000\"}]','{\"HadSeizure\":true,\"task\":\"Pre-task Survey\",\"Medication Report\":[],\"NewMedication\":false,\"MissedMedications\":false,\"Recent Seizure info\":[]}',NULL),(35,'1015',667,4980,1440,2392,'2019-04-08 23:35:52',NULL,NULL,'[{\"result\":true,\"timeTaken\":1235,\"questionIndex\":1,\"pattern\":\"00\"}, {\"result\":false,\"timeTaken\":139,\"questionIndex\":2,\"pattern\":\"01\"}, {\"result\":false,\"timeTaken\":134,\"questionIndex\":3,\"pattern\":\"01\"}, {\"result\":true,\"timeTaken\":139,\"questionIndex\":4,\"pattern\":\"00\"}, {\"result\":false,\"timeTaken\":132,\"questionIndex\":5,\"pattern\":\"10\"}, {\"result\":false,\"timeTaken\":132,\"questionIndex\":6,\"pattern\":\"10\"}, {\"result\":false,\"timeTaken\":132,\"questionIndex\":7,\"pattern\":\"10\"}, {\"result\":true,\"timeTaken\":109,\"questionIndex\":8,\"pattern\":\"11\"}, {\"result\":false,\"timeTaken\":132,\"questionIndex\":9,\"pattern\":\"10\"}, {\"result\":true,\"timeTaken\":150,\"questionIndex\":10,\"pattern\":\"00\"}, {\"result\":false,\"timeTaken\":131,\"questionIndex\":11,\"pattern\":\"01\"}, {\"result\":true,\"timeTaken\":149,\"questionIndex\":12,\"pattern\":\"00\"}, {\"result\":true,\"timeTaken\":837,\"questionIndex\":13,\"pattern\":\"00\"}, {\"result\":false,\"timeTaken\":152,\"questionIndex\":14,\"pattern\":\"10\"}, {\"result\":true,\"timeTaken\":149,\"questionIndex\":15,\"pattern\":\"11\"}, {\"result\":true,\"timeTaken\":148,\"questionIndex\":16,\"pattern\":\"00\"}, {\"result\":true,\"timeTaken\":157,\"questionIndex\":17,\"pattern\":\"00\"}, {\"result\":false,\"timeTaken\":245,\"questionIndex\":18,\"pattern\":\"10\"}, {\"result\":true,\"timeTaken\":164,\"questionIndex\":19,\"pattern\":\"00\"}, {\"result\":false,\"timeTaken\":174,\"questionIndex\":20,\"pattern\":\"10\"}]','{\"HadSeizure\":true,\"task\":\"Pre-task Survey\",\"Medication Report\":[],\"NewMedication\":false,\"MissedMedications\":false,\"Recent Seizure info\":[]}','{\"noOfQuestions\":\"10\"}'),(36,'1009',682,151685,1080,1776,'2019-07-16 20:40:50',NULL,NULL,'[{\"result\":false,\"timeTaken\":1367,\"questionIndex\":1,\"pattern\":\"00000\"}, {\"result\":true,\"timeTaken\":1815,\"questionIndex\":2,\"pattern\":\"11011\"}, {\"result\":true,\"timeTaken\":1188,\"questionIndex\":3,\"pattern\":\"00100\"}, {\"result\":true,\"timeTaken\":663,\"questionIndex\":4,\"pattern\":\"00000\"}, {\"result\":true,\"timeTaken\":1397,\"questionIndex\":5,\"pattern\":\"00000\"}, {\"result\":false,\"timeTaken\":990,\"questionIndex\":6,\"pattern\":\"00000\"}, {\"result\":true,\"timeTaken\":1647,\"questionIndex\":7,\"pattern\":\"00100\"}, {\"result\":false,\"timeTaken\":1487,\"questionIndex\":8,\"pattern\":\"11011\"}, {\"result\":true,\"timeTaken\":938,\"questionIndex\":9,\"pattern\":\"11111\"}, {\"result\":false,\"timeTaken\":3103,\"questionIndex\":10,\"pattern\":\"11011\"}, {\"result\":true,\"timeTaken\":1312,\"questionIndex\":11,\"pattern\":\"00000\"}, {\"result\":true,\"timeTaken\":1658,\"questionIndex\":12,\"pattern\":\"00100\"}, {\"result\":false,\"timeTaken\":1573,\"questionIndex\":13,\"pattern\":\"00000\"}, {\"result\":true,\"timeTaken\":1580,\"questionIndex\":14,\"pattern\":\"00100\"}, {\"result\":true,\"timeTaken\":1655,\"questionIndex\":15,\"pattern\":\"00100\"}, {\"result\":true,\"timeTaken\":4876,\"questionIndex\":16,\"pattern\":\"11111\"}, {\"result\":true,\"timeTaken\":4519,\"questionIndex\":17,\"pattern\":\"00100\"}, {\"result\":false,\"timeTaken\":2119,\"questionIndex\":18,\"pattern\":\"00000\"}, {\"result\":true,\"timeTaken\":14586,\"questionIndex\":19,\"pattern\":\"00100\"}, {\"result\":true,\"timeTaken\":3013,\"questionIndex\":20,\"pattern\":\"00100\"}]','{\"HadSeizure\":false,\"task\":\"Pre-task Survey\",\"Medication Report\":{\"clonazepam (Klonopin, Rivotril)\":\"missed\"},\"NewMedication\":false,\"MissedMedications\":true,\"Recent Seizure info\":[]}','{\"pauseTime\":\"5\",\"noOfQuestions\":\"20\"}'),(37,'1009',699,121019,1080,1776,'2019-07-17 22:57:41',NULL,NULL,'[{\"result\":false,\"timeTaken\":988,\"questionIndex\":1,\"pattern\":\"00000\"}, {\"result\":false,\"timeTaken\":1521,\"questionIndex\":2,\"pattern\":\"00100\"}, {\"result\":true,\"timeTaken\":1019,\"questionIndex\":3,\"pattern\":\"00100\"}, {\"result\":false,\"timeTaken\":985,\"questionIndex\":4,\"pattern\":\"00000\"}, {\"result\":false,\"timeTaken\":1316,\"questionIndex\":5,\"pattern\":\"11011\"}, {\"result\":false,\"timeTaken\":894,\"questionIndex\":6,\"pattern\":\"00000\"}, {\"result\":true,\"timeTaken\":1106,\"questionIndex\":7,\"pattern\":\"00100\"}, {\"result\":true,\"timeTaken\":1135,\"questionIndex\":8,\"pattern\":\"00100\"}, {\"result\":true,\"timeTaken\":851,\"questionIndex\":9,\"pattern\":\"00100\"}, {\"result\":true,\"timeTaken\":865,\"questionIndex\":10,\"pattern\":\"00100\"}, {\"result\":true,\"timeTaken\":1021,\"questionIndex\":11,\"pattern\":\"00100\"}, {\"result\":true,\"timeTaken\":999,\"questionIndex\":12,\"pattern\":\"11111\"}, {\"result\":true,\"timeTaken\":1137,\"questionIndex\":13,\"pattern\":\"00100\"}, {\"result\":false,\"timeTaken\":1028,\"questionIndex\":14,\"pattern\":\"00000\"}, {\"result\":false,\"timeTaken\":1151,\"questionIndex\":15,\"pattern\":\"00000\"}, {\"result\":true,\"timeTaken\":1176,\"questionIndex\":16,\"pattern\":\"00100\"}, {\"result\":true,\"timeTaken\":951,\"questionIndex\":17,\"pattern\":\"11111\"}, {\"result\":true,\"timeTaken\":844,\"questionIndex\":18,\"pattern\":\"11111\"}, {\"result\":true,\"timeTaken\":890,\"questionIndex\":19,\"pattern\":\"00100\"}, {\"result\":false,\"timeTaken\":976,\"questionIndex\":20,\"pattern\":\"00000\"}]','{\"HadSeizure\":false,\"task\":\"Pre-task Survey\",\"Medication Report\":[],\"NewMedication\":false,\"MissedMedications\":false,\"Recent Seizure info\":[]}','{\"pauseTime\":\"5\",\"noOfQuestions\":\"20\"}'),(38,'1009',702,29287,1080,1776,'2019-07-17 23:05:40',NULL,NULL,'[{\"result\":true,\"timeTaken\":1095,\"questionIndex\":1,\"pattern\":\"00100\"}, {\"result\":false,\"timeTaken\":823,\"questionIndex\":2,\"pattern\":\"11011\"}, {\"result\":true,\"timeTaken\":903,\"questionIndex\":3,\"pattern\":\"11111\"}, {\"result\":false,\"timeTaken\":1061,\"questionIndex\":4,\"pattern\":\"11011\"}, {\"result\":false,\"timeTaken\":1023,\"questionIndex\":5,\"pattern\":\"11011\"}, {\"result\":true,\"timeTaken\":812,\"questionIndex\":6,\"pattern\":\"00100\"}, {\"result\":false,\"timeTaken\":994,\"questionIndex\":7,\"pattern\":\"00000\"}, {\"result\":false,\"timeTaken\":839,\"questionIndex\":8,\"pattern\":\"00000\"}, {\"result\":false,\"timeTaken\":911,\"questionIndex\":9,\"pattern\":\"11011\"}, {\"result\":true,\"timeTaken\":772,\"questionIndex\":10,\"pattern\":\"11111\"}]','{\"HadSeizure\":false,\"task\":\"Pre-task Survey\",\"Medication Report\":[],\"NewMedication\":false,\"MissedMedications\":false,\"Recent Seizure info\":[]}','{\"pauseTime\":\"2\",\"noOfQuestions\":\"10\"}'),(39,'1009',706,120980,1080,1776,'2019-07-17 23:34:39',NULL,NULL,'[{\"result\":true,\"timeTaken\":1063,\"questionIndex\":1,\"pattern\":\"00100\"}, {\"result\":true,\"timeTaken\":775,\"questionIndex\":2,\"pattern\":\"11111\"}, {\"result\":true,\"timeTaken\":798,\"questionIndex\":3,\"pattern\":\"11111\"}, {\"result\":true,\"timeTaken\":851,\"questionIndex\":4,\"pattern\":\"11111\"}, {\"result\":false,\"timeTaken\":989,\"questionIndex\":5,\"pattern\":\"00000\"}, {\"result\":false,\"timeTaken\":1040,\"questionIndex\":6,\"pattern\":\"11011\"}, {\"result\":false,\"timeTaken\":1130,\"questionIndex\":7,\"pattern\":\"11011\"}, {\"result\":true,\"timeTaken\":934,\"questionIndex\":8,\"pattern\":\"11111\"}, {\"result\":false,\"timeTaken\":1074,\"questionIndex\":9,\"pattern\":\"00000\"}, {\"result\":false,\"timeTaken\":924,\"questionIndex\":10,\"pattern\":\"00000\"}, {\"result\":false,\"timeTaken\":914,\"questionIndex\":11,\"pattern\":\"11011\"}, {\"result\":true,\"timeTaken\":938,\"questionIndex\":12,\"pattern\":\"00100\"}, {\"result\":true,\"timeTaken\":883,\"questionIndex\":13,\"pattern\":\"11111\"}, {\"result\":false,\"timeTaken\":1041,\"questionIndex\":14,\"pattern\":\"00000\"}, {\"result\":false,\"timeTaken\":1133,\"questionIndex\":15,\"pattern\":\"11011\"}, {\"result\":false,\"timeTaken\":1215,\"questionIndex\":16,\"pattern\":\"11011\"}, {\"result\":true,\"timeTaken\":1115,\"questionIndex\":17,\"pattern\":\"11111\"}, {\"result\":true,\"timeTaken\":1898,\"questionIndex\":18,\"pattern\":\"11111\"}, {\"result\":true,\"timeTaken\":1059,\"questionIndex\":19,\"pattern\":\"00100\"}, {\"result\":false,\"timeTaken\":1033,\"questionIndex\":20,\"pattern\":\"11011\"}]','{\"HadSeizure\":false,\"task\":\"Pre-task Survey\",\"Medication Report\":[],\"NewMedication\":false,\"MissedMedications\":false,\"Recent Seizure info\":[]}','{\"pauseTime\":\"5\",\"noOfQuestions\":\"20\"}');
/*!40000 ALTER TABLE `flanker` ENABLE KEYS */;
UNLOCK TABLES;

--
-- Table structure for table `join_activity`
--

DROP TABLE IF EXISTS `join_activity`;
/*!40101 SET @saved_cs_client     = @@character_set_client */;
/*!40101 SET character_set_client = utf8 */;
CREATE TABLE `join_activity` (
  `ParentActivityId` char(36) NOT NULL,
  `ChildActivityId` char(36) NOT NULL,
  `Ordering` int(11) NOT NULL,
  `canonicalOrder` varchar(45) NOT NULL,
  PRIMARY KEY (`ParentActivityId`,`ChildActivityId`),
  KEY `join_activity_ibfk_2` (`ChildActivityId`),
  CONSTRAINT `join_activity_ibfk_1` FOREIGN KEY (`ParentActivityId`) REFERENCES `activity` (`ActivityId`) ON DELETE CASCADE ON UPDATE CASCADE,
  CONSTRAINT `join_activity_ibfk_2` FOREIGN KEY (`ChildActivityId`) REFERENCES `activity` (`ActivityId`)
) ENGINE=InnoDB DEFAULT CHARSET=utf8;
/*!40101 SET character_set_client = @saved_cs_client */;

--
-- Dumping data for table `join_activity`
--

LOCK TABLES `join_activity` WRITE;
/*!40000 ALTER TABLE `join_activity` DISABLE KEYS */;
INSERT INTO `join_activity` VALUES ('CA2','CAT',3,'INTERLEAVE_ORDER'),('CA2','PI_WEEKLY',1,'INTERLEAVE_ORDER'),('CA2','PR_24SQ',2,'INTERLEAVE_ORDER'),('CA2_WITHOUT_PI','CAT',2,'INTERLEAVE_ORDER'),('CA2_WITHOUT_PI','PR_24SQ',1,'INTERLEAVE_ORDER'),('CA3','MA',2,'INTERLEAVE_ORDER'),('CA3','PI_DAILY',1,'INTERLEAVE_ORDER'),('CA3_WITHOUT_PI','MA',2,'INTERLEAVE_ORDER'),('CA4','PR_2SQ',2,'INTERLEAVE_ORDER'),('CA5','PR_4SQ',1,'INTERLEAVE_ORDER'),('PR_24SQ','PR_Anxiety',1,'RANDOM'),('PR_24SQ','PR_Fatigue',1,'RANDOM'),('PR_24SQ','PR_PainInt',1,'RANDOM'),('PR_24SQ','PR_PhysFuncMob',1,'RANDOM'),('PR_2SQ','PR_Anxiety',1,'RANDOM'),('PR_2SQ','PR_PainInt',1,'INTERLEAVE_ORDER'),('PR_4SQ','PR_Anxiety',1,'RANDOM'),('PR_4SQ','PR_COGNITIVE',1,'RANDOM'),('PR_4SQ','PR_DEPRESSIVE',1,'RANDOM'),('PR_4SQ','PR_PEER_RELATIONSHIP',1,'RANDOM');
/*!40000 ALTER TABLE `join_activity` ENABLE KEYS */;
UNLOCK TABLES;

--
-- Table structure for table `logs`
--

DROP TABLE IF EXISTS `logs`;
/*!40101 SET @saved_cs_client     = @@character_set_client */;
/*!40101 SET character_set_client = utf8 */;
CREATE TABLE `logs` (
  `id` int(11) NOT NULL AUTO_INCREMENT,
  `log_date` date NOT NULL,
  `log_location` varchar(255) NOT NULL,
  `log_type` varchar(10) NOT NULL,
  `log_message` varchar(1000) NOT NULL,
  PRIMARY KEY (`id`)
) ENGINE=InnoDB DEFAULT CHARSET=utf8;
/*!40101 SET character_set_client = @saved_cs_client */;

--
-- Dumping data for table `logs`
--

LOCK TABLES `logs` WRITE;
/*!40000 ALTER TABLE `logs` DISABLE KEYS */;
/*!40000 ALTER TABLE `logs` ENABLE KEYS */;
UNLOCK TABLES;

--
-- Table structure for table `medication_information`
--

DROP TABLE IF EXISTS `medication_information`;
/*!40101 SET @saved_cs_client     = @@character_set_client */;
/*!40101 SET character_set_client = utf8 */;
CREATE TABLE `medication_information` (
  `PatientPINFK` varchar(5) NOT NULL,
  `MedicationName` varchar(45) NOT NULL,
  `defaultDosage` int(2) DEFAULT NULL,
  `prescribedDosage` int(2) DEFAULT NULL,
  `noOfTablets` int(2) DEFAULT NULL,
  `units` varchar(45) DEFAULT NULL,
  PRIMARY KEY (`PatientPINFK`,`MedicationName`),
  CONSTRAINT `PatientPINFK` FOREIGN KEY (`PatientPINFK`) REFERENCES `patients` (`PatientPin`)
) ENGINE=InnoDB DEFAULT CHARSET=utf8;
/*!40101 SET character_set_client = @saved_cs_client */;

--
-- Dumping data for table `medication_information`
--

LOCK TABLES `medication_information` WRITE;
/*!40000 ALTER TABLE `medication_information` DISABLE KEYS */;
/*!40000 ALTER TABLE `medication_information` ENABLE KEYS */;
UNLOCK TABLES;

--
-- Table structure for table `patient_activity_quality`
--

DROP TABLE IF EXISTS `patient_activity_quality`;
/*!40101 SET @saved_cs_client     = @@character_set_client */;
/*!40101 SET character_set_client = utf8 */;
CREATE TABLE `patient_activity_quality` (
  `Id` int(11) NOT NULL AUTO_INCREMENT,
  `PatientPinFK` varchar(5) NOT NULL,
  `ActivityInstanceIdFK` int(11) NOT NULL,
  `QualityFlag` varchar(45) DEFAULT NULL,
  `Algorithm` varchar(45) DEFAULT NULL,
  `CreatedAt` datetime NOT NULL,
  PRIMARY KEY (`Id`),
  KEY `PatientPinFK9_idx` (`PatientPinFK`),
  KEY `ActivityInstanceIdFK9_idx` (`ActivityInstanceIdFK`),
  CONSTRAINT `ActivityInstanceIdFK9` FOREIGN KEY (`ActivityInstanceIdFK`) REFERENCES `activity_instance` (`ActivityInstanceId`),
  CONSTRAINT `PatientPinFK9` FOREIGN KEY (`PatientPinFK`) REFERENCES `patients` (`PatientPin`)
) ENGINE=InnoDB DEFAULT CHARSET=utf8;
/*!40101 SET character_set_client = @saved_cs_client */;

--
-- Dumping data for table `patient_activity_quality`
--

LOCK TABLES `patient_activity_quality` WRITE;
/*!40000 ALTER TABLE `patient_activity_quality` DISABLE KEYS */;
/*!40000 ALTER TABLE `patient_activity_quality` ENABLE KEYS */;
UNLOCK TABLES;

--
-- Table structure for table `patients`
--

DROP TABLE IF EXISTS `patients`;
/*!40101 SET @saved_cs_client     = @@character_set_client */;
/*!40101 SET character_set_client = utf8 */;
CREATE TABLE `patients` (
  `PatientPin` varchar(5) NOT NULL,
  `DeviceType` varchar(256) DEFAULT NULL,
  `DeviceVersion` varchar(256) DEFAULT NULL,
  `DateStarted` datetime NOT NULL,
  `DateCompleted` datetime NOT NULL,
  `StageIdFK` char(36) NOT NULL,
  `ParentPinFK` varchar(5) DEFAULT NULL,
  `type` enum('child','adult','parent_proxy') DEFAULT NULL,
  `HydroxyureaPrescribed` varchar(256) DEFAULT NULL,
  `EnhancedContent` tinyint(1) DEFAULT '0',
  PRIMARY KEY (`PatientPin`),
  KEY `ChildPinFK` (`ParentPinFK`),
  KEY `patients_stagefk` (`StageIdFK`),
  CONSTRAINT `patients_ibfk_1` FOREIGN KEY (`ParentPinFK`) REFERENCES `patients` (`PatientPin`) ON DELETE CASCADE ON UPDATE CASCADE,
  CONSTRAINT `patients_stagefk` FOREIGN KEY (`StageIdFK`) REFERENCES `stage` (`StageId`) ON UPDATE CASCADE
) ENGINE=InnoDB DEFAULT CHARSET=utf8;
/*!40101 SET character_set_client = @saved_cs_client */;

--
-- Dumping data for table `patients`
--

LOCK TABLES `patients` WRITE;
/*!40000 ALTER TABLE `patients` DISABLE KEYS */;
INSERT INTO `patients` VALUES ('1001','android',NULL,'2017-05-22 07:00:00','2017-06-18 23:59:59','1',NULL,'adult',NULL,0),('1002','android',NULL,'2017-05-22 07:00:00','2017-06-18 23:59:59','1',NULL,'child',NULL,0),('1003','android',NULL,'2017-05-22 07:00:00','2017-06-18 23:59:59','1',NULL,'child',NULL,0),('1004','android',NULL,'2017-05-24 07:00:00','2017-06-20 23:59:59','1',NULL,'child',NULL,0),('1005','android',NULL,'2017-05-24 07:00:00','2017-06-20 23:59:59','1',NULL,'child',NULL,0),('1006','android',NULL,'2017-05-27 07:00:00','2017-06-23 23:59:59','1',NULL,'child',NULL,0),('1007','android',NULL,'2017-05-30 07:00:00','2017-06-26 23:59:59','1',NULL,'child',NULL,0),('1008','android',NULL,'2017-05-30 07:00:00','2017-06-26 23:59:59','1',NULL,'child',NULL,0),('1009','android',NULL,'2017-05-30 07:00:00','2017-06-26 23:59:59','1',NULL,'parent_proxy',NULL,0),('1010','android',NULL,'2017-05-31 00:00:00','2017-06-27 23:59:59','1',NULL,'child',NULL,0),('1011','android',NULL,'2017-06-01 04:00:00','2017-06-28 23:59:59','1',NULL,'child',NULL,0),('1012','android',NULL,'2017-06-09 07:00:00','2017-07-06 23:59:59','1',NULL,'child',NULL,0),('1013','android',NULL,'2017-06-09 07:00:00','2017-07-06 23:59:59','1','2013','child',NULL,0),('1014','android',NULL,'2017-10-27 07:00:00','2017-11-23 23:59:59','1','2014','child',NULL,0),('1015','android',NULL,'2017-10-27 07:00:00','2017-11-23 23:59:59','1','2015','child',NULL,0),('1016','android',NULL,'2017-10-27 07:00:00','2017-11-23 23:59:59','1','2016','child',NULL,0),('2013','android',NULL,'2017-06-09 07:00:00','2017-07-06 23:59:59','1',NULL,'parent_proxy',NULL,0),('2014','android',NULL,'2017-10-27 07:00:00','2017-11-23 23:59:59','1',NULL,'parent_proxy',NULL,0),('2015','android',NULL,'2017-10-27 07:00:00','2017-11-23 23:59:59','1',NULL,'parent_proxy',NULL,0),('2016','android',NULL,'2017-10-27 07:00:00','2017-11-23 23:59:59','1',NULL,'parent_proxy',NULL,0),('2017','android',NULL,'2018-01-11 07:00:00','2018-02-07 23:59:59','1','3017','child',NULL,0),('2999','android',NULL,'2018-03-06 07:00:00','2018-04-02 23:59:59','1','3999','child',NULL,0),('3017','android',NULL,'2018-01-11 07:00:00','2018-02-07 23:59:59','1',NULL,'parent_proxy',NULL,0),('3999','android',NULL,'2018-03-06 07:00:00','2018-04-02 23:59:59','1',NULL,'parent_proxy',NULL,0);
/*!40000 ALTER TABLE `patients` ENABLE KEYS */;
UNLOCK TABLES;

--
-- Table structure for table `pattern_comparison`
--

DROP TABLE IF EXISTS `pattern_comparison`;
/*!40101 SET @saved_cs_client     = @@character_set_client */;
/*!40101 SET character_set_client = utf8 */;
CREATE TABLE `pattern_comparison` (
  `id` int(11) NOT NULL AUTO_INCREMENT,
  `PatientPinFK` varchar(5) NOT NULL,
  `ActivityInstanceIdFK` int(11) NOT NULL,
  `TotalTimeTaken` int(11) NOT NULL,
  `ScreenHeight` int(11) NOT NULL,
  `ScreenWidth` int(11) NOT NULL,
  `score` double DEFAULT NULL,
  `CreatedAt` datetime NOT NULL,
  `UpdatedAt` datetime DEFAULT NULL,
  `DeletedAt` datetime DEFAULT NULL,
  `answers` text,
  `survey` text,
  `parameters` text,
  PRIMARY KEY (`id`),
  KEY `PatientPinFK` (`PatientPinFK`),
  KEY `ActivityInstanceIdFK` (`ActivityInstanceIdFK`),
  CONSTRAINT `pattern_comparison_ibfk_1` FOREIGN KEY (`PatientPinFK`) REFERENCES `patients` (`PatientPin`),
  CONSTRAINT `pattern_comparison_ibfk_2` FOREIGN KEY (`ActivityInstanceIdFK`) REFERENCES `activity_instance` (`ActivityInstanceId`)
) ENGINE=InnoDB AUTO_INCREMENT=54 DEFAULT CHARSET=utf8;
/*!40101 SET character_set_client = @saved_cs_client */;

--
-- Dumping data for table `pattern_comparison`
--

LOCK TABLES `pattern_comparison` WRITE;
/*!40000 ALTER TABLE `pattern_comparison` DISABLE KEYS */;
INSERT INTO `pattern_comparison` VALUES (1,'1003',41,34741,1080,1920,NULL,'2017-05-23 09:44:35',NULL,NULL,'[{\"result\":true,\"timeTaken\":2005,\"questionIndex\":1,\"pattern\":\"01\"}, {\"result\":true,\"timeTaken\":2345,\"questionIndex\":2,\"pattern\":\"00\"}, {\"result\":true,\"timeTaken\":1544,\"questionIndex\":3,\"pattern\":\"00\"}, {\"result\":true,\"timeTaken\":1648,\"questionIndex\":4,\"pattern\":\"11\"}, {\"result\":true,\"timeTaken\":1621,\"questionIndex\":5,\"pattern\":\"00\"}]',NULL,NULL),(2,'1001',1,33195,720,1280,NULL,'2017-05-23 16:15:58',NULL,NULL,'[{\"result\":true,\"timeTaken\":1569,\"questionIndex\":1,\"pattern\":\"11\"}, {\"result\":true,\"timeTaken\":1326,\"questionIndex\":2,\"pattern\":\"10\"}, {\"result\":true,\"timeTaken\":1425,\"questionIndex\":3,\"pattern\":\"11\"}, {\"result\":true,\"timeTaken\":2007,\"questionIndex\":4,\"pattern\":\"01\"}, {\"result\":true,\"timeTaken\":1667,\"questionIndex\":5,\"pattern\":\"11\"}]',NULL,NULL),(3,'1003',63,32260,1080,1920,NULL,'2017-05-23 19:45:33',NULL,NULL,'[{\"result\":true,\"timeTaken\":1382,\"questionIndex\":1,\"pattern\":\"10\"}, {\"result\":true,\"timeTaken\":1784,\"questionIndex\":2,\"pattern\":\"01\"}, {\"result\":false,\"timeTaken\":1141,\"questionIndex\":3,\"pattern\":\"11\"}, {\"result\":true,\"timeTaken\":1606,\"questionIndex\":4,\"pattern\":\"00\"}, {\"result\":true,\"timeTaken\":930,\"questionIndex\":5,\"pattern\":\"00\"}]',NULL,NULL),(4,'1002',21,30562,1080,1776,NULL,'2017-05-28 01:02:45',NULL,NULL,'[{\"result\":false,\"timeTaken\":140,\"questionIndex\":1,\"pattern\":\"01\"}, {\"result\":true,\"timeTaken\":1294,\"questionIndex\":2,\"pattern\":\"11\"}, {\"result\":true,\"timeTaken\":1372,\"questionIndex\":3,\"pattern\":\"00\"}, {\"result\":true,\"timeTaken\":1293,\"questionIndex\":4,\"pattern\":\"00\"}, {\"result\":true,\"timeTaken\":1251,\"questionIndex\":5,\"pattern\":\"01\"}]',NULL,NULL),(5,'1002',26,33095,1080,1776,NULL,'2017-05-29 10:53:51',NULL,NULL,'[{\"result\":true,\"timeTaken\":2503,\"questionIndex\":1,\"pattern\":\"11\"}, {\"result\":true,\"timeTaken\":1053,\"questionIndex\":2,\"pattern\":\"01\"}, {\"result\":true,\"timeTaken\":1070,\"questionIndex\":3,\"pattern\":\"01\"}, {\"result\":true,\"timeTaken\":1082,\"questionIndex\":4,\"pattern\":\"01\"}, {\"result\":true,\"timeTaken\":2079,\"questionIndex\":5,\"pattern\":\"00\"}]',NULL,NULL),(6,'1003',46,39864,1080,1776,NULL,'2017-05-29 11:04:44',NULL,NULL,'[{\"result\":true,\"timeTaken\":2163,\"questionIndex\":1,\"pattern\":\"11\"}, {\"result\":true,\"timeTaken\":5995,\"questionIndex\":2,\"pattern\":\"11\"}, {\"result\":true,\"timeTaken\":2159,\"questionIndex\":3,\"pattern\":\"00\"}, {\"result\":true,\"timeTaken\":1530,\"questionIndex\":4,\"pattern\":\"01\"}, {\"result\":true,\"timeTaken\":2647,\"questionIndex\":5,\"pattern\":\"01\"}]',NULL,NULL),(7,'1001',6,40630,720,1280,NULL,'2017-05-29 11:23:50',NULL,NULL,'[{\"result\":true,\"timeTaken\":2330,\"questionIndex\":1,\"pattern\":\"10\"}, {\"result\":true,\"timeTaken\":3087,\"questionIndex\":2,\"pattern\":\"00\"}, {\"result\":true,\"timeTaken\":4080,\"questionIndex\":3,\"pattern\":\"10\"}, {\"result\":false,\"timeTaken\":4131,\"questionIndex\":4,\"pattern\":\"10\"}, {\"result\":true,\"timeTaken\":1809,\"questionIndex\":5,\"pattern\":\"01\"}]',NULL,NULL),(8,'1010',213,31657,1080,1776,NULL,'2017-05-31 20:39:18',NULL,NULL,'[{\"result\":false,\"timeTaken\":829,\"questionIndex\":1,\"pattern\":\"11\"}, {\"result\":true,\"timeTaken\":858,\"questionIndex\":2,\"pattern\":\"00\"}, {\"result\":true,\"timeTaken\":1729,\"questionIndex\":3,\"pattern\":\"00\"}, {\"result\":true,\"timeTaken\":1878,\"questionIndex\":4,\"pattern\":\"11\"}, {\"result\":true,\"timeTaken\":1022,\"questionIndex\":5,\"pattern\":\"01\"}]',NULL,NULL),(9,'1004',89,32606,720,1280,NULL,'2017-06-01 10:31:19',NULL,NULL,'[{\"result\":true,\"timeTaken\":224,\"questionIndex\":1,\"pattern\":\"11\"}, {\"result\":true,\"timeTaken\":1911,\"questionIndex\":2,\"pattern\":\"00\"}, {\"result\":true,\"timeTaken\":1605,\"questionIndex\":3,\"pattern\":\"00\"}, {\"result\":true,\"timeTaken\":2161,\"questionIndex\":4,\"pattern\":\"00\"}, {\"result\":true,\"timeTaken\":1345,\"questionIndex\":5,\"pattern\":\"10\"}]',NULL,NULL),(10,'1013',278,34866,1440,2392,NULL,'2017-06-09 12:32:43',NULL,NULL,'[{\"result\":false,\"timeTaken\":1624,\"questionIndex\":1,\"pattern\":\"11\"}, {\"result\":true,\"timeTaken\":2776,\"questionIndex\":2,\"pattern\":\"01\"}, {\"result\":false,\"timeTaken\":2332,\"questionIndex\":3,\"pattern\":\"00\"}, {\"result\":true,\"timeTaken\":1493,\"questionIndex\":4,\"pattern\":\"11\"}, {\"result\":true,\"timeTaken\":1139,\"questionIndex\":5,\"pattern\":\"10\"}]',NULL,NULL),(11,'1009',306,33622,720,1280,NULL,'2017-09-07 14:23:22',NULL,NULL,'[{\"result\":true,\"timeTaken\":1313,\"questionIndex\":1,\"pattern\":\"11\"}, {\"result\":true,\"timeTaken\":1625,\"questionIndex\":2,\"pattern\":\"01\"}, {\"result\":true,\"timeTaken\":992,\"questionIndex\":3,\"pattern\":\"01\"}, {\"result\":true,\"timeTaken\":944,\"questionIndex\":4,\"pattern\":\"00\"}, {\"result\":true,\"timeTaken\":3306,\"questionIndex\":5,\"pattern\":\"11\"}]',NULL,NULL),(12,'1009',310,31062,720,1280,NULL,'2017-09-07 15:16:25',NULL,NULL,'[{\"result\":true,\"timeTaken\":1384,\"questionIndex\":1,\"pattern\":\"00\"}, {\"result\":true,\"timeTaken\":1130,\"questionIndex\":2,\"pattern\":\"10\"}, {\"result\":true,\"timeTaken\":1371,\"questionIndex\":3,\"pattern\":\"00\"}, {\"result\":true,\"timeTaken\":1029,\"questionIndex\":4,\"pattern\":\"10\"}, {\"result\":true,\"timeTaken\":999,\"questionIndex\":5,\"pattern\":\"11\"}]',NULL,NULL),(13,'1009',313,30105,720,1280,NULL,'2017-09-07 15:39:11',NULL,NULL,'[{\"result\":true,\"timeTaken\":1619,\"questionIndex\":1,\"pattern\":\"10\"}, {\"result\":true,\"timeTaken\":719,\"questionIndex\":2,\"pattern\":\"11\"}, {\"result\":true,\"timeTaken\":731,\"questionIndex\":3,\"pattern\":\"00\"}, {\"result\":true,\"timeTaken\":926,\"questionIndex\":4,\"pattern\":\"01\"}, {\"result\":true,\"timeTaken\":783,\"questionIndex\":5,\"pattern\":\"11\"}]',NULL,NULL),(14,'1009',314,7665,720,1280,NULL,'2017-09-07 21:24:13',NULL,NULL,'[{\"result\":true,\"timeTaken\":3183,\"questionIndex\":1,\"pattern\":\"00\"}, {\"result\":true,\"timeTaken\":1367,\"questionIndex\":2,\"pattern\":\"01\"}, {\"result\":true,\"timeTaken\":889,\"questionIndex\":3,\"pattern\":\"11\"}, {\"result\":true,\"timeTaken\":934,\"questionIndex\":4,\"pattern\":\"01\"}, {\"result\":true,\"timeTaken\":871,\"questionIndex\":5,\"pattern\":\"11\"}]',NULL,NULL),(15,'1009',315,6674,720,1280,NULL,'2017-09-07 22:36:46',NULL,NULL,'[{\"result\":true,\"timeTaken\":2549,\"questionIndex\":1,\"pattern\":\"11\"}, {\"result\":true,\"timeTaken\":1515,\"questionIndex\":2,\"pattern\":\"10\"}, {\"result\":false,\"timeTaken\":1049,\"questionIndex\":3,\"pattern\":\"10\"}, {\"result\":true,\"timeTaken\":565,\"questionIndex\":4,\"pattern\":\"01\"}, {\"result\":true,\"timeTaken\":704,\"questionIndex\":5,\"pattern\":\"11\"}]',NULL,NULL),(16,'1009',316,7589,720,1280,NULL,'2017-09-07 22:48:27',NULL,NULL,'[{\"result\":true,\"timeTaken\":2990,\"questionIndex\":1,\"pattern\":\"00\"}, {\"result\":true,\"timeTaken\":1606,\"questionIndex\":2,\"pattern\":\"01\"}, {\"result\":false,\"timeTaken\":1149,\"questionIndex\":3,\"pattern\":\"01\"}, {\"result\":false,\"timeTaken\":913,\"questionIndex\":4,\"pattern\":\"11\"}, {\"result\":false,\"timeTaken\":749,\"questionIndex\":5,\"pattern\":\"01\"}]',NULL,NULL),(17,'1009',317,6450,720,1280,NULL,'2017-09-07 22:48:40',NULL,NULL,'[{\"result\":true,\"timeTaken\":2344,\"questionIndex\":1,\"pattern\":\"01\"}, {\"result\":true,\"timeTaken\":1085,\"questionIndex\":2,\"pattern\":\"11\"}, {\"result\":true,\"timeTaken\":748,\"questionIndex\":3,\"pattern\":\"10\"}, {\"result\":true,\"timeTaken\":1175,\"questionIndex\":4,\"pattern\":\"11\"}, {\"result\":true,\"timeTaken\":1036,\"questionIndex\":5,\"pattern\":\"10\"}]',NULL,NULL),(18,'2999',446,18781,720,1280,NULL,'2018-03-06 22:47:21',NULL,NULL,'[{\"result\":true,\"timeTaken\":7100,\"questionIndex\":1,\"pattern\":\"00\"}, {\"result\":true,\"timeTaken\":6346,\"questionIndex\":2,\"pattern\":\"01\"}, {\"result\":true,\"timeTaken\":2545,\"questionIndex\":3,\"pattern\":\"00\"}, {\"result\":true,\"timeTaken\":1144,\"questionIndex\":4,\"pattern\":\"01\"}, {\"result\":true,\"timeTaken\":1558,\"questionIndex\":5,\"pattern\":\"00\"}]',NULL,NULL),(19,'1009',474,9528,720,1280,NULL,'2018-06-29 09:04:57',NULL,NULL,'[{\"result\":true,\"timeTaken\":3662,\"questionIndex\":1,\"pattern\":\"01\"}, {\"result\":true,\"timeTaken\":2142,\"questionIndex\":2,\"pattern\":\"00\"}, {\"result\":true,\"timeTaken\":1258,\"questionIndex\":3,\"pattern\":\"01\"}, {\"result\":true,\"timeTaken\":1156,\"questionIndex\":4,\"pattern\":\"00\"}, {\"result\":true,\"timeTaken\":1154,\"questionIndex\":5,\"pattern\":\"01\"}]',NULL,NULL),(20,'1009',475,7047,720,1280,NULL,'2018-06-29 15:29:34',NULL,NULL,'[{\"result\":true,\"timeTaken\":2342,\"questionIndex\":1,\"pattern\":\"00\"}, {\"result\":true,\"timeTaken\":1054,\"questionIndex\":2,\"pattern\":\"01\"}, {\"result\":true,\"timeTaken\":1060,\"questionIndex\":3,\"pattern\":\"01\"}, {\"result\":true,\"timeTaken\":1130,\"questionIndex\":4,\"pattern\":\"01\"}, {\"result\":true,\"timeTaken\":1158,\"questionIndex\":5,\"pattern\":\"11\"}]',NULL,NULL),(21,'1009',510,6900,720,1280,NULL,'2018-06-29 15:33:59',NULL,NULL,'[{\"result\":true,\"timeTaken\":3159,\"questionIndex\":1,\"pattern\":\"11\"}, {\"result\":true,\"timeTaken\":940,\"questionIndex\":2,\"pattern\":\"00\"}, {\"result\":true,\"timeTaken\":875,\"questionIndex\":3,\"pattern\":\"00\"}, {\"result\":true,\"timeTaken\":774,\"questionIndex\":4,\"pattern\":\"10\"}, {\"result\":true,\"timeTaken\":1024,\"questionIndex\":5,\"pattern\":\"10\"}]',NULL,NULL),(22,'1009',525,13666,720,1280,NULL,'2018-07-05 06:31:19',NULL,NULL,'[{\"result\":true,\"timeTaken\":4242,\"questionIndex\":1,\"pattern\":\"11\"}, {\"result\":true,\"timeTaken\":1240,\"questionIndex\":2,\"pattern\":\"00\"}, {\"result\":true,\"timeTaken\":3360,\"questionIndex\":3,\"pattern\":\"00\"}, {\"result\":true,\"timeTaken\":3442,\"questionIndex\":4,\"pattern\":\"00\"}, {\"result\":true,\"timeTaken\":1248,\"questionIndex\":5,\"pattern\":\"11\"}]',NULL,NULL),(23,'1009',531,8328,720,1280,NULL,'2018-07-05 11:28:35',NULL,NULL,'[{\"result\":true,\"timeTaken\":3318,\"questionIndex\":1,\"pattern\":\"00\"}, {\"result\":true,\"timeTaken\":1339,\"questionIndex\":2,\"pattern\":\"11\"}, {\"result\":true,\"timeTaken\":1453,\"questionIndex\":3,\"pattern\":\"11\"}, {\"result\":true,\"timeTaken\":1074,\"questionIndex\":4,\"pattern\":\"00\"}, {\"result\":true,\"timeTaken\":1077,\"questionIndex\":5,\"pattern\":\"01\"}]',NULL,NULL),(24,'1009',533,11706,720,1280,NULL,'2018-07-05 12:20:53',NULL,NULL,'[{\"result\":true,\"timeTaken\":1856,\"questionIndex\":1,\"pattern\":\"01\"}, {\"result\":true,\"timeTaken\":4774,\"questionIndex\":2,\"pattern\":\"11\"}, {\"result\":true,\"timeTaken\":2001,\"questionIndex\":3,\"pattern\":\"00\"}, {\"result\":true,\"timeTaken\":1544,\"questionIndex\":4,\"pattern\":\"10\"}, {\"result\":true,\"timeTaken\":1281,\"questionIndex\":5,\"pattern\":\"01\"}]',NULL,NULL),(25,'1009',529,26713,720,1280,NULL,'2018-07-06 10:21:14',NULL,NULL,'[{\"result\":true,\"timeTaken\":6932,\"questionIndex\":1,\"pattern\":\"11\"}, {\"result\":false,\"timeTaken\":2629,\"questionIndex\":2,\"pattern\":\"01\"}, {\"result\":true,\"timeTaken\":1626,\"questionIndex\":3,\"pattern\":\"11\"}, {\"result\":false,\"timeTaken\":2350,\"questionIndex\":4,\"pattern\":\"01\"}, {\"result\":true,\"timeTaken\":12974,\"questionIndex\":5,\"pattern\":\"00\"}]',NULL,NULL),(26,'1009',572,8862,1080,1776,NULL,'2018-09-13 18:17:17',NULL,NULL,'[{\"result\":true,\"timeTaken\":3036,\"questionIndex\":1,\"pattern\":\"00\"}, {\"result\":true,\"timeTaken\":1202,\"questionIndex\":2,\"pattern\":\"10\"}, {\"result\":true,\"timeTaken\":1270,\"questionIndex\":3,\"pattern\":\"11\"}, {\"result\":true,\"timeTaken\":2176,\"questionIndex\":4,\"pattern\":\"11\"}, {\"result\":true,\"timeTaken\":1091,\"questionIndex\":5,\"pattern\":\"00\"}]',NULL,NULL),(27,'1009',574,7446,720,1280,NULL,'2018-09-14 09:15:19',NULL,NULL,'[{\"result\":true,\"timeTaken\":2845,\"questionIndex\":1,\"pattern\":\"10\"}, {\"result\":true,\"timeTaken\":1159,\"questionIndex\":2,\"pattern\":\"01\"}, {\"result\":true,\"timeTaken\":1498,\"questionIndex\":3,\"pattern\":\"11\"}, {\"result\":true,\"timeTaken\":1016,\"questionIndex\":4,\"pattern\":\"01\"}, {\"result\":true,\"timeTaken\":826,\"questionIndex\":5,\"pattern\":\"01\"}]',NULL,NULL),(28,'1009',573,6002,720,1280,NULL,'2018-09-14 09:17:31',NULL,NULL,'[{\"result\":false,\"timeTaken\":1699,\"questionIndex\":1,\"pattern\":\"01\"}, {\"result\":true,\"timeTaken\":1667,\"questionIndex\":2,\"pattern\":\"00\"}, {\"result\":true,\"timeTaken\":1001,\"questionIndex\":3,\"pattern\":\"00\"}, {\"result\":true,\"timeTaken\":884,\"questionIndex\":4,\"pattern\":\"01\"}, {\"result\":true,\"timeTaken\":749,\"questionIndex\":5,\"pattern\":\"00\"}]',NULL,NULL),(29,'1009',583,10028,720,1280,NULL,'2018-10-31 20:10:57',NULL,NULL,'[{\"result\":true,\"timeTaken\":2699,\"questionIndex\":1,\"pattern\":\"11\"}, {\"result\":true,\"timeTaken\":1438,\"questionIndex\":2,\"pattern\":\"11\"}, {\"result\":true,\"timeTaken\":1179,\"questionIndex\":3,\"pattern\":\"10\"}, {\"result\":true,\"timeTaken\":3380,\"questionIndex\":4,\"pattern\":\"11\"}, {\"result\":true,\"timeTaken\":1184,\"questionIndex\":5,\"pattern\":\"10\"}]',NULL,NULL),(30,'1009',590,13805,720,1280,NULL,'2018-11-07 21:32:30',NULL,NULL,'[{\"result\":true,\"timeTaken\":5436,\"questionIndex\":1,\"pattern\":\"00\"}, {\"result\":true,\"timeTaken\":1030,\"questionIndex\":2,\"pattern\":\"10\"}, {\"result\":true,\"timeTaken\":1545,\"questionIndex\":3,\"pattern\":\"11\"}, {\"result\":true,\"timeTaken\":4422,\"questionIndex\":4,\"pattern\":\"00\"}, {\"result\":true,\"timeTaken\":1212,\"questionIndex\":5,\"pattern\":\"01\"}]',NULL,NULL),(31,'1009',587,7067,720,1280,NULL,'2018-11-08 00:28:57',NULL,NULL,'[{\"result\":true,\"timeTaken\":2463,\"questionIndex\":1,\"pattern\":\"11\"}, {\"result\":true,\"timeTaken\":1042,\"questionIndex\":2,\"pattern\":\"01\"}, {\"result\":true,\"timeTaken\":940,\"questionIndex\":3,\"pattern\":\"00\"}, {\"result\":true,\"timeTaken\":895,\"questionIndex\":4,\"pattern\":\"10\"}, {\"result\":true,\"timeTaken\":1568,\"questionIndex\":5,\"pattern\":\"11\"}]',NULL,NULL),(32,'1009',592,12041,720,1280,NULL,'2018-12-19 11:04:45',NULL,NULL,'[{\"result\":true,\"timeTaken\":7141,\"questionIndex\":1,\"pattern\":\"01\"}, {\"result\":true,\"timeTaken\":1195,\"questionIndex\":2,\"pattern\":\"00\"}, {\"result\":true,\"timeTaken\":1793,\"questionIndex\":3,\"pattern\":\"01\"}, {\"result\":true,\"timeTaken\":871,\"questionIndex\":4,\"pattern\":\"00\"}, {\"result\":true,\"timeTaken\":969,\"questionIndex\":5,\"pattern\":\"10\"}]',NULL,NULL),(33,'1009',595,12470,720,1280,NULL,'2018-12-19 15:33:33',NULL,NULL,'[{\"result\":true,\"timeTaken\":4389,\"questionIndex\":1,\"pattern\":\"10\"}, {\"result\":true,\"timeTaken\":2447,\"questionIndex\":2,\"pattern\":\"11\"}, {\"result\":true,\"timeTaken\":3008,\"questionIndex\":3,\"pattern\":\"01\"}, {\"result\":true,\"timeTaken\":1289,\"questionIndex\":4,\"pattern\":\"10\"}, {\"result\":true,\"timeTaken\":1231,\"questionIndex\":5,\"pattern\":\"00\"}]',NULL,NULL),(34,'1009',604,14522,720,1280,NULL,'2019-02-07 15:42:24',NULL,NULL,'[{\"result\":true,\"timeTaken\":5831,\"questionIndex\":1,\"pattern\":\"00\"}, {\"result\":true,\"timeTaken\":1256,\"questionIndex\":2,\"pattern\":\"10\"}, {\"result\":true,\"timeTaken\":2326,\"questionIndex\":3,\"pattern\":\"00\"}, {\"result\":true,\"timeTaken\":2322,\"questionIndex\":4,\"pattern\":\"01\"}, {\"result\":false,\"timeTaken\":2560,\"questionIndex\":5,\"pattern\":\"00\"}]',NULL,NULL),(36,'1012',624,11000,1080,1920,NULL,'2019-03-09 22:35:09',NULL,NULL,'[{\"result\":true,\"timeTaken\":6932,\"questionIndex\":1,\"pattern\":\"11\"}, {\"result\":false,\"timeTaken\":2629,\"questionIndex\":2,\"pattern\":\"01\"}, {\"result\":true,\"timeTaken\":1626,\"questionIndex\":3,\"pattern\":\"11\"}, {\"result\":false,\"timeTaken\":2350,\"questionIndex\":4,\"pattern\":\"01\"}, {\"result\":true,\"timeTaken\":12974,\"questionIndex\":5,\"pattern\":\"00\"}]',NULL,NULL),(37,'1013',629,11000,1080,1920,NULL,'2019-03-09 22:35:09',NULL,NULL,'[{\"result\":true,\"timeTaken\":6932,\"questionIndex\":1,\"pattern\":\"11\"}, {\"result\":false,\"timeTaken\":2629,\"questionIndex\":2,\"pattern\":\"01\"}, {\"result\":true,\"timeTaken\":1626,\"questionIndex\":3,\"pattern\":\"11\"}, {\"result\":false,\"timeTaken\":2350,\"questionIndex\":4,\"pattern\":\"01\"}, {\"result\":true,\"timeTaken\":12974,\"questionIndex\":5,\"pattern\":\"00\"}]',NULL,NULL),(46,'1015',674,4368,1440,2392,0.35,'2019-04-09 09:13:43',NULL,NULL,'[{\"result\":false,\"timeTaken\":887,\"questionIndex\":1,\"pattern\":\"01\"}, {\"result\":false,\"timeTaken\":671,\"questionIndex\":2,\"pattern\":\"10\"}, {\"result\":false,\"timeTaken\":142,\"questionIndex\":3,\"pattern\":\"01\"}, {\"result\":true,\"timeTaken\":148,\"questionIndex\":4,\"pattern\":\"11\"}, {\"result\":true,\"timeTaken\":123,\"questionIndex\":5,\"pattern\":\"00\"}, {\"result\":true,\"timeTaken\":138,\"questionIndex\":6,\"pattern\":\"00\"}, {\"result\":false,\"timeTaken\":146,\"questionIndex\":7,\"pattern\":\"10\"}, {\"result\":true,\"timeTaken\":141,\"questionIndex\":8,\"pattern\":\"11\"}, {\"result\":false,\"timeTaken\":141,\"questionIndex\":9,\"pattern\":\"10\"}, {\"result\":false,\"timeTaken\":154,\"questionIndex\":10,\"pattern\":\"01\"}, {\"result\":false,\"timeTaken\":144,\"questionIndex\":11,\"pattern\":\"10\"}, {\"result\":false,\"timeTaken\":129,\"questionIndex\":12,\"pattern\":\"01\"}, {\"result\":true,\"timeTaken\":163,\"questionIndex\":13,\"pattern\":\"11\"}, {\"result\":false,\"timeTaken\":152,\"questionIndex\":14,\"pattern\":\"01\"}, {\"result\":false,\"timeTaken\":156,\"questionIndex\":15,\"pattern\":\"10\"}, {\"result\":true,\"timeTaken\":154,\"questionIndex\":16,\"pattern\":\"00\"}, {\"result\":false,\"timeTaken\":152,\"questionIndex\":17,\"pattern\":\"01\"}, {\"result\":false,\"timeTaken\":140,\"questionIndex\":18,\"pattern\":\"01\"}, {\"result\":true,\"timeTaken\":143,\"questionIndex\":19,\"pattern\":\"00\"}, {\"result\":false,\"timeTaken\":163,\"questionIndex\":20,\"pattern\":\"01\"}]','{\"HadSeizure\":false,\"task\":\"Pre-task Survey\",\"Medication Report\":[],\"NewMedication\":false,\"MissedMedications\":true,\"Recent Seizure info\":[]}','{\"numQuestions\":\"20\",\"maxTime\":\"90\",\"newImages\":\"false\",\"ratio\":\"50\"}'),(47,'1009',683,90001,1080,1776,0.9873417721518988,'2019-07-17 12:06:24',NULL,NULL,'[{\"result\":true,\"timeTaken\":3852,\"questionIndex\":1,\"pattern\":\"10\"}, {\"result\":true,\"timeTaken\":1035,\"questionIndex\":2,\"pattern\":\"10\"}, {\"result\":true,\"timeTaken\":2183,\"questionIndex\":3,\"pattern\":\"00\"}, {\"result\":true,\"timeTaken\":1033,\"questionIndex\":4,\"pattern\":\"00\"}, {\"result\":true,\"timeTaken\":880,\"questionIndex\":5,\"pattern\":\"01\"}, {\"result\":true,\"timeTaken\":1185,\"questionIndex\":6,\"pattern\":\"01\"}, {\"result\":true,\"timeTaken\":866,\"questionIndex\":7,\"pattern\":\"01\"}, {\"result\":true,\"timeTaken\":840,\"questionIndex\":8,\"pattern\":\"01\"}, {\"result\":true,\"timeTaken\":1294,\"questionIndex\":9,\"pattern\":\"01\"}, {\"result\":true,\"timeTaken\":1098,\"questionIndex\":10,\"pattern\":\"01\"}, {\"result\":true,\"timeTaken\":1214,\"questionIndex\":11,\"pattern\":\"10\"}, {\"result\":true,\"timeTaken\":1196,\"questionIndex\":12,\"pattern\":\"01\"}, {\"result\":true,\"timeTaken\":899,\"questionIndex\":13,\"pattern\":\"10\"}, {\"result\":true,\"timeTaken\":1041,\"questionIndex\":14,\"pattern\":\"10\"}, {\"result\":true,\"timeTaken\":1175,\"questionIndex\":15,\"pattern\":\"00\"}, {\"result\":true,\"timeTaken\":858,\"questionIndex\":16,\"pattern\":\"00\"}, {\"result\":true,\"timeTaken\":988,\"questionIndex\":17,\"pattern\":\"10\"}, {\"result\":true,\"timeTaken\":1092,\"questionIndex\":18,\"pattern\":\"01\"}, {\"result\":true,\"timeTaken\":952,\"questionIndex\":19,\"pattern\":\"10\"}, {\"result\":true,\"timeTaken\":926,\"questionIndex\":20,\"pattern\":\"01\"}, {\"result\":true,\"timeTaken\":850,\"questionIndex\":21,\"pattern\":\"10\"}, {\"result\":true,\"timeTaken\":1209,\"questionIndex\":22,\"pattern\":\"00\"}, {\"result\":true,\"timeTaken\":330,\"questionIndex\":23,\"pattern\":\"00\"}, {\"result\":true,\"timeTaken\":845,\"questionIndex\":24,\"pattern\":\"00\"}, {\"result\":true,\"timeTaken\":831,\"questionIndex\":25,\"pattern\":\"00\"}, {\"result\":true,\"timeTaken\":1440,\"questionIndex\":26,\"pattern\":\"10\"}, {\"result\":true,\"timeTaken\":868,\"questionIndex\":27,\"pattern\":\"10\"}, {\"result\":true,\"timeTaken\":1101,\"questionIndex\":28,\"pattern\":\"01\"}, {\"result\":true,\"timeTaken\":1200,\"questionIndex\":29,\"pattern\":\"00\"}, {\"result\":true,\"timeTaken\":2223,\"questionIndex\":30,\"pattern\":\"00\"}, {\"result\":true,\"timeTaken\":1100,\"questionIndex\":31,\"pattern\":\"00\"}, {\"result\":true,\"timeTaken\":992,\"questionIndex\":32,\"pattern\":\"00\"}, {\"result\":true,\"timeTaken\":989,\"questionIndex\":33,\"pattern\":\"11\"}, {\"result\":true,\"timeTaken\":751,\"questionIndex\":34,\"pattern\":\"00\"}, {\"result\":true,\"timeTaken\":1053,\"questionIndex\":35,\"pattern\":\"00\"}, {\"result\":true,\"timeTaken\":840,\"questionIndex\":36,\"pattern\":\"00\"}, {\"result\":true,\"timeTaken\":925,\"questionIndex\":37,\"pattern\":\"00\"}, {\"result\":true,\"timeTaken\":978,\"questionIndex\":38,\"pattern\":\"01\"}, {\"result\":true,\"timeTaken\":1016,\"questionIndex\":39,\"pattern\":\"11\"}, {\"result\":true,\"timeTaken\":858,\"questionIndex\":40,\"pattern\":\"01\"}, {\"result\":true,\"timeTaken\":1562,\"questionIndex\":41,\"pattern\":\"01\"}, {\"result\":true,\"timeTaken\":1139,\"questionIndex\":42,\"pattern\":\"00\"}, {\"result\":true,\"timeTaken\":961,\"questionIndex\":43,\"pattern\":\"01\"}, {\"result\":true,\"timeTaken\":1064,\"questionIndex\":44,\"pattern\":\"00\"}, {\"result\":true,\"timeTaken\":1102,\"questionIndex\":45,\"pattern\":\"00\"}, {\"result\":false,\"timeTaken\":784,\"questionIndex\":46,\"pattern\":\"00\"}, {\"result\":true,\"timeTaken\":950,\"questionIndex\":47,\"pattern\":\"00\"}, {\"result\":true,\"timeTaken\":855,\"questionIndex\":48,\"pattern\":\"00\"}, {\"result\":true,\"timeTaken\":1045,\"questionIndex\":49,\"pattern\":\"01\"}, {\"result\":true,\"timeTaken\":984,\"questionIndex\":50,\"pattern\":\"00\"}, {\"result\":true,\"timeTaken\":944,\"questionIndex\":51,\"pattern\":\"11\"}, {\"result\":true,\"timeTaken\":906,\"questionIndex\":52,\"pattern\":\"10\"}, {\"result\":true,\"timeTaken\":884,\"questionIndex\":53,\"pattern\":\"10\"}, {\"result\":true,\"timeTaken\":1835,\"questionIndex\":54,\"pattern\":\"11\"}, {\"result\":true,\"timeTaken\":1088,\"questionIndex\":55,\"pattern\":\"01\"}, {\"result\":true,\"timeTaken\":1216,\"questionIndex\":56,\"pattern\":\"01\"}, {\"result\":true,\"timeTaken\":1049,\"questionIndex\":57,\"pattern\":\"11\"}, {\"result\":true,\"timeTaken\":977,\"questionIndex\":58,\"pattern\":\"01\"}, {\"result\":true,\"timeTaken\":865,\"questionIndex\":59,\"pattern\":\"01\"}, {\"result\":true,\"timeTaken\":925,\"questionIndex\":60,\"pattern\":\"11\"}, {\"result\":true,\"timeTaken\":994,\"questionIndex\":61,\"pattern\":\"01\"}, {\"result\":true,\"timeTaken\":1025,\"questionIndex\":62,\"pattern\":\"10\"}, {\"result\":true,\"timeTaken\":1059,\"questionIndex\":63,\"pattern\":\"00\"}, {\"result\":true,\"timeTaken\":800,\"questionIndex\":64,\"pattern\":\"00\"}, {\"result\":true,\"timeTaken\":988,\"questionIndex\":65,\"pattern\":\"10\"}, {\"result\":true,\"timeTaken\":910,\"questionIndex\":66,\"pattern\":\"10\"}, {\"result\":true,\"timeTaken\":842,\"questionIndex\":67,\"pattern\":\"10\"}, {\"result\":true,\"timeTaken\":1024,\"questionIndex\":68,\"pattern\":\"01\"}, {\"result\":true,\"timeTaken\":1155,\"questionIndex\":69,\"pattern\":\"01\"}, {\"result\":true,\"timeTaken\":842,\"questionIndex\":70,\"pattern\":\"00\"}, {\"result\":true,\"timeTaken\":784,\"questionIndex\":71,\"pattern\":\"11\"}, {\"result\":true,\"timeTaken\":832,\"questionIndex\":72,\"pattern\":\"01\"}, {\"result\":true,\"timeTaken\":892,\"questionIndex\":73,\"pattern\":\"10\"}, {\"result\":true,\"timeTaken\":1035,\"questionIndex\":74,\"pattern\":\"10\"}, {\"result\":true,\"timeTaken\":886,\"questionIndex\":75,\"pattern\":\"11\"}, {\"result\":true,\"timeTaken\":955,\"questionIndex\":76,\"pattern\":\"01\"}, {\"result\":true,\"timeTaken\":1422,\"questionIndex\":77,\"pattern\":\"11\"}, {\"result\":true,\"timeTaken\":1068,\"questionIndex\":78,\"pattern\":\"00\"}, {\"result\":true,\"timeTaken\":929,\"questionIndex\":79,\"pattern\":\"10\"}]','{\"HadSeizure\":false,\"task\":\"Pre-task Survey\",\"Medication Report\":[],\"NewMedication\":false,\"MissedMedications\":false,\"Recent Seizure info\":[]}','{\"numQuestions\":\"130\",\"maxTime\":\"90\",\"newImages\":\"false\",\"ratio\":\"5\"}'),(48,'1009',688,10002,1080,1776,1,'2019-07-17 17:31:31',NULL,NULL,'[{\"result\":true,\"timeTaken\":2925,\"questionIndex\":1,\"pattern\":\"10\"}, {\"result\":true,\"timeTaken\":1439,\"questionIndex\":2,\"pattern\":\"11\"}, {\"result\":true,\"timeTaken\":1741,\"questionIndex\":3,\"pattern\":\"01\"}, {\"result\":true,\"timeTaken\":875,\"questionIndex\":4,\"pattern\":\"10\"}, {\"result\":true,\"timeTaken\":1066,\"questionIndex\":5,\"pattern\":\"01\"}, {\"result\":true,\"timeTaken\":901,\"questionIndex\":6,\"pattern\":\"10\"}]','{\"HadSeizure\":false,\"task\":\"Pre-task Survey\",\"Medication Report\":[],\"NewMedication\":false,\"MissedMedications\":false,\"Recent Seizure info\":[]}','{\"numQuestions\":\"10\",\"maxTime\":\"10\",\"newImages\":\"false\",\"ratio\":\"2\"}'),(49,'1009',689,10001,1080,1776,1,'2019-07-17 17:32:44',NULL,NULL,'[{\"result\":true,\"timeTaken\":2780,\"questionIndex\":1,\"pattern\":\"01\"}, {\"result\":true,\"timeTaken\":902,\"questionIndex\":2,\"pattern\":\"10\"}, {\"result\":true,\"timeTaken\":945,\"questionIndex\":3,\"pattern\":\"10\"}, {\"result\":true,\"timeTaken\":779,\"questionIndex\":4,\"pattern\":\"01\"}, {\"result\":true,\"timeTaken\":1040,\"questionIndex\":5,\"pattern\":\"01\"}, {\"result\":true,\"timeTaken\":824,\"questionIndex\":6,\"pattern\":\"01\"}, {\"result\":true,\"timeTaken\":867,\"questionIndex\":7,\"pattern\":\"10\"}, {\"result\":true,\"timeTaken\":857,\"questionIndex\":8,\"pattern\":\"01\"}]','{\"HadSeizure\":false,\"task\":\"Pre-task Survey\",\"Medication Report\":[],\"NewMedication\":false,\"MissedMedications\":false,\"Recent Seizure info\":[]}','{\"numQuestions\":\"10\",\"maxTime\":\"10\",\"newImages\":\"false\",\"ratio\":\"2\"}'),(50,'1009',687,90001,1080,1776,0.963855421686747,'2019-07-17 17:34:23',NULL,NULL,'[{\"result\":true,\"timeTaken\":2857,\"questionIndex\":1,\"pattern\":\"00\"}, {\"result\":true,\"timeTaken\":1291,\"questionIndex\":2,\"pattern\":\"01\"}, {\"result\":true,\"timeTaken\":843,\"questionIndex\":3,\"pattern\":\"11\"}, {\"result\":true,\"timeTaken\":893,\"questionIndex\":4,\"pattern\":\"11\"}, {\"result\":true,\"timeTaken\":897,\"questionIndex\":5,\"pattern\":\"00\"}, {\"result\":true,\"timeTaken\":865,\"questionIndex\":6,\"pattern\":\"10\"}, {\"result\":false,\"timeTaken\":968,\"questionIndex\":7,\"pattern\":\"11\"}, {\"result\":true,\"timeTaken\":1079,\"questionIndex\":8,\"pattern\":\"00\"}, {\"result\":true,\"timeTaken\":799,\"questionIndex\":9,\"pattern\":\"00\"}, {\"result\":true,\"timeTaken\":886,\"questionIndex\":10,\"pattern\":\"00\"}, {\"result\":true,\"timeTaken\":1140,\"questionIndex\":11,\"pattern\":\"00\"}, {\"result\":true,\"timeTaken\":1023,\"questionIndex\":12,\"pattern\":\"10\"}, {\"result\":true,\"timeTaken\":1013,\"questionIndex\":13,\"pattern\":\"00\"}, {\"result\":true,\"timeTaken\":848,\"questionIndex\":14,\"pattern\":\"01\"}, {\"result\":true,\"timeTaken\":950,\"questionIndex\":15,\"pattern\":\"11\"}, {\"result\":true,\"timeTaken\":884,\"questionIndex\":16,\"pattern\":\"10\"}, {\"result\":true,\"timeTaken\":836,\"questionIndex\":17,\"pattern\":\"00\"}, {\"result\":true,\"timeTaken\":800,\"questionIndex\":18,\"pattern\":\"00\"}, {\"result\":true,\"timeTaken\":1027,\"questionIndex\":19,\"pattern\":\"01\"}, {\"result\":true,\"timeTaken\":942,\"questionIndex\":20,\"pattern\":\"00\"}, {\"result\":true,\"timeTaken\":1346,\"questionIndex\":21,\"pattern\":\"00\"}, {\"result\":true,\"timeTaken\":1033,\"questionIndex\":22,\"pattern\":\"10\"}, {\"result\":true,\"timeTaken\":1275,\"questionIndex\":23,\"pattern\":\"10\"}, {\"result\":true,\"timeTaken\":975,\"questionIndex\":24,\"pattern\":\"01\"}, {\"result\":true,\"timeTaken\":1855,\"questionIndex\":25,\"pattern\":\"01\"}, {\"result\":true,\"timeTaken\":975,\"questionIndex\":26,\"pattern\":\"01\"}, {\"result\":true,\"timeTaken\":970,\"questionIndex\":27,\"pattern\":\"00\"}, {\"result\":true,\"timeTaken\":866,\"questionIndex\":28,\"pattern\":\"00\"}, {\"result\":true,\"timeTaken\":938,\"questionIndex\":29,\"pattern\":\"00\"}, {\"result\":true,\"timeTaken\":1131,\"questionIndex\":30,\"pattern\":\"10\"}, {\"result\":true,\"timeTaken\":1033,\"questionIndex\":31,\"pattern\":\"00\"}, {\"result\":true,\"timeTaken\":918,\"questionIndex\":32,\"pattern\":\"01\"}, {\"result\":true,\"timeTaken\":1101,\"questionIndex\":33,\"pattern\":\"01\"}, {\"result\":true,\"timeTaken\":986,\"questionIndex\":34,\"pattern\":\"10\"}, {\"result\":true,\"timeTaken\":900,\"questionIndex\":35,\"pattern\":\"01\"}, {\"result\":true,\"timeTaken\":942,\"questionIndex\":36,\"pattern\":\"11\"}, {\"result\":true,\"timeTaken\":952,\"questionIndex\":37,\"pattern\":\"10\"}, {\"result\":true,\"timeTaken\":1018,\"questionIndex\":38,\"pattern\":\"11\"}, {\"result\":true,\"timeTaken\":896,\"questionIndex\":39,\"pattern\":\"01\"}, {\"result\":true,\"timeTaken\":875,\"questionIndex\":40,\"pattern\":\"00\"}, {\"result\":true,\"timeTaken\":871,\"questionIndex\":41,\"pattern\":\"00\"}, {\"result\":true,\"timeTaken\":802,\"questionIndex\":42,\"pattern\":\"10\"}, {\"result\":true,\"timeTaken\":820,\"questionIndex\":43,\"pattern\":\"00\"}, {\"result\":true,\"timeTaken\":796,\"questionIndex\":44,\"pattern\":\"10\"}, {\"result\":true,\"timeTaken\":819,\"questionIndex\":45,\"pattern\":\"11\"}, {\"result\":true,\"timeTaken\":1044,\"questionIndex\":46,\"pattern\":\"10\"}, {\"result\":false,\"timeTaken\":1060,\"questionIndex\":47,\"pattern\":\"10\"}, {\"result\":true,\"timeTaken\":1037,\"questionIndex\":48,\"pattern\":\"10\"}, {\"result\":true,\"timeTaken\":1061,\"questionIndex\":49,\"pattern\":\"00\"}, {\"result\":true,\"timeTaken\":986,\"questionIndex\":50,\"pattern\":\"00\"}, {\"result\":true,\"timeTaken\":854,\"questionIndex\":51,\"pattern\":\"11\"}, {\"result\":true,\"timeTaken\":1001,\"questionIndex\":52,\"pattern\":\"10\"}, {\"result\":true,\"timeTaken\":880,\"questionIndex\":53,\"pattern\":\"11\"}, {\"result\":true,\"timeTaken\":892,\"questionIndex\":54,\"pattern\":\"10\"}, {\"result\":true,\"timeTaken\":1000,\"questionIndex\":55,\"pattern\":\"00\"}, {\"result\":true,\"timeTaken\":1157,\"questionIndex\":56,\"pattern\":\"00\"}, {\"result\":true,\"timeTaken\":809,\"questionIndex\":57,\"pattern\":\"10\"}, {\"result\":true,\"timeTaken\":930,\"questionIndex\":58,\"pattern\":\"00\"}, {\"result\":true,\"timeTaken\":965,\"questionIndex\":59,\"pattern\":\"10\"}, {\"result\":true,\"timeTaken\":965,\"questionIndex\":60,\"pattern\":\"00\"}, {\"result\":true,\"timeTaken\":1222,\"questionIndex\":61,\"pattern\":\"11\"}, {\"result\":false,\"timeTaken\":980,\"questionIndex\":62,\"pattern\":\"10\"}, {\"result\":true,\"timeTaken\":1584,\"questionIndex\":63,\"pattern\":\"01\"}, {\"result\":true,\"timeTaken\":977,\"questionIndex\":64,\"pattern\":\"01\"}, {\"result\":true,\"timeTaken\":936,\"questionIndex\":65,\"pattern\":\"00\"}, {\"result\":true,\"timeTaken\":1065,\"questionIndex\":66,\"pattern\":\"00\"}, {\"result\":true,\"timeTaken\":865,\"questionIndex\":67,\"pattern\":\"00\"}, {\"result\":true,\"timeTaken\":877,\"questionIndex\":68,\"pattern\":\"10\"}, {\"result\":true,\"timeTaken\":867,\"questionIndex\":69,\"pattern\":\"11\"}, {\"result\":true,\"timeTaken\":1092,\"questionIndex\":70,\"pattern\":\"10\"}, {\"result\":true,\"timeTaken\":1073,\"questionIndex\":71,\"pattern\":\"01\"}, {\"result\":true,\"timeTaken\":1088,\"questionIndex\":72,\"pattern\":\"11\"}, {\"result\":true,\"timeTaken\":1247,\"questionIndex\":73,\"pattern\":\"00\"}, {\"result\":true,\"timeTaken\":900,\"questionIndex\":74,\"pattern\":\"01\"}, {\"result\":true,\"timeTaken\":973,\"questionIndex\":75,\"pattern\":\"01\"}, {\"result\":true,\"timeTaken\":931,\"questionIndex\":76,\"pattern\":\"00\"}, {\"result\":true,\"timeTaken\":1094,\"questionIndex\":77,\"pattern\":\"01\"}, {\"result\":true,\"timeTaken\":958,\"questionIndex\":78,\"pattern\":\"00\"}, {\"result\":true,\"timeTaken\":751,\"questionIndex\":79,\"pattern\":\"10\"}, {\"result\":true,\"timeTaken\":989,\"questionIndex\":80,\"pattern\":\"00\"}, {\"result\":true,\"timeTaken\":957,\"questionIndex\":81,\"pattern\":\"00\"}, {\"result\":true,\"timeTaken\":883,\"questionIndex\":82,\"pattern\":\"10\"}, {\"result\":true,\"timeTaken\":875,\"questionIndex\":83,\"pattern\":\"00\"}]','{\"HadSeizure\":false,\"task\":\"Pre-task Survey\",\"Medication Report\":[],\"NewMedication\":false,\"MissedMedications\":false,\"Recent Seizure info\":[]}','{\"numQuestions\":\"130\",\"maxTime\":\"90\",\"newImages\":\"false\",\"ratio\":\"5\"}'),(51,'1009',698,90001,1080,1776,1,'2019-07-17 22:54:11',NULL,NULL,'[{\"result\":true,\"timeTaken\":2280,\"questionIndex\":1,\"pattern\":\"10\"}, {\"result\":true,\"timeTaken\":981,\"questionIndex\":2,\"pattern\":\"00\"}, {\"result\":true,\"timeTaken\":960,\"questionIndex\":3,\"pattern\":\"01\"}, {\"result\":true,\"timeTaken\":980,\"questionIndex\":4,\"pattern\":\"01\"}, {\"result\":true,\"timeTaken\":1343,\"questionIndex\":5,\"pattern\":\"00\"}, {\"result\":true,\"timeTaken\":945,\"questionIndex\":6,\"pattern\":\"00\"}, {\"result\":true,\"timeTaken\":61201,\"questionIndex\":7,\"pattern\":\"01\"}, {\"result\":true,\"timeTaken\":1422,\"questionIndex\":8,\"pattern\":\"01\"}]','{\"HadSeizure\":false,\"task\":\"Pre-task Survey\",\"Medication Report\":[],\"NewMedication\":false,\"MissedMedications\":false,\"Recent Seizure info\":[]}','{\"numQuestions\":\"130\",\"maxTime\":\"90\",\"newImages\":\"false\",\"ratio\":\"0\"}'),(52,'1009',704,10003,1080,1776,1,'2019-07-17 23:06:16',NULL,NULL,'[{\"result\":true,\"timeTaken\":2356,\"questionIndex\":1,\"pattern\":\"10\"}, {\"result\":true,\"timeTaken\":910,\"questionIndex\":2,\"pattern\":\"01\"}, {\"result\":true,\"timeTaken\":784,\"questionIndex\":3,\"pattern\":\"10\"}, {\"result\":true,\"timeTaken\":975,\"questionIndex\":4,\"pattern\":\"01\"}, {\"result\":true,\"timeTaken\":795,\"questionIndex\":5,\"pattern\":\"01\"}, {\"result\":true,\"timeTaken\":1077,\"questionIndex\":6,\"pattern\":\"01\"}, {\"result\":true,\"timeTaken\":1344,\"questionIndex\":7,\"pattern\":\"01\"}]','{\"HadSeizure\":false,\"task\":\"Pre-task Survey\",\"Medication Report\":[],\"NewMedication\":false,\"MissedMedications\":false,\"Recent Seizure info\":[]}','{\"numQuestions\":\"10\",\"maxTime\":\"10\",\"newImages\":\"false\",\"ratio\":\"7\"}'),(53,'1009',705,90001,1080,1776,1,'2019-07-17 23:36:18',NULL,NULL,'[{\"result\":true,\"timeTaken\":2265,\"questionIndex\":1,\"pattern\":\"10\"}]','{\"HadSeizure\":false,\"task\":\"Pre-task Survey\",\"Medication Report\":[],\"NewMedication\":false,\"MissedMedications\":false,\"Recent Seizure info\":[]}','{\"numQuestions\":\"130\",\"maxTime\":\"90\",\"newImages\":\"false\",\"ratio\":\"5\"}');
/*!40000 ALTER TABLE `pattern_comparison` ENABLE KEYS */;
UNLOCK TABLES;

--
-- Table structure for table `question_options`
--

DROP TABLE IF EXISTS `question_options`;
/*!40101 SET @saved_cs_client     = @@character_set_client */;
/*!40101 SET character_set_client = utf8 */;
CREATE TABLE `question_options` (
  `QuestionOptionId` int(11) NOT NULL,
  `OptionText` varchar(255) NOT NULL,
  `OptionOrder` int(6) NOT NULL,
  `CreatedAt` datetime NOT NULL,
  `UpdatedAt` datetime NOT NULL,
  `DeletedAt` datetime DEFAULT NULL,
  `QuestionOptionType` int(6) NOT NULL,
  `likertScale` int(11) DEFAULT NULL,
  PRIMARY KEY (`QuestionOptionId`)
) ENGINE=InnoDB DEFAULT CHARSET=utf8;
/*!40101 SET character_set_client = @saved_cs_client */;

--
-- Dumping data for table `question_options`
--

LOCK TABLES `question_options` WRITE;
/*!40000 ALTER TABLE `question_options` DISABLE KEYS */;
INSERT INTO `question_options` VALUES (1,'Never',1,'2016-06-09 14:44:09','2016-06-09 14:44:09',NULL,1,0),(2,'Almost Never',2,'2016-06-09 14:44:09','2016-06-09 14:44:09',NULL,1,1),(3,'Sometimes',3,'2016-06-09 14:44:09','2016-06-09 14:44:09',NULL,1,2),(4,'Often',4,'2016-06-09 14:44:09','2016-06-09 14:44:09',NULL,1,3),(5,'Almost Always',5,'2016-06-09 14:44:09','2016-06-09 14:44:09',NULL,1,4),(6,'With No Trouble',1,'2016-06-09 14:44:09','2016-06-09 14:44:09',NULL,2,4),(7,'With A Little Trouble',2,'2016-06-09 14:44:09','2016-06-09 14:44:09',NULL,2,3),(8,'With Some Trouble',3,'2016-06-09 14:44:09','2016-06-09 14:44:09',NULL,2,2),(9,'With A Lot Of Trouble',4,'2016-06-09 14:44:09','2016-06-09 14:44:09',NULL,2,1),(10,'Not Able To Do',5,'2016-06-09 14:44:09','2016-06-09 14:44:09',NULL,2,0),(11,'1',1,'2016-06-09 14:44:09','2016-06-09 14:44:09',NULL,7,NULL),(12,'2',2,'2016-06-09 14:44:09','2016-06-09 14:44:09',NULL,7,NULL),(13,'3',3,'2016-06-09 14:44:09','2016-06-09 14:44:09',NULL,7,NULL),(14,'4',4,'2016-06-09 14:44:09','2016-06-09 14:44:09',NULL,7,NULL),(15,'5',5,'2016-06-09 14:44:09','2016-06-09 14:44:09',NULL,7,NULL),(16,'6',6,'2016-06-09 14:44:09','2016-06-09 14:44:09',NULL,7,NULL),(17,'7',7,'2016-06-09 14:44:09','2016-06-09 14:44:09',NULL,7,NULL),(18,'8',8,'2016-06-09 14:44:09','2016-06-09 14:44:09',NULL,7,NULL),(19,'9',9,'2016-06-09 14:44:09','2016-06-09 14:44:09',NULL,7,NULL),(20,'10',10,'2016-06-09 14:44:09','2016-06-09 14:44:09',NULL,7,NULL),(21,'front head',11,'2016-06-09 14:44:09','2016-06-09 14:44:09',NULL,7,NULL),(22,'back head',12,'2016-06-09 14:44:09','2016-06-09 14:44:09',NULL,7,NULL),(23,'front left leg',13,'2016-06-09 14:44:09','2016-06-09 14:44:09',NULL,7,NULL),(24,'back left leg',14,'2016-06-09 14:44:09','2016-06-09 14:44:09',NULL,7,NULL),(25,'front right leg',15,'2016-06-09 14:44:09','2016-06-09 14:44:09',NULL,7,NULL),(26,'back right leg',16,'2016-06-09 14:44:09','2016-06-09 14:44:09',NULL,7,NULL),(27,'front chest',17,'2016-06-09 14:44:09','2016-06-09 14:44:09',NULL,7,NULL),(28,'front abdominal',18,'2016-06-09 14:44:09','2016-06-09 14:44:09',NULL,7,NULL),(29,'back',19,'2016-06-09 14:44:09','2016-06-09 14:44:09',NULL,7,NULL),(30,'lower back',20,'2016-06-09 14:44:09','2016-06-09 14:44:09',NULL,7,NULL),(31,'front left arm',21,'2016-06-09 14:44:09','2016-06-09 14:44:09',NULL,7,NULL),(32,'back left arm',22,'2016-06-09 14:44:09','2016-06-09 14:44:09',NULL,7,NULL),(33,'front right arm',23,'2016-06-09 14:44:09','2016-06-09 14:44:09',NULL,7,NULL),(34,'back right arm',24,'2016-06-09 14:44:09','2016-06-09 14:44:09',NULL,7,NULL),(35,'No Pain',25,'2016-06-09 14:44:09','2016-06-09 14:44:09',NULL,7,NULL),(36,'0',26,'2016-06-09 14:44:09','2016-06-09 14:44:09',NULL,7,NULL),(37,'1 to 2',1,'2016-07-29 14:44:09','2016-07-29 14:44:09',NULL,10,NULL),(38,'3 or more',2,'2016-07-29 14:44:09','2016-07-29 14:44:09',NULL,10,NULL),(39,'4 to 5',3,'2016-07-29 14:44:09','2016-07-29 14:44:09',NULL,10,NULL),(40,'6 to 7',4,'2016-07-29 14:44:09','2016-07-29 14:44:09',NULL,10,NULL),(41,'8 to 9',5,'2016-07-29 14:44:09','2016-07-29 14:44:09',NULL,10,NULL),(42,'10',6,'2016-07-29 14:44:09','2016-07-29 14:44:09',NULL,10,NULL),(43,'Not at all',1,'2016-07-29 14:44:09','2016-07-29 14:44:09',NULL,4,1),(44,'A little bit',2,'2016-07-29 14:44:09','2016-07-29 14:44:09',NULL,4,2),(45,'Somewhat',3,'2016-07-29 14:44:09','2016-07-29 14:44:09',NULL,4,3),(46,'Quite a bit',4,'2016-07-29 14:44:09','2016-07-29 14:44:09',NULL,4,4),(47,'Very much',5,'2016-07-29 14:44:09','2016-07-29 14:44:09',NULL,4,5),(48,'Not at all',1,'2016-07-29 14:44:09','2016-07-29 14:44:09',NULL,5,5),(49,'Very little',2,'2016-07-29 14:44:09','2016-07-29 14:44:09',NULL,5,4),(50,'Somewhat',3,'2016-07-29 14:44:09','2016-07-29 14:44:09',NULL,5,3),(51,'Quite a lot',4,'2016-07-29 14:44:09','2016-07-29 14:44:09',NULL,5,2),(52,'Cannot do',5,'2016-07-29 14:44:09','2016-07-29 14:44:09',NULL,5,1),(53,'Without any difficulty',1,'2016-07-29 14:44:09','2016-07-29 14:44:09',NULL,6,4),(54,'With a little difficulty',2,'2016-07-29 14:44:09','2016-07-29 14:44:09',NULL,6,3),(55,'With some difficulty',3,'2016-07-29 14:44:09','2016-07-29 14:44:09',NULL,6,2),(56,'With much difficulty',4,'2016-07-29 14:44:09','2016-07-29 14:44:09',NULL,6,1),(57,'Unable to do',5,'2016-07-29 14:44:09','2016-07-29 14:44:09',NULL,6,0),(58,'Never',1,'2016-07-29 14:44:09','2016-07-29 14:44:09',NULL,3,1),(59,'Rarely',2,'2016-07-29 14:44:09','2016-07-29 14:44:09',NULL,3,2),(60,'Sometimes',3,'2016-07-29 14:44:09','2016-07-29 14:44:09',NULL,3,3),(61,'Often',4,'2016-07-29 14:44:09','2016-07-29 14:44:09',NULL,3,4),(62,'Always',5,'2016-07-29 14:44:09','2016-07-29 14:44:09',NULL,3,5),(63,'Pain',1,'2016-07-29 14:44:09','2016-07-29 14:44:09',NULL,9,NULL),(64,'Fever',2,'2016-07-29 14:44:09','2016-07-29 14:44:09',NULL,9,NULL),(65,'Fatigue',3,'2016-07-29 14:44:09','2016-07-29 14:44:09',NULL,9,NULL),(66,'Anxiety',4,'2016-07-29 14:44:09','2016-07-29 14:44:09',NULL,9,NULL),(67,'Other',5,'2016-07-29 14:44:09','2016-07-29 14:44:09',NULL,9,NULL),(68,'0',1,'2016-07-29 14:44:09','2016-07-29 14:44:09',NULL,8,NULL),(69,'1',2,'2016-07-29 14:44:09','2016-07-29 14:44:09',NULL,8,NULL),(70,'2',3,'2016-07-29 14:44:09','2016-07-29 14:44:09',NULL,8,NULL),(71,'3',4,'2016-07-29 14:44:09','2016-07-29 14:44:09',NULL,8,NULL),(72,'4',5,'2016-07-29 14:44:09','2016-07-29 14:44:09',NULL,8,NULL),(73,'5',6,'2016-07-29 14:44:09','2016-07-29 14:44:09',NULL,8,NULL),(74,'Yes',1,'2016-08-29 15:52:09','2016-08-29 15:52:09',NULL,11,NULL),(75,'No',2,'2016-08-29 15:52:09','2016-08-29 15:52:09',NULL,11,NULL),(76,'Oxycodone ',1,'2016-08-31 15:52:09','2016-08-31 15:52:09',NULL,-1,NULL),(77,'Tramadol ',2,'2016-08-31 15:52:09','2016-08-31 15:52:09',NULL,-1,NULL),(78,'Dilaudid ',3,'2016-08-31 15:52:09','2016-08-31 15:52:09',NULL,-1,NULL),(79,'Tylenol with codeine',4,'2016-08-31 15:52:09','2016-08-31 15:52:09',NULL,-1,NULL),(80,'Percocet ',5,'2016-08-31 15:52:09','2016-08-31 15:52:09',NULL,-1,NULL),(81,'Ibuprofen ',6,'2016-08-31 15:52:09','2016-08-31 15:52:09',NULL,-1,NULL),(82,'Naprosyn ',7,'2016-08-31 15:52:09','2016-08-31 15:52:09',NULL,-1,NULL),(83,'Shoulder Griddle, left',1,'2016-08-31 15:52:09','2016-08-31 15:52:09',NULL,12,NULL),(84,'Shoulder Griddle, right',2,'2016-08-31 15:52:09','2016-08-31 15:52:09',NULL,12,NULL),(85,'Upper arm, left',3,'2016-08-31 15:52:09','2016-08-31 15:52:09',NULL,12,NULL),(86,'Upper arm, right',4,'2016-08-31 15:52:09','2016-08-31 15:52:09',NULL,12,NULL),(87,'Lower arm, left',5,'2016-08-31 15:52:09','2016-08-31 15:52:09',NULL,12,NULL),(88,'Lower arm, right',6,'2016-08-31 15:52:09','2016-08-31 15:52:09',NULL,12,NULL),(89,'Hip (buttock) left',7,'2016-08-31 15:52:09','2016-08-31 15:52:09',NULL,12,NULL),(90,'Hip (buttock) right',8,'2016-08-31 15:52:09','2016-08-31 15:52:09',NULL,12,NULL),(91,'Upper leg, left',9,'2016-08-31 15:52:09','2016-08-31 15:52:09',NULL,12,NULL),(92,'Upper leg, right',10,'2016-08-31 15:52:09','2016-08-31 15:52:09',NULL,12,NULL),(93,'Lower leg, left',11,'2016-08-31 15:52:09','2016-08-31 15:52:09',NULL,13,NULL),(94,'Lower leg, right',12,'2016-08-31 15:52:09','2016-08-31 15:52:09',NULL,13,NULL),(95,'Jaw left',13,'2016-08-31 15:52:09','2016-08-31 15:52:09',NULL,13,NULL),(96,'Jaw right',14,'2016-08-31 15:52:09','2016-08-31 15:52:09',NULL,13,NULL),(97,'Chest',15,'2016-08-31 15:52:09','2016-08-31 15:52:09',NULL,13,NULL),(98,'Abdomen',16,'2016-08-31 15:52:09','2016-08-31 15:52:09',NULL,13,NULL),(99,'Neck',17,'2016-08-31 15:52:09','2016-08-31 15:52:09',NULL,13,NULL),(100,'Upper back',18,'2016-08-31 15:52:09','2016-08-31 15:52:09',NULL,13,NULL),(101,'Lower back',19,'2016-08-31 15:52:09','2016-08-31 15:52:09',NULL,13,NULL),(102,'None of these',11,'2016-08-31 15:52:09','2016-08-31 15:52:09',NULL,12,NULL),(103,'None of these',11,'2016-08-31 15:52:09','2016-08-31 15:52:09',NULL,13,NULL);
/*!40000 ALTER TABLE `question_options` ENABLE KEYS */;
UNLOCK TABLES;

--
-- Table structure for table `question_result`
--

DROP TABLE IF EXISTS `question_result`;
/*!40101 SET @saved_cs_client     = @@character_set_client */;
/*!40101 SET character_set_client = utf8 */;
CREATE TABLE `question_result` (
  `id` int(11) NOT NULL AUTO_INCREMENT,
  `createdAt` datetime NOT NULL,
  `updatedAt` datetime NOT NULL,
  `questionIdFk` int(11) NOT NULL,
  `questionOptionIdFk` int(11) NOT NULL,
  `ActivityInstanceIdFk` int(11) NOT NULL,
  `Value` varchar(256) DEFAULT NULL,
  `dosage` varchar(32) DEFAULT NULL,
  PRIMARY KEY (`id`),
  KEY `questionIdFk_idx` (`questionIdFk`),
  KEY `questionOptionIdFk_idx` (`questionOptionIdFk`),
  KEY `ActivityInstanceIdFk_idx` (`ActivityInstanceIdFk`),
  CONSTRAINT `ActivityInstanceIdFk` FOREIGN KEY (`ActivityInstanceIdFk`) REFERENCES `activity_instance` (`ActivityInstanceId`),
  CONSTRAINT `questionIdFk` FOREIGN KEY (`questionIdFk`) REFERENCES `questions` (`QuestionId`),
  CONSTRAINT `questionOptionIdFk` FOREIGN KEY (`questionOptionIdFk`) REFERENCES `question_options` (`QuestionOptionId`)
) ENGINE=InnoDB AUTO_INCREMENT=113 DEFAULT CHARSET=utf8;
/*!40101 SET character_set_client = @saved_cs_client */;

--
-- Dumping data for table `question_result`
--

LOCK TABLES `question_result` WRITE;
/*!40000 ALTER TABLE `question_result` DISABLE KEYS */;
INSERT INTO `question_result` VALUES (1,'2017-05-30 19:36:26','2017-05-30 19:36:26',144,1,188,'',''),(2,'2017-05-30 19:36:26','2017-05-30 19:36:26',145,3,188,'',''),(3,'2017-05-30 19:36:26','2017-05-30 19:36:26',146,2,188,'',''),(4,'2017-05-30 19:36:26','2017-05-30 19:36:26',139,5,188,'',''),(5,'2017-05-30 19:36:26','2017-05-30 19:36:26',140,3,188,'',''),(6,'2017-05-30 19:36:26','2017-05-30 19:36:26',141,4,188,'',''),(7,'2017-05-30 19:36:26','2017-05-30 19:36:26',142,5,188,'',''),(8,'2017-05-30 19:36:26','2017-05-30 19:36:26',143,5,188,'',''),(9,'2017-05-30 19:47:33','2017-05-30 19:47:33',112,3,209,'',''),(10,'2017-05-30 19:47:33','2017-05-30 19:47:33',113,2,209,'',''),(11,'2017-05-30 19:47:33','2017-05-30 19:47:33',114,4,209,'',''),(12,'2017-05-30 19:47:33','2017-05-30 19:47:33',115,5,209,'',''),(13,'2017-05-30 19:47:33','2017-05-30 19:47:33',116,5,209,'',''),(14,'2017-05-30 19:47:33','2017-05-30 19:47:33',117,2,209,'',''),(15,'2017-05-30 19:47:33','2017-05-30 19:47:33',118,3,209,'',''),(16,'2017-05-30 19:47:33','2017-05-30 19:47:33',111,1,209,'',''),(17,'2017-05-31 20:30:10','2017-05-31 20:30:10',112,5,210,'',''),(18,'2017-05-31 20:30:10','2017-05-31 20:30:10',113,2,210,'',''),(19,'2017-05-31 20:30:10','2017-05-31 20:30:10',114,3,210,'',''),(20,'2017-05-31 20:30:10','2017-05-31 20:30:10',115,4,210,'',''),(21,'2017-05-31 20:30:10','2017-05-31 20:30:10',116,4,210,'',''),(22,'2017-05-31 20:30:10','2017-05-31 20:30:10',117,5,210,'',''),(23,'2017-05-31 20:30:10','2017-05-31 20:30:10',118,3,210,'',''),(24,'2017-05-31 20:30:10','2017-05-31 20:30:10',111,4,210,'',''),(25,'2017-05-31 20:31:24','2017-05-31 20:31:24',112,3,212,'',''),(26,'2017-05-31 20:31:24','2017-05-31 20:31:24',113,2,212,'',''),(27,'2017-05-31 20:31:24','2017-05-31 20:31:24',114,3,212,'',''),(28,'2017-05-31 20:31:24','2017-05-31 20:31:24',115,3,212,'',''),(29,'2017-05-31 20:31:24','2017-05-31 20:31:24',116,4,212,'',''),(30,'2017-05-31 20:31:24','2017-05-31 20:31:24',117,4,212,'',''),(31,'2017-05-31 20:31:24','2017-05-31 20:31:24',118,3,212,'',''),(32,'2017-05-31 20:31:24','2017-05-31 20:31:24',111,5,212,'',''),(33,'2017-05-31 20:32:54','2017-05-31 20:32:54',112,3,211,'',''),(34,'2017-05-31 20:32:54','2017-05-31 20:32:54',113,2,211,'',''),(35,'2017-05-31 20:32:54','2017-05-31 20:32:54',114,4,211,'',''),(36,'2017-05-31 20:32:54','2017-05-31 20:32:54',115,4,211,'',''),(37,'2017-05-31 20:32:54','2017-05-31 20:32:54',116,3,211,'',''),(38,'2017-05-31 20:32:54','2017-05-31 20:32:54',117,3,211,'',''),(39,'2017-05-31 20:32:54','2017-05-31 20:32:54',118,3,211,'',''),(40,'2017-05-31 20:32:54','2017-05-31 20:32:54',111,3,211,'',''),(41,'2017-05-31 20:46:34','2017-05-31 20:46:34',112,2,233,'',''),(42,'2017-05-31 20:46:34','2017-05-31 20:46:34',113,4,233,'',''),(43,'2017-05-31 20:46:34','2017-05-31 20:46:34',114,4,233,'',''),(44,'2017-05-31 20:46:34','2017-05-31 20:46:34',115,2,233,'',''),(45,'2017-05-31 20:46:34','2017-05-31 20:46:34',116,3,233,'',''),(46,'2017-05-31 20:46:34','2017-05-31 20:46:34',117,3,233,'',''),(47,'2017-05-31 20:46:34','2017-05-31 20:46:34',118,2,233,'',''),(48,'2017-05-31 20:46:34','2017-05-31 20:46:34',111,4,233,'',''),(49,'2017-06-01 06:11:42','2017-06-01 06:11:42',112,5,234,'',''),(50,'2017-06-01 06:11:42','2017-06-01 06:11:42',113,1,234,'',''),(51,'2017-06-01 06:11:42','2017-06-01 06:11:42',114,3,234,'',''),(52,'2017-06-01 06:11:42','2017-06-01 06:11:42',115,2,234,'',''),(53,'2017-06-01 06:11:42','2017-06-01 06:11:42',116,1,234,'',''),(54,'2017-06-01 06:11:42','2017-06-01 06:11:42',117,4,234,'',''),(55,'2017-06-01 06:11:42','2017-06-01 06:11:42',118,4,234,'',''),(56,'2017-06-01 06:11:42','2017-06-01 06:11:42',111,3,234,'',''),(57,'2017-06-01 10:40:31','2017-06-01 10:40:31',112,1,235,'',''),(58,'2017-06-01 10:40:31','2017-06-01 10:40:31',113,2,235,'',''),(59,'2017-06-01 10:40:31','2017-06-01 10:40:31',114,3,235,'',''),(60,'2017-06-01 10:40:31','2017-06-01 10:40:31',115,4,235,'',''),(61,'2017-06-01 10:40:31','2017-06-01 10:40:31',116,1,235,'',''),(62,'2017-06-01 10:40:31','2017-06-01 10:40:31',117,2,235,'',''),(63,'2017-06-01 10:40:31','2017-06-01 10:40:31',118,2,235,'',''),(64,'2017-06-01 10:40:31','2017-06-01 10:40:31',111,2,235,'',''),(65,'2017-06-09 11:08:38','2017-06-09 11:08:38',144,3,282,'',''),(66,'2017-06-09 11:08:38','2017-06-09 11:08:38',145,4,282,'',''),(67,'2017-06-09 11:08:38','2017-06-09 11:08:38',146,5,282,'',''),(68,'2017-06-09 11:08:38','2017-06-09 11:08:38',139,2,282,'',''),(69,'2017-06-09 11:08:38','2017-06-09 11:08:38',140,2,282,'',''),(70,'2017-06-09 11:08:38','2017-06-09 11:08:38',141,2,282,'',''),(71,'2017-06-09 11:08:38','2017-06-09 11:08:38',142,1,282,'',''),(72,'2017-06-09 11:08:38','2017-06-09 11:08:38',143,4,282,'',''),(73,'2017-06-09 11:12:52','2017-06-09 11:12:52',112,5,283,'',''),(74,'2017-06-09 11:12:52','2017-06-09 11:12:52',113,3,283,'',''),(75,'2017-06-09 11:12:52','2017-06-09 11:12:52',114,4,283,'',''),(76,'2017-06-09 11:12:52','2017-06-09 11:12:52',115,5,283,'',''),(77,'2017-06-09 11:12:52','2017-06-09 11:12:52',116,3,283,'',''),(78,'2017-06-09 11:12:52','2017-06-09 11:12:52',117,3,283,'',''),(79,'2017-06-09 11:12:52','2017-06-09 11:12:52',118,5,283,'',''),(80,'2017-06-09 11:12:52','2017-06-09 11:12:52',111,3,283,'',''),(81,'2017-08-31 18:39:29','2017-08-31 18:39:29',112,4,303,'',''),(82,'2017-08-31 18:39:29','2017-08-31 18:39:29',113,4,303,'',''),(83,'2017-08-31 18:39:29','2017-08-31 18:39:29',114,2,303,'',''),(84,'2017-08-31 18:39:29','2017-08-31 18:39:29',115,2,303,'',''),(85,'2017-08-31 18:39:29','2017-08-31 18:39:29',116,4,303,'',''),(86,'2017-08-31 18:39:29','2017-08-31 18:39:29',117,3,303,'',''),(87,'2017-08-31 18:39:29','2017-08-31 18:39:29',118,3,303,'',''),(88,'2017-08-31 18:39:29','2017-08-31 18:39:29',111,4,303,'',''),(89,'2017-08-31 18:40:09','2017-08-31 18:40:09',112,3,302,'',''),(90,'2017-08-31 18:40:09','2017-08-31 18:40:09',113,4,302,'',''),(91,'2017-08-31 18:40:09','2017-08-31 18:40:09',114,4,302,'',''),(92,'2017-08-31 18:40:09','2017-08-31 18:40:09',115,3,302,'',''),(93,'2017-08-31 18:40:09','2017-08-31 18:40:09',116,4,302,'',''),(94,'2017-08-31 18:40:09','2017-08-31 18:40:09',117,4,302,'',''),(95,'2017-08-31 18:40:09','2017-08-31 18:40:09',118,4,302,'',''),(96,'2017-08-31 18:40:09','2017-08-31 18:40:09',111,3,302,'',''),(97,'2018-01-22 21:51:22','2018-01-22 21:51:22',144,3,414,'',''),(98,'2018-01-22 21:51:22','2018-01-22 21:51:22',145,3,414,'',''),(99,'2018-01-22 21:51:22','2018-01-22 21:51:22',146,3,414,'',''),(100,'2018-01-22 21:51:22','2018-01-22 21:51:22',139,3,414,'',''),(101,'2018-01-22 21:51:22','2018-01-22 21:51:22',140,3,414,'',''),(102,'2018-01-22 21:51:22','2018-01-22 21:51:22',141,3,414,'',''),(103,'2018-01-22 21:51:22','2018-01-22 21:51:22',142,4,414,'',''),(104,'2018-01-22 21:51:22','2018-01-22 21:51:22',143,3,414,'',''),(105,'2018-03-06 22:51:23','2018-03-06 22:51:23',144,2,450,'',''),(106,'2018-03-06 22:51:23','2018-03-06 22:51:23',145,3,450,'',''),(107,'2018-03-06 22:51:23','2018-03-06 22:51:23',146,1,450,'',''),(108,'2018-03-06 22:51:23','2018-03-06 22:51:23',139,3,450,'',''),(109,'2018-03-06 22:51:23','2018-03-06 22:51:23',140,3,450,'',''),(110,'2018-03-06 22:51:23','2018-03-06 22:51:23',141,2,450,'',''),(111,'2018-03-06 22:51:23','2018-03-06 22:51:23',142,3,450,'',''),(112,'2018-03-06 22:51:23','2018-03-06 22:51:23',143,2,450,'','');
/*!40000 ALTER TABLE `question_result` ENABLE KEYS */;
UNLOCK TABLES;

--
-- Table structure for table `questions`
--

DROP TABLE IF EXISTS `questions`;
/*!40101 SET @saved_cs_client     = @@character_set_client */;
/*!40101 SET character_set_client = utf8 */;
CREATE TABLE `questions` (
  `QuestionId` int(11) NOT NULL,
  `QuestionText` varchar(256) NOT NULL,
  `QuestionType` varchar(256) NOT NULL,
  `QuestionOptionType` varchar(255) DEFAULT '1',
  `SurveyBlockIdFk` varchar(45) NOT NULL,
  `ShortForm` varchar(45) NOT NULL,
  PRIMARY KEY (`QuestionId`)
) ENGINE=InnoDB DEFAULT CHARSET=utf8;
/*!40101 SET character_set_client = @saved_cs_client */;

--
-- Dumping data for table `questions`
--

LOCK TABLES `questions` WRITE;
/*!40000 ALTER TABLE `questions` DISABLE KEYS */;
INSERT INTO `questions` VALUES (1,'In the past 7 days, I had trouble sleeping when I had pain.','likert5','1','PR_PainInt_Chld','ped_v10.PI.SF8a.1'),(2,'In the past 7 days, I had trouble doing schoolwork when I had pain.','likert5','1','PR_PainInt_Chld','ped_v10.PI.SF8a.2'),(3,'In the past 7 days, It was hard for me to pay attention when I had pain.','likert5','1','PR_PainInt_Chld','ped_v10.PI.SF8a.3'),(4,'In the past 7 days, It was hard for me to run when I had pain.','likert5','1','PR_PainInt_Chld','ped_v10.PI.SF8a.4'),(5,'In the past 7 days, It was hard for me to walk one block when I had pain.','likert5','1','PR_PainInt_Chld','ped_v10.PI.SF8a.5'),(6,'In the past 7 days, It was hard to have fun when I had pain.','likert5','1','PR_PainInt_Chld','ped_v10.PI.SF8a.6'),(7,'In the past 7 days, I could do sports and exercise that other kids my age could do. ','likert5','2','PR_PhyFuncMob_Chld','ped_v10.PFM.SF8a.1'),(8,'In the past 7 days, I could get up from the floor.','likert5','2','PR_PhyFuncMob_Chld','ped_v10.PFM.SF8a.2'),(9,'In the past 7 days, I could keep up when I played with other kids.','likert5','2','PR_PhyFuncMob_Chld','ped_v10.PFM.SF8a.3'),(10,'In the past 7 days, I could stand by myself.','likert5','2','PR_PhyFuncMob_Chld','ped_v10.PFM.SF8a.4'),(11,'In the past 7 days, I could walk up stairs without holding on to anything.','likert5','2','PR_PhyFuncMob_Chld','ped_v10.PFM.SF8a.5'),(12,'In the past 7 days, I have been physically able to do the activities I enjoy most.','likert5','2','PR_PhyFuncMob_Chld','ped_v10.PFM.SF8a.6'),(13,'In the past 7 days, being tired made it hard for me to play or go out with my friends as much as I\'d like.','likert5','1','PR_Fatigue_Chld','ped_v10.Fat.SF10a.1'),(14,'In the past 7 days, being tired made it hard for me to keep up with my schoolwork.','likert5','1','PR_Fatigue_Chld','ped_v10.Fat.SF10a.2'),(15,'In the past 7 days, I had trouble starting things because I was too tired.','likert5','1','PR_Fatigue_Chld','ped_v10.Fat.SF10a.3'),(16,'In the past 7 days, I was so tired it was hard for me to pay attention.','likert5','1','PR_Fatigue_Chld','ped_v10.Fat.SF10a.4'),(17,'In the past 7 days, I was too tired to do sports or exercise.','likert5','1','PR_Fatigue_Chld','ped_v10.Fat.SF10a.5'),(18,'In the past 7 days, I was too tired to do things outside.','likert5','1','PR_Fatigue_Chld','ped_v10.Fat.SF10a.6'),(25,'In the past 7 days, how much did pain interfere with your day to day activities?','likert5','4','PR_PainInt_Adlt','adult_v10.PI.SF6a.1'),(26,'In the past 7 days, how much did pain interfere with work around the home?','likert5','4','PR_PainInt_Adlt','adult_v10.PI.SF6a.2'),(27,'In the past 7 days, how much did pain interfere with your ability to participate in social activities?','likert5','4','PR_PainInt_Adlt','adult_v10.PI.SF6a.3'),(28,'In the past 7 days, how much did pain interfere with your household chores?','likert5','4','PR_PainInt_Adlt','adult_v10.PI.SF6a.4'),(29,'In the past 7 days, how much did pain interfere with the things you usually do for fun?','likert5','4','PR_PainInt_Adlt','adult_v10.PI.SF6a.5'),(30,'In the past 7 days, how much did pain interfere with your enjoyment of social activities? ','likert5','4','PR_PainInt_Adlt','adult_v10.PI.SF6a.6'),(31,'Does your health now limit you in doing vigorous activities, such as running, lifting heavy objects, participating in strenuous sports?','likert5','5','PR_PhyFuncMob_Adlt','adult_v10.PFM.SF10a.1'),(32,'Does your health now limit you in walking more than a mile?','likert5','5','PR_PhyFuncMob_Adlt','adult_v10.PFM.SF10a.2'),(33,'Does your health now limit you in climbing one flight of stairs?','likert5','5','PR_PhyFuncMob_Adlt','adult_v10.PFM.SF10a.3'),(34,'Does your health now limit you in lifting or carrying groceries?','likert5','5','PR_PhyFuncMob_Adlt','adult_v10.PFM.SF10a.4'),(35,'Does your health now limit you in bending, kneeling, or stooping?','likert5','5','PR_PhyFuncMob_Adlt','adult_v10.PFM.SF10a.5'),(36,'Are you able to dress yourself, including tying shoelaces and doing buttons?','likert5','6','PR_PhyFuncMob_Adlt','adult_v10.PFM.SF10a.6'),(37,'During the past 7 days, I feel fatigued.','likert5','4','PR_Fatigue_Adlt','adult_v10.Fat.SF6a.1'),(38,'During the past 7 days, I have trouble starting things because I am tired.','likert5','4','PR_Fatigue_Adlt','adult_v10.Fat.SF6a.2'),(39,'In the past 7 days, how run-down did you feel on average?','likert5','4','PR_Fatigue_Adlt','adult_v10.Fat.SF6a.3'),(40,'In the past 7 days, how fatigued were you on average?','likert5','4','PR_Fatigue_Adlt','adult_v10.Fat.SF6a.4'),(41,'In the past 7 days, how much were you bothered by your fatigue on average?','likert5','4','PR_Fatigue_Adlt','adult_v10.Fat.SF6a.5'),(42,'In the past 7 days, to what degree did your fatigue interfere with your physical functioning?','likert5','4','PR_Fatigue_Adlt','adult_v10.Fat.SF6a.6'),(43,'In the past 7 days, I felt fearful.','likert5','3','PR_Anxiety_Adlt','adult_v10.Anx.SF6a.1'),(44,'In the past 7 days, I found it hard to focus on anything other than my anxiety.','likert5','3','PR_Anxiety_Adlt','adult_v10.Anx.SF6a.2'),(45,'In the past 7 days, my worries overwhelmed me.  ','likert5','3','PR_Anxiety_Adlt','adult_v10.Anx.SF6a.3'),(46,'In the past 7 days, I felt uneasy.','likert5','3','PR_Anxiety_Adlt','adult_v10.Anx.SF6a.4'),(47,'In the past 7 days, I felt nervous.','likert5','3','PR_Anxiety_Adlt','adult_v10.Anx.SF6a.5'),(48,'In the past 7 days, I felt like I needed help for my anxiety.','likert5','3','PR_Anxiety_Adlt','adult_v10.Anx.SF6a.6'),(49,'In the past 7 days, my child had trouble sleeping when he/she had pain.','likert5','1','PR_PainInt_PR','parent_v10.PI.SF8.1'),(50,'In the past 7 days, my child had trouble doing schoolwork when he/she had pain.','likert5','1','PR_PainInt_PR','parent_v10.PI.SF8.2'),(51,'In the past 7 days, it was hard for my child to pay attention when he/she had pain. ','likert5','1','PR_PainInt_PR','parent_v10.PI.SF8.3'),(52,'In the past 7 days, it was hard for my child to run when he/she had pain.','likert5','1','PR_PainInt_PR','parent_v10.PI.SF8.4'),(53,'In the past 7 days, it was hard for my child to walk one block when he/she had pain.','likert5','1','PR_PainInt_PR','parent_v10.PI.SF8.5'),(54,'In the past 7 days, it was hard for my child to have fun when he/she had pain.','likert5','1','PR_PainInt_PR','parent_v10.PI.SF8.6'),(55,'In the past 7 days, my child could do sports and exercise that other kids his/her age could do.','likert5','2','PR_PhyFuncMob_PR','parent_v10.PFM.SF8.1'),(56,'In the past 7 days, my child could get up from the floor.','likert5','2','PR_PhyFuncMob_PR','parent_v10.PFM.SF8.2'),(57,'In the past 7 days, my child could keep up when he/she played with other kids.','likert5','2','PR_PhyFuncMob_PR','parent_v10.PFM.SF8.3'),(58,'In the past 7 days, my child could stand up without help.','likert5','2','PR_PhyFuncMob_PR','parent_v10.PFM.SF8.4'),(59,'In the past 7 days, my child could walk up stairs without holding on to anything','likert5','2','PR_PhyFuncMob_PR','parent_v10.PFM.SF8.5'),(60,'In the past 7 days, my child has been physically able to do the activities he/she enjoys most.','likert5','2','PR_PhyFuncMob_PR','parent_v10.PFM.SF8.6'),(61,'In the past 7 days, being tired made it hard for my child to play or go out with friends as much as he/she would like.','likert5','1','PR_Fatigue_PR','parent_v10.Fat.SF10.1'),(62,'In the past 7 days, being tired made it hard for my child to keep up with schoolwork.','likert5','1','PR_Fatigue_PR','parent_v10.Fat.SF10.2'),(63,'In the past 7 days, my child had trouble starting things because he/she was too tired.','likert5','1','PR_Fatigue_PR','parent_v10.Fat.SF10.3'),(64,'In the past 7 days, my child was so tired it was hard for him/her to pay attention.','likert5','1','PR_Fatigue_PR','parent_v10.Fat.SF10.4'),(65,'In the past 7 days, my child was too tired to do sports or exercise.','likert5','1','PR_Fatigue_PR','parent_v10.Fat.SF10.5'),(66,'In the past 7 days, my child was too tired to do things outside.','likert5','1','PR_Fatigue_PR','parent_v10.Fat.SF10.6'),(73,'In the last 24 hours, how much generalized pain did you have?','generalizedpain','-1','bodyPain_delete',''),(74,' In the last 24 hours, which part of the body did you feel the most pain?','bodyPain','7','bodyPain_daily',''),(75,'In the last 24 hours, how many tablets of pain medication did your child take?','MCMADW','-1','PR_MA_PR',''),(76,'In the last 24 hours, how many tablets of your pain medication did you take?','MCMADW','-1','PR_MA_Chld',''),(77,'Over the last 7 days, I missed ____  school days.','MCSA','8','CAT_Adlt',''),(78,'I missed school because of','MCMA','9','CAT_Adlt',''),(79,'I left school early ____ times.','MCSA','8','CAT_Adlt',''),(80,'I left school early because of ','MCMA','9','CAT_Adlt',''),(81,'I needed to go to the emergency room for pain _____ times','MCSA','8','CAT_Adlt',''),(82,'In the last 24 hours, how many tablets of your pain medication did you take?','MCMADW','-1','PR_MA_Adlt',''),(83,'In the last 24 hours, how many doses of hydroxyurea did you take?','MCSA','10','PR_MA_Adlt',''),(84,'In the last 24 hours,did you take your prescribed medication (except hydroxyurea)?','MCSA','11','PR_MA_Adlt',''),(85,'In the last 24 hours,did you take your prescribed medication ?','MCSA','11','PR_MA_Adlt',''),(86,'In the last 24 hours, how many doses of hydroxyurea did your child take?','MCSA','10','PR_MA_PR',''),(87,'In the last 24 hours,did your child take the prescribed medication (except hydroxyurea)?','MCSA','11','PR_MA_PR',''),(88,'In the last 24 hours,did your child take the prescribed medication ?','MCSA','11','PR_MA_PR',''),(89,'In the last 24 hours, how many doses of hydroxyurea did you take?','MCSA','10','PR_MA_Chld',''),(90,'In the last 24 hours,did your child take the prescribed medication (except hydroxyurea)?','MCSA','11','PR_MA_Chld',''),(91,'In the last 24 hours,did your child take the prescribed medication ?','MCSA','11','PR_MA_Chld',''),(92,'In the last week, in which parts of the body did you feel pain ? (Part 1/2)','MCMA','12','bodyPain_weekly',' '),(93,'In the last week, in which parts of the body did you feel pain ? (Part 2/2)','MCMA','13','bodyPain_weekly',' '),(94,'Over the last 7 days, I missed ____  school days.','MCSA','8','CAT_Chld',''),(95,'I missed school because of','MCMA','9','CAT_Chld',''),(96,'I left school early ____ times.','MCSA','8','CAT_Chld',''),(97,'I left school early because of ','MCMA','9','CAT_Chld',''),(98,'I needed to go to the emergency room for pain _____ times','MCSA','8','CAT_Chld',''),(99,'Over the last 7 days, Your child missed ____  school days.','MCSA','8','CAT_PR',''),(100,'Your child missed school because of','MCMA','9','CAT_PR',''),(101,'Your child left school early ____ times.','MCSA','8','CAT_PR',''),(102,'Your child  left school early because of ','MCMA','9','CAT_PR',''),(103,'Your child needed to go to the emergency room for pain _____ times','MCSA','8','CAT_PR',''),(104,'In the past 4 weeks, Your child has to use written lists more often than other people his/her age so he/she will not forget things','likert5','14','PR_Cognitive_PR','parent_v10.Cog.SF7a.1'),(105,'In the past 4 weeks, It is hard for your child to pay attention to one thing for more than 5-10 minutes','likert5','14','PR_Cognitive_PR','parent_v10.Cog.SF7a.2'),(106,'In the past 4 weeks, Your child has trouble keeping track of what he/she is doing if he/she gets interrupted','likert5','14','PR_Cognitive_PR','parent_v10.Cog.SF7a.3'),(107,'In the past 4 weeks, Your child has to read things several times to understand them','likert5','14','PR_Cognitive_PR','parent_v10.Cog.SF7a.4'),(108,'In the past 4 weeks, Your child forgets things easily','likert5','14','PR_Cognitive_PR','parent_v10.Cog.SF7a.5'),(109,'In the past 4 weeks, Your child has to work really hard to pay attention or he/she makes mistakes','likert5','14','PR_Cognitive_PR','parent_v10.Cog.SF7a.6'),(110,'In the past 4 weeks, Your child has trouble remembering to do things like school projects or chores','likert5','14','PR_Cognitive_PR','parent_v10.Cog.SF7a.7'),(111,'In the past 7 days, my child felt nervous','likert5','1','PR_Anxiety_PR','parent_v20.Anx.SF8a.1'),(112,'In the past 7 days, my child felt scared ','likert5','1','PR_Anxiety_PR','parent_v20.Anx.SF8a.2'),(113,'In the past 7 days, my child felt worried','likert5','1','PR_Anxiety_PR','parent_v20.Anx.SF8a.3'),(114,'In the past 7 days, my child felt like something awful might happen','likert5','1','PR_Anxiety_PR','parent_v20.Anx.SF8a.4'),(115,'In the past 7 days, my child worried when he/she was at home ','likert5','1','PR_Anxiety_PR','parent_v20.Anx.SF8a.5'),(116,'In the past 7 days, my child got scared really easy','likert5','1','PR_Anxiety_PR','parent_v20.Anx.SF8a.6'),(117,'In the past 7 days, my child worried about what could happen to him/her','likert5','1','PR_Anxiety_PR','parent_v20.Anx.SF8a.7'),(118,'In the past 7 days, my child worried when he/she went to bed at night ','likert5','1','PR_Anxiety_PR','parent_v20.Anx.SF8a.8'),(119,'In the past 7 days, my child could not stop feeling sad ','likert5','1','PR_Depressive_PR','parent_v20.Dep.SF6a.1'),(120,'In the past 7 days, my child felt everything in his/her life went wrong','likert5','1','PR_Depressive_PR','parent_v20.Dep.SF6a.2'),(121,'In the past 7 days, my child felt like he/she couldn\'t do anything right ','likert5','1','PR_Depressive_PR','parent_v20.Dep.SF6a.3'),(122,'In the past 7 days, my child felt lonely','likert5','1','PR_Depressive_PR','parent_v20.Dep.SF6a.4'),(123,'In the past 7 days, my child felt sad','likert5','1','PR_Depressive_PR','parent_v20.Dep.SF6a.5'),(124,'In the past 7 days, it was hard for my child to have fun ','likert5','1','PR_Depressive_PR','parent_v20.Dep.SF6a.6'),(125,'In the past 7 days, my child felt accepted by other kids his/her age ','likert5','1','PR_PeerRelationship_PR','parent_v20.PeerR.SF7a.1'),(126,'In the past 7 days, my child was able to count on his/her friends ','likert5','1','PR_PeerRelationship_PR','parent_v20.PeerR.SF7a.2'),(127,'In the past 7 days, my child was good at making friends','likert5','1','PR_PeerRelationship_PR','parent_v20.PeerR.SF7a.3'),(128,'In the past 7 days, my child and his/her friends helped each other out','likert5','1','PR_PeerRelationship_PR','parent_v20.PeerR.SF7a.4'),(129,'In the past 7 days, other kids wanted to be my child\'s friend','likert5','1','PR_PeerRelationship_PR','parent_v20.PeerR.SF7a.5'),(130,'In the past 7 days, other kids wanted to be with my child ','likert5','1','PR_PeerRelationship_PR','parent_v20.PeerR.SF7a.6'),(131,'In the past 7 days, other kids wanted to talk to my child','likert5','1','PR_PeerRelationship_PR','parent_v20.PeerR.SF7a.7'),(132,'In the past 4 weeks, I have to use written lists more often than other people my age so I will not forget things','likert5','14','PR_Cognitive_Chld','ped_v10.Cog.SF7a.1'),(133,'In the past 4 weeks, t is hard for me to pay attention to one thing for more than 5-10 minutes ','likert5','14','PR_Cognitive_Chld','ped_v10.Cog.SF7a.2'),(134,'In the past 4 weeks, I have trouble keeping track of what I am doing if I get interrupted','likert5','14','PR_Cognitive_Chld','ped_v10.Cog.SF7a.3'),(135,'In the past 4 weeks, I have to read things several times to understand them ','likert5','14','PR_Cognitive_Chld','ped_v10.Cog.SF7a.4'),(136,'In the past 4 weeks, I forget things easily','likert5','14','PR_Cognitive_Chld','ped_v10.Cog.SF7a.5'),(137,'In the past 4 weeks, I have to work really hard to pay attention or I make mistakes','likert5','14','PR_Cognitive_Chld','ped_v10.Cog.SF7a.6'),(138,'In the past 4 weeks, I have trouble remembering to do things like school projects or chores','likert5','14','PR_Cognitive_Chld','ped_v10.Cog.SF7a.7'),(139,'In the past 7 days, I felt like something awful might happen','likert5','1','PR_Anxiety_Chld','ped_v20.Anx.SF8a.1'),(140,'In the past 7 days, I felt nervous','likert5','1','PR_Anxiety_Chld','ped_v20.Anx.SF8a.2'),(141,'In the past 7 days, I felt scared ','likert5','1','PR_Anxiety_Chld','ped_v20.Anx.SF8a.3'),(142,'In the past 7 days, I felt worried','likert5','1','PR_Anxiety_Chld','ped_v20.Anx.SF8a.4'),(143,'In the past 7 days, I worried when I was at home ','likert5','1','PR_Anxiety_Chld','ped_v20.Anx.SF8a.5'),(144,'In the past 7 days, I got scared really easy','likert5','1','PR_Anxiety_Chld','ped_v20.Anx.SF8a.6'),(145,'In the past 7 days, I worried about what could happen to me ','likert5','1','PR_Anxiety_Chld','ped_v20.Anx.SF8a.7'),(146,'In the past 7 days, I worried when I went to bed at night ','likert5','1','PR_Anxiety_Chld','ped_v20.Anx.SF8a.8'),(147,'In the past 7 days, I could not stop feeling sad ','likert5','1','PR_Depressive_Chld','ped_v20.Dep.SF8a.1'),(148,'In the past 7 days, I felt alone','likert5','1','PR_Depressive_Chld','ped_v20.Dep.SF8a.2'),(149,'In the past 7 days, I felt everything in my life went wrong','likert5','1','PR_Depressive_Chld','ped_v20.Dep.SF8a.3'),(150,'In the past 7 days, I felt like I couldn\'t do anything right','likert5','1','PR_Depressive_Chld','ped_v20.Dep.SF8a.4'),(151,'In the past 7 days, I felt lonely ','likert5','1','PR_Depressive_Chld','ped_v20.Dep.SF8a.5'),(152,'In the past 7 days, I felt sad','likert5','1','PR_Depressive_Chld','ped_v20.Dep.SF8a.6'),(153,'In the past 7 days, I felt unhappy ','likert5','1','PR_Depressive_Chld','ped_v20.Dep.SF8a.7'),(154,'In the past 7 days, It was hard for me to have fun','likert5','1','PR_Depressive_Chld','ped_v20.Dep.SF8a.8'),(155,'In the past 7 days, I felt accepted by other kids my age ','likert5','1','PR_PeerRelationship_Chld','ped_v20.PeerR.SF8a.1'),(156,'In the past 7 days, I was able to count on my friends','likert5','1','PR_PeerRelationship_Chld','ped_v20.PeerR.SF8a.2'),(157,'In the past 7 days, I was able to talk about everything with my friends','likert5','1','PR_PeerRelationship_Chld','ped_v20.PeerR.SF8a.3'),(158,'In the past 7 days, I was good at making friends','likert5','1','PR_PeerRelationship_Chld','ped_v20.PeerR.SF8a.4'),(159,'In the past 7 days, My friends and I helped each other out ','likert5','1','PR_PeerRelationship_Chld','ped_v20.PeerR.SF8a.5'),(160,'In the past 7 days, Other kids wanted to be my friend ','likert5','1','PR_PeerRelationship_Chld','ped_v20.PeerR.SF8a.6'),(161,'In the past 7 days, Other kids wanted to be with me ','likert5','1','PR_PeerRelationship_Chld','ped_v20.PeerR.SF8a.7'),(162,'In the past 7 days, Other kids wanted to talk to me','likert5','1','PR_PeerRelationship_Chld','ped_v20.PeerR.SF8a.8');
/*!40000 ALTER TABLE `questions` ENABLE KEYS */;
UNLOCK TABLES;

--
-- Table structure for table `spatial_span`
--

DROP TABLE IF EXISTS `spatial_span`;
/*!40101 SET @saved_cs_client     = @@character_set_client */;
/*!40101 SET character_set_client = utf8 */;
CREATE TABLE `spatial_span` (
  `id` int(11) NOT NULL AUTO_INCREMENT,
  `PatientPinFK` varchar(5) CHARACTER SET utf8 NOT NULL,
  `ActivityInstanceIdFK` int(11) NOT NULL,
  `TotalTimeTaken` int(11) NOT NULL,
  `ScreenHeight` int(11) NOT NULL,
  `ScreenWidth` int(11) NOT NULL,
  `CreatedAt` datetime NOT NULL,
  `UpdatedAt` datetime DEFAULT NULL,
  `DeletedAt` datetime DEFAULT NULL,
  `answers` text CHARACTER SET utf8,
  `survey` text,
  `parameters` text,
  PRIMARY KEY (`id`),
  KEY `PatientPinFK` (`PatientPinFK`),
  KEY `ActivityInstanceIdFK` (`ActivityInstanceIdFK`),
  CONSTRAINT `spatial_span_ibfk_1` FOREIGN KEY (`PatientPinFK`) REFERENCES `patients` (`PatientPin`),
  CONSTRAINT `spatial_span_ibfk_2` FOREIGN KEY (`ActivityInstanceIdFK`) REFERENCES `activity_instance` (`ActivityInstanceId`)
) ENGINE=InnoDB AUTO_INCREMENT=24 DEFAULT CHARSET=latin1;
/*!40101 SET character_set_client = @saved_cs_client */;

--
-- Dumping data for table `spatial_span`
--

LOCK TABLES `spatial_span` WRITE;
/*!40000 ALTER TABLE `spatial_span` DISABLE KEYS */;
INSERT INTO `spatial_span` VALUES (1,'1001',3,45755,720,1280,'2017-05-23 16:14:39',NULL,NULL,'[{\"result\":true,\"difficulty\":2,\"questionIndex\":1,\"timeTaken\":2432}, {\"result\":true,\"difficulty\":3,\"questionIndex\":2,\"timeTaken\":2219}, {\"result\":true,\"difficulty\":4,\"questionIndex\":3,\"timeTaken\":1578}]',NULL,NULL),(2,'1004',86,44586,720,1280,'2017-05-28 01:09:12',NULL,NULL,'[{\"result\":true,\"difficulty\":2,\"questionIndex\":1,\"timeTaken\":1645}, {\"result\":true,\"difficulty\":3,\"questionIndex\":2,\"timeTaken\":1678}, {\"result\":true,\"difficulty\":4,\"questionIndex\":3,\"timeTaken\":2266}]',NULL,NULL),(3,'1002',28,76029,1080,1776,'2017-05-29 10:56:21',NULL,NULL,'[{\"result\":true,\"difficulty\":2,\"questionIndex\":1,\"timeTaken\":3334}, {\"result\":true,\"difficulty\":3,\"questionIndex\":2,\"timeTaken\":2714}, {\"result\":true,\"difficulty\":4,\"questionIndex\":3,\"timeTaken\":3127}]',NULL,NULL),(4,'1003',48,83806,1080,1776,'2017-05-29 11:03:30',NULL,NULL,'[{\"result\":false,\"difficulty\":2,\"questionIndex\":5,\"timeTaken\":938}, {\"result\":true,\"difficulty\":2,\"questionIndex\":6,\"timeTaken\":815}, {\"result\":true,\"difficulty\":3,\"questionIndex\":7,\"timeTaken\":1317}, {\"result\":true,\"difficulty\":4,\"questionIndex\":8,\"timeTaken\":2771}]',NULL,NULL),(5,'1001',8,59134,720,1280,'2017-05-29 11:21:28',NULL,NULL,'[{\"result\":true,\"difficulty\":2,\"questionIndex\":1,\"timeTaken\":1320}, {\"result\":true,\"difficulty\":3,\"questionIndex\":2,\"timeTaken\":1752}, {\"result\":false,\"difficulty\":4,\"questionIndex\":3,\"timeTaken\":1358}, {\"result\":false,\"difficulty\":3,\"questionIndex\":4,\"timeTaken\":2811}, {\"result\":true,\"difficulty\":2,\"questionIndex\":5,\"timeTaken\":3045}]',NULL,NULL),(6,'1010',215,88437,1080,1776,'2017-05-31 20:38:33',NULL,NULL,'[{\"result\":true,\"difficulty\":2,\"questionIndex\":1,\"timeTaken\":2249}, {\"result\":false,\"difficulty\":3,\"questionIndex\":2,\"timeTaken\":143}, {\"result\":false,\"difficulty\":2,\"questionIndex\":3,\"timeTaken\":2025}, {\"result\":true,\"difficulty\":2,\"questionIndex\":4,\"timeTaken\":3786}, {\"result\":true,\"difficulty\":3,\"questionIndex\":5,\"timeTaken\":1640}]',NULL,NULL),(7,'1004',91,65852,720,1280,'2017-06-01 10:34:10',NULL,NULL,'[{\"result\":true,\"difficulty\":2,\"questionIndex\":1,\"timeTaken\":5648}, {\"result\":true,\"difficulty\":3,\"questionIndex\":2,\"timeTaken\":2416}, {\"result\":false,\"difficulty\":4,\"questionIndex\":3,\"timeTaken\":2463}, {\"result\":false,\"difficulty\":3,\"questionIndex\":4,\"timeTaken\":3386}, {\"result\":true,\"difficulty\":2,\"questionIndex\":5,\"timeTaken\":3275}]',NULL,NULL),(8,'1013',280,103667,1440,2392,'2017-06-09 12:36:52',NULL,NULL,'[{\"result\":false,\"difficulty\":2,\"questionIndex\":8,\"timeTaken\":3728}, {\"result\":true,\"difficulty\":2,\"questionIndex\":9,\"timeTaken\":1270}, {\"result\":false,\"difficulty\":3,\"questionIndex\":10,\"timeTaken\":2074}, {\"result\":true,\"difficulty\":2,\"questionIndex\":11,\"timeTaken\":1367}, {\"result\":true,\"difficulty\":3,\"questionIndex\":12,\"timeTaken\":1659}, {\"result\":false,\"difficulty\":4,\"questionIndex\":13,\"timeTaken\":927}]',NULL,NULL),(9,'1009',307,110988,720,1280,'2017-09-07 13:50:39',NULL,NULL,'[{\"result\":true,\"difficulty\":2,\"questionIndex\":1,\"timeTaken\":2202}, {\"result\":true,\"difficulty\":3,\"questionIndex\":2,\"timeTaken\":1658}, {\"result\":true,\"difficulty\":4,\"questionIndex\":3,\"timeTaken\":1477}, {\"result\":false,\"difficulty\":5,\"questionIndex\":4,\"timeTaken\":2093}, {\"result\":false,\"difficulty\":4,\"questionIndex\":5,\"timeTaken\":1891}]',NULL,NULL),(10,'2999',472,98350,720,1280,'2018-03-06 22:49:39',NULL,NULL,'[{\"result\":false,\"difficulty\":2,\"questionIndex\":1,\"timeTaken\":2642}, {\"result\":true,\"difficulty\":2,\"questionIndex\":2,\"timeTaken\":2031}, {\"result\":true,\"difficulty\":3,\"questionIndex\":3,\"timeTaken\":2221}, {\"result\":false,\"difficulty\":4,\"questionIndex\":4,\"timeTaken\":1374}, {\"result\":true,\"difficulty\":3,\"questionIndex\":5,\"timeTaken\":3228}]',NULL,NULL),(11,'1009',492,95798,720,1280,'2018-06-29 15:33:12',NULL,NULL,'[{\"result\":true,\"difficulty\":2,\"questionIndex\":1,\"timeTaken\":1913}, {\"result\":true,\"difficulty\":3,\"questionIndex\":2,\"timeTaken\":1475}, {\"result\":true,\"difficulty\":4,\"questionIndex\":3,\"timeTaken\":1914}, {\"result\":false,\"difficulty\":5,\"questionIndex\":4,\"timeTaken\":3221}]',NULL,NULL),(12,'1009',478,86804,720,1280,'2018-06-29 15:36:08',NULL,NULL,'[{\"result\":false,\"difficulty\":2,\"questionIndex\":6,\"timeTaken\":1361}, {\"result\":true,\"difficulty\":2,\"questionIndex\":7,\"timeTaken\":1219}, {\"result\":false,\"difficulty\":3,\"questionIndex\":8,\"timeTaken\":477}, {\"result\":true,\"difficulty\":2,\"questionIndex\":9,\"timeTaken\":1664}, {\"result\":true,\"difficulty\":3,\"questionIndex\":10,\"timeTaken\":2119}]',NULL,NULL),(13,'1009',553,79059,720,1280,'2018-07-05 12:25:38',NULL,NULL,'[{\"result\":true,\"difficulty\":2,\"questionIndex\":13,\"timeTaken\":3153}, {\"result\":true,\"difficulty\":3,\"questionIndex\":14,\"timeTaken\":3397}, {\"result\":true,\"difficulty\":4,\"questionIndex\":15,\"timeTaken\":4582}]',NULL,NULL),(14,'1009',570,84661,1080,1776,'2018-09-13 18:16:07',NULL,NULL,'[{\"result\":true,\"difficulty\":2,\"questionIndex\":1,\"timeTaken\":1195}, {\"result\":true,\"difficulty\":3,\"questionIndex\":2,\"timeTaken\":2105}, {\"result\":false,\"difficulty\":4,\"questionIndex\":3,\"timeTaken\":1682}, {\"result\":true,\"difficulty\":3,\"questionIndex\":4,\"timeTaken\":3271}]',NULL,NULL),(15,'1009',575,90961,720,1280,'2018-09-14 09:17:12',NULL,NULL,'[{\"result\":false,\"difficulty\":2,\"questionIndex\":1,\"timeTaken\":4760}, {\"result\":true,\"difficulty\":2,\"questionIndex\":2,\"timeTaken\":3584}, {\"result\":true,\"difficulty\":3,\"questionIndex\":3,\"timeTaken\":2513}, {\"result\":true,\"difficulty\":4,\"questionIndex\":4,\"timeTaken\":2470}]',NULL,NULL),(16,'1009',589,80941,720,1280,'2018-11-08 00:31:25',NULL,NULL,'[{\"result\":true,\"difficulty\":2,\"questionIndex\":15,\"timeTaken\":2332}, {\"result\":true,\"difficulty\":3,\"questionIndex\":16,\"timeTaken\":3505}, {\"result\":true,\"difficulty\":4,\"questionIndex\":17,\"timeTaken\":3325}]',NULL,NULL),(17,'1013',628,11000,1080,1920,'2019-03-09 22:35:09',NULL,NULL,'[{\"result\":true,\"timeTaken\":6932,\"questionIndex\":1,\"pattern\":\"11\"}, {\"result\":false,\"timeTaken\":2629,\"questionIndex\":2,\"pattern\":\"01\"}, {\"result\":true,\"timeTaken\":1626,\"questionIndex\":3,\"pattern\":\"11\"}, {\"result\":false,\"timeTaken\":2350,\"questionIndex\":4,\"pattern\":\"01\"}, {\"result\":true,\"timeTaken\":12974,\"questionIndex\":5,\"pattern\":\"00\"}]',NULL,NULL),(18,'1013',633,11000,1080,1920,'2019-03-09 22:35:09',NULL,NULL,'[{\"result\":true,\"timeTaken\":6932,\"questionIndex\":1,\"pattern\":\"11\"}, {\"result\":false,\"timeTaken\":2629,\"questionIndex\":2,\"pattern\":\"01\"}, {\"result\":true,\"timeTaken\":1626,\"questionIndex\":3,\"pattern\":\"11\"}, {\"result\":false,\"timeTaken\":2350,\"questionIndex\":4,\"pattern\":\"01\"}, {\"result\":true,\"timeTaken\":12974,\"questionIndex\":5,\"pattern\":\"00\"}]',NULL,NULL),(19,'1013',637,11000,1080,1920,'2019-03-09 22:35:09',NULL,NULL,'[{\"result\":true,\"timeTaken\":6932,\"questionIndex\":1,\"pattern\":\"11\"}, {\"result\":false,\"timeTaken\":2629,\"questionIndex\":2,\"pattern\":\"01\"}, {\"result\":true,\"timeTaken\":1626,\"questionIndex\":3,\"pattern\":\"11\"}, {\"result\":false,\"timeTaken\":2350,\"questionIndex\":4,\"pattern\":\"01\"}, {\"result\":true,\"timeTaken\":12974,\"questionIndex\":5,\"pattern\":\"00\"}]',NULL,NULL),(20,'1009',684,214344,1080,1776,'2019-07-17 12:04:40',NULL,NULL,'[{\"result\":true,\"difficulty\":2,\"questionIndex\":1,\"timeTaken\":3444}, {\"result\":true,\"difficulty\":2,\"questionIndex\":2,\"timeTaken\":4662}, {\"result\":true,\"difficulty\":3,\"questionIndex\":4,\"timeTaken\":5219}, {\"result\":true,\"difficulty\":4,\"questionIndex\":5,\"timeTaken\":2069}, {\"result\":true,\"difficulty\":5,\"questionIndex\":7,\"timeTaken\":3254}, {\"result\":false,\"difficulty\":6,\"questionIndex\":10,\"timeTaken\":1575}]','{\"HadSeizure\":false,\"task\":\"Pre-task Survey\",\"Medication Report\":[],\"NewMedication\":false,\"MissedMedications\":false,\"Recent Seizure info\":[]}','{\"lightUpTime\":\"2\",\"maxDifficulty\":\"10\",\"maxCorrectSoFar\":\"1\",\"maxTrialCount\":\"2\"}'),(21,'1009',700,21388,1080,1776,'2019-07-17 22:46:40',NULL,NULL,'[{\"result\":false,\"difficulty\":2,\"questionIndex\":2,\"timeTaken\":975}]','{\"HadSeizure\":false,\"task\":\"Pre-task Survey\",\"Medication Report\":[],\"NewMedication\":false,\"MissedMedications\":false,\"Recent Seizure info\":[]}','{\"lightUpTime\":\"2\",\"maxDifficulty\":\"10\",\"maxCorrectSoFar\":\"1\",\"maxTrialCount\":\"2\"}'),(22,'1009',701,23283,1080,1776,'2019-07-17 22:55:21',NULL,NULL,'[{\"result\":true,\"difficulty\":2,\"questionIndex\":3,\"timeTaken\":1771}, {\"result\":true,\"difficulty\":2,\"questionIndex\":4,\"timeTaken\":1853}]','{\"HadSeizure\":false,\"task\":\"Pre-task Survey\",\"Medication Report\":[],\"NewMedication\":false,\"MissedMedications\":false,\"Recent Seizure info\":[]}','{\"lightUpTime\":\"1\",\"maxDifficulty\":\"3\",\"maxCorrectSoFar\":\"1\",\"maxTrialCount\":\"2\"}'),(23,'1009',707,19260,1080,1776,'2019-07-17 23:32:27',NULL,NULL,'[{\"result\":false,\"difficulty\":2,\"questionIndex\":7,\"timeTaken\":872}]','{\"HadSeizure\":false,\"task\":\"Pre-task Survey\",\"Medication Report\":[],\"NewMedication\":false,\"MissedMedications\":false,\"Recent Seizure info\":[]}','{\"lightUpTime\":\"2\",\"maxDifficulty\":\"10\",\"maxCorrectSoFar\":\"1\",\"maxTrialCount\":\"2\"}');
/*!40000 ALTER TABLE `spatial_span` ENABLE KEYS */;
UNLOCK TABLES;

--
-- Table structure for table `stage`
--

DROP TABLE IF EXISTS `stage`;
/*!40101 SET @saved_cs_client     = @@character_set_client */;
/*!40101 SET character_set_client = utf8 */;
CREATE TABLE `stage` (
  `StageId` char(36) NOT NULL,
  `Name` varchar(255) NOT NULL,
  `CreatedAt` datetime NOT NULL,
  `UpdatedAt` datetime NOT NULL,
  `DeletedAt` datetime DEFAULT NULL,
  `TrialId` char(36) NOT NULL,
  PRIMARY KEY (`StageId`,`TrialId`),
  KEY `stage_ibfk_1` (`TrialId`),
  CONSTRAINT `stage_ibfk_1` FOREIGN KEY (`TrialId`) REFERENCES `trial` (`TrialId`) ON DELETE CASCADE ON UPDATE CASCADE
) ENGINE=InnoDB DEFAULT CHARSET=utf8;
/*!40101 SET character_set_client = @saved_cs_client */;

--
-- Dumping data for table `stage`
--

LOCK TABLES `stage` WRITE;
/*!40000 ALTER TABLE `stage` DISABLE KEYS */;
INSERT INTO `stage` VALUES ('1','Epilepsy Weekly','2017-05-21 21:15:56','2017-05-21 21:15:56',NULL,'2');
/*!40000 ALTER TABLE `stage` ENABLE KEYS */;
UNLOCK TABLES;

--
-- Table structure for table `survey_block`
--

DROP TABLE IF EXISTS `survey_block`;
/*!40101 SET @saved_cs_client     = @@character_set_client */;
/*!40101 SET character_set_client = utf8 */;
CREATE TABLE `survey_block` (
  `SurveyBlockId` char(36) NOT NULL,
  `SurveyBlockName` varchar(256) NOT NULL,
  `ActivityIdFk` varchar(256) DEFAULT NULL,
  `type` varchar(256) NOT NULL,
  PRIMARY KEY (`SurveyBlockId`),
  KEY `ActivityIdFk` (`ActivityIdFk`(255))
) ENGINE=InnoDB DEFAULT CHARSET=utf8;
/*!40101 SET character_set_client = @saved_cs_client */;

--
-- Dumping data for table `survey_block`
--

LOCK TABLES `survey_block` WRITE;
/*!40000 ALTER TABLE `survey_block` DISABLE KEYS */;
INSERT INTO `survey_block` VALUES ('CAT_Adlt','Computer Adaptive Testing','CAT','Adult'),('CAT_Chld','Computer Adaptive Testing','CAT','Child'),('CAT_PR','Computer Adaptive Testing','CAT','parent_proxy'),('PR_Anxiety_Adlt','Anxiety','PR_Anxiety','Adult'),('PR_Anxiety_Chld','Anxiety','PR_Anxiety','Child'),('PR_Anxiety_PR','Anxiety','PR_Anxiety','parent_proxy'),('PR_Cognitive_Chld','Congnitive Function','PR_COGNITIVE','Child'),('PR_Cognitive_PR','Congnitive Function','PR_COGNITIVE','parent_proxy'),('PR_Depressive_Chld','Depressive Function','PR_DEPRESSIVE','Child'),('PR_Depressive_PR','Depressive Function','PR_DEPRESSIVE','parent_proxy'),('PR_Fatigue_Adlt','Fatigue','PR_Fatigue','Adult'),('PR_Fatigue_Chld','Fatigue','PR_Fatigue','Child'),('PR_Fatigue_PR','Fatigue','PR_Fatigue','parent_proxy'),('PR_MA_Adlt','Medical Adherence','MA','Adult'),('PR_MA_Chld','Medical Adherance','MA','Child'),('PR_MA_PR','Medical Adherance','MA','parent_proxy'),('PR_PainInt_Adlt','Pain Interference','PR_PainInt','Adult'),('PR_PainInt_Chld','Pain Interference','PR_PainInt','Child'),('PR_PainInt_PR','Pain Interference','PR_PainInt','parent_proxy'),('PR_PeerRelationship_Chld','Peer Relationship Function','PR_PEER_RELATIONSHIP','Child'),('PR_PeerRelationship_PR','Peer Relationship Function','PR_PEER_RELATIONSHIP','parent_proxy'),('PR_PhyFuncMob_Adlt','Physical Function','PR_PhysFuncMob','Adult'),('PR_PhyFuncMob_Chld','Physical Function','PR_PhysFuncMob','Child'),('PR_PhyFuncMob_PR','Physical Function','PR_PhysFuncMob','parent_proxy');
/*!40000 ALTER TABLE `survey_block` ENABLE KEYS */;
UNLOCK TABLES;

--
-- Table structure for table `trial`
--

DROP TABLE IF EXISTS `trial`;
/*!40101 SET @saved_cs_client     = @@character_set_client */;
/*!40101 SET character_set_client = utf8 */;
CREATE TABLE `trial` (
  `TrialId` char(36) NOT NULL,
  `Name` varchar(255) NOT NULL,
  `Description` varchar(255) DEFAULT NULL,
  `IRBID` varchar(255) NOT NULL,
  `IRBStart` datetime NOT NULL,
  `IRBEnd` datetime NOT NULL,
  `TargetCount` int(11) NOT NULL,
  `PatientPinCounter` int(11) NOT NULL DEFAULT '0',
  `CreatedAt` datetime NOT NULL,
  `UpdatedAt` datetime DEFAULT NULL,
  `DeletedAt` datetime DEFAULT NULL,
  `Duration` int(11) DEFAULT NULL,
  PRIMARY KEY (`TrialId`)
) ENGINE=InnoDB DEFAULT CHARSET=utf8;
/*!40101 SET character_set_client = @saved_cs_client */;

--
-- Dumping data for table `trial`
--

LOCK TABLES `trial` WRITE;
/*!40000 ALTER TABLE `trial` DISABLE KEYS */;
INSERT INTO `trial` VALUES ('2','Epilepsy','Weekly Trial for Epilepsy','ep101','2017-06-01 00:00:00','2017-07-01 00:00:00',100,16,'2016-05-18 21:15:56','2016-05-31 21:12:26',NULL,1);
/*!40000 ALTER TABLE `trial` ENABLE KEYS */;
UNLOCK TABLES;

--
-- Table structure for table `ui_logger`
--

DROP TABLE IF EXISTS `ui_logger`;
/*!40101 SET @saved_cs_client     = @@character_set_client */;
/*!40101 SET character_set_client = utf8 */;
CREATE TABLE `ui_logger` (
  `Id` int(11) NOT NULL AUTO_INCREMENT,
  `CreatedAt` datetime DEFAULT NULL,
  `PatientPinFK` varchar(5) NOT NULL,
  `EventName` varchar(255) NOT NULL,
  `MetaData` varchar(255) DEFAULT NULL,
  `EventTime` datetime DEFAULT NULL,
  PRIMARY KEY (`Id`),
  KEY `PatientPinFK` (`PatientPinFK`),
  CONSTRAINT `ui_logger_fk_1` FOREIGN KEY (`PatientPinFK`) REFERENCES `patients` (`PatientPin`) ON UPDATE CASCADE
) ENGINE=InnoDB AUTO_INCREMENT=1221 DEFAULT CHARSET=utf8;
/*!40101 SET character_set_client = @saved_cs_client */;

--
-- Dumping data for table `ui_logger`
--

LOCK TABLES `ui_logger` WRITE;
/*!40000 ALTER TABLE `ui_logger` DISABLE KEYS */;
INSERT INTO `ui_logger` VALUES (1,'2017-05-31 20:30:17','1005','scheduledactivity_call','{}','2017-05-31 19:33:12'),(2,'2017-05-31 20:30:17','1004','scheduledactivity_call','{}','2017-05-31 19:34:39'),(3,'2017-05-31 20:30:17','1004','scheduledactivity_call_success','{\"activityCount\":5}','2017-05-31 19:34:41'),(4,'2017-05-31 20:30:17','1004','activityinstance_call','{\"activityInstanceId\":\"89\"}','2017-05-31 19:34:58'),(5,'2017-05-31 20:30:17','1004','activityinstance_call_success','{\"activityInstanceTitle\":\"Pattern-Comparison\",\"activityInstanceId\":\"89\"}','2017-05-31 19:35:00'),(6,'2017-05-31 20:30:17','1003','scheduledactivity_call','{}','2017-05-31 19:35:18'),(7,'2017-05-31 20:30:17','1003','scheduledactivity_call_success','{\"activityCount\":1}','2017-05-31 19:35:20'),(8,'2017-05-31 20:30:17','1003','scheduledactivity_call','{}','2017-05-31 19:35:31'),(9,'2017-05-31 20:30:17','1003','scheduledactivity_call_success','{\"activityCount\":1}','2017-05-31 19:35:33'),(10,'2017-05-31 20:30:17','1003','scheduledactivity_call','{}','2017-05-31 19:36:39'),(11,'2017-05-31 20:30:17','1003','scheduledactivity_call_success','{\"activityCount\":1}','2017-05-31 19:36:42'),(12,'2017-05-31 20:30:17','1009','scheduledactivity_call','{}','2017-05-31 19:48:44'),(13,'2017-05-31 20:30:17','1004','scheduledactivity_call','{}','2017-05-31 19:49:32'),(14,'2017-05-31 20:30:17','1001','scheduledactivity_call','{}','2017-05-31 20:09:00'),(15,'2017-05-31 20:30:17','1001','scheduledactivity_call_success','{\"activityCount\":0,\"message\":\"You don\'t have any activities due at this time. Please check again later.\"}','2017-05-31 20:09:00'),(16,'2017-05-31 20:30:17','1002','scheduledactivity_call','{}','2017-05-31 20:09:07'),(17,'2017-05-31 20:30:17','1002','scheduledactivity_call_success','{\"activityCount\":1}','2017-05-31 20:09:07'),(18,'2017-05-31 20:30:17','1003','scheduledactivity_call','{}','2017-05-31 20:09:14'),(19,'2017-05-31 20:30:17','1003','scheduledactivity_call_success','{\"activityCount\":1}','2017-05-31 20:09:15'),(20,'2017-05-31 20:30:17','1004','scheduledactivity_call','{}','2017-05-31 20:09:53'),(21,'2017-05-31 20:30:17','1004','scheduledactivity_call_success','{\"activityCount\":5}','2017-05-31 20:09:54'),(22,'2017-05-31 20:30:17','1009','scheduledactivity_call','{}','2017-05-31 20:19:43'),(23,'2017-05-31 20:30:17','1009','scheduledactivity_call_success','{\"activityCount\":7}','2017-05-31 20:19:44'),(24,'2017-05-31 20:30:17','1009','activityinstance_call','{\"activityInstanceId\":\"190\"}','2017-05-31 20:19:53'),(25,'2017-05-31 20:30:17','1009','activityinstance_call_success','{\"activityInstanceTitle\":\"Finger-Tapping\",\"activityInstanceId\":\"190\"}','2017-05-31 20:19:55'),(26,'2017-05-31 20:30:17','1009','scheduledactivity_call','{}','2017-05-31 20:25:05'),(27,'2017-05-31 20:30:17','1009','scheduledactivity_call_success','{\"activityCount\":3}','2017-05-31 20:25:06'),(28,'2017-05-31 20:30:17','1009','activityinstance_call','{\"activityInstanceId\":\"210\"}','2017-05-31 20:25:18'),(29,'2017-05-31 20:30:17','1009','activityinstance_call_success','{\"activityInstanceTitle\":\"Epilepsy Weekly Survey\",\"activityInstanceId\":\"210\"}','2017-05-31 20:25:23'),(30,'2017-05-31 20:30:17','1009','answer_option_selected','{\"qid\":\"130\",\"aid\":3,\"sid\":\"210\"}','2017-05-31 20:26:08'),(31,'2017-05-31 20:30:17','1009','next_btn_click','{\"qid\":\"130\",\"sid\":\"210\"}','2017-05-31 20:26:09'),(32,'2017-05-31 20:30:17','1009','answer_option_selected','{\"qid\":\"131\",\"aid\":1,\"sid\":\"210\"}','2017-05-31 20:26:43'),(33,'2017-05-31 20:30:17','1009','next_btn_click','{\"qid\":\"131\",\"sid\":\"210\"}','2017-05-31 20:26:44'),(34,'2017-05-31 20:30:17','1009','answer_option_selected','{\"qid\":\"126\",\"aid\":3,\"sid\":\"210\"}','2017-05-31 20:26:45'),(35,'2017-05-31 20:30:17','1009','next_btn_click','{\"qid\":\"126\",\"sid\":\"210\"}','2017-05-31 20:26:50'),(36,'2017-05-31 20:30:17','1009','previous_btn_click','{\"qid\":\"126\",\"sid\":\"210\"}','2017-05-31 20:27:02'),(37,'2017-05-31 20:30:17','1009','previous_btn_click','{\"qid\":\"131\",\"sid\":\"210\"}','2017-05-31 20:27:03'),(38,'2017-05-31 20:30:17','1009','previous_btn_click','{\"qid\":\"130\",\"sid\":\"210\"}','2017-05-31 20:27:04'),(39,'2017-05-31 20:30:17','1009','next_btn_click','{\"qid\":\"130\",\"sid\":\"210\"}','2017-05-31 20:27:06'),(40,'2017-05-31 20:30:17','1009','next_btn_click','{\"qid\":\"131\",\"sid\":\"210\"}','2017-05-31 20:27:06'),(41,'2017-05-31 20:30:17','1009','next_btn_click','{\"qid\":\"126\",\"sid\":\"210\"}','2017-05-31 20:27:07'),(42,'2017-05-31 20:30:17','1009','answer_option_selected','{\"qid\":\"129\",\"aid\":5,\"sid\":\"210\"}','2017-05-31 20:27:08'),(43,'2017-05-31 20:30:17','1009','next_btn_click','{\"qid\":\"129\",\"sid\":\"210\"}','2017-05-31 20:27:09'),(44,'2017-05-31 20:30:17','1009','answer_option_selected','{\"qid\":\"127\",\"aid\":5,\"sid\":\"210\"}','2017-05-31 20:27:12'),(45,'2017-05-31 20:30:17','1009','next_btn_click','{\"qid\":\"127\",\"sid\":\"210\"}','2017-05-31 20:27:14'),(46,'2017-05-31 20:30:17','1009','answer_option_selected','{\"qid\":\"128\",\"aid\":3,\"sid\":\"210\"}','2017-05-31 20:27:16'),(47,'2017-05-31 20:30:17','1009','next_btn_click','{\"qid\":\"128\",\"sid\":\"210\"}','2017-05-31 20:27:19'),(48,'2017-05-31 20:30:17','1009','answer_option_selected','{\"qid\":\"125\",\"aid\":2,\"sid\":\"210\"}','2017-05-31 20:27:22'),(49,'2017-05-31 20:30:17','1009','next_btn_click','{\"qid\":\"125\",\"sid\":\"210\"}','2017-05-31 20:27:23'),(50,'2017-05-31 20:30:17','1009','answer_option_selected','{\"qid\":\"121\",\"aid\":4,\"sid\":\"210\"}','2017-05-31 20:27:37'),(51,'2017-05-31 20:30:17','1009','next_btn_click','{\"qid\":\"121\",\"sid\":\"210\"}','2017-05-31 20:27:38'),(52,'2017-05-31 20:30:17','1009','answer_option_selected','{\"qid\":\"123\",\"aid\":4,\"sid\":\"210\"}','2017-05-31 20:27:39'),(53,'2017-05-31 20:30:17','1009','next_btn_click','{\"qid\":\"123\",\"sid\":\"210\"}','2017-05-31 20:27:40'),(54,'2017-05-31 20:30:17','1009','answer_option_selected','{\"qid\":\"122\",\"aid\":4,\"sid\":\"210\"}','2017-05-31 20:27:40'),(55,'2017-05-31 20:30:17','1009','next_btn_click','{\"qid\":\"122\",\"sid\":\"210\"}','2017-05-31 20:27:41'),(56,'2017-05-31 20:30:17','1009','answer_option_selected','{\"qid\":\"124\",\"aid\":4,\"sid\":\"210\"}','2017-05-31 20:27:42'),(57,'2017-05-31 20:30:17','1009','next_btn_click','{\"qid\":\"124\",\"sid\":\"210\"}','2017-05-31 20:27:43'),(58,'2017-05-31 20:30:17','1009','answer_option_selected','{\"qid\":\"120\",\"aid\":3,\"sid\":\"210\"}','2017-05-31 20:27:47'),(59,'2017-05-31 20:30:17','1009','next_btn_click','{\"qid\":\"120\",\"sid\":\"210\"}','2017-05-31 20:27:48'),(60,'2017-05-31 20:30:17','1009','answer_option_selected','{\"qid\":\"119\",\"aid\":3,\"sid\":\"210\"}','2017-05-31 20:27:50'),(61,'2017-05-31 20:30:17','1009','next_btn_click','{\"qid\":\"119\",\"sid\":\"210\"}','2017-05-31 20:27:54'),(62,'2017-05-31 20:30:17','1009','answer_option_selected','{\"qid\":\"116\",\"aid\":4,\"sid\":\"210\"}','2017-05-31 20:28:38'),(63,'2017-05-31 20:30:17','1009','next_btn_click','{\"qid\":\"116\",\"sid\":\"210\"}','2017-05-31 20:28:39'),(64,'2017-05-31 20:30:17','1009','answer_option_selected','{\"qid\":\"111\",\"aid\":4,\"sid\":\"210\"}','2017-05-31 20:28:42'),(65,'2017-05-31 20:30:17','1009','next_btn_click','{\"qid\":\"111\",\"sid\":\"210\"}','2017-05-31 20:28:42'),(66,'2017-05-31 20:30:17','1009','answer_option_selected','{\"qid\":\"112\",\"aid\":5,\"sid\":\"210\"}','2017-05-31 20:28:45'),(67,'2017-05-31 20:30:17','1009','next_btn_click','{\"qid\":\"112\",\"sid\":\"210\"}','2017-05-31 20:28:46'),(68,'2017-05-31 20:30:17','1009','answer_option_selected','{\"qid\":\"118\",\"aid\":3,\"sid\":\"210\"}','2017-05-31 20:28:58'),(69,'2017-05-31 20:30:17','1009','previous_btn_click','{\"qid\":\"112\",\"sid\":\"210\"}','2017-05-31 20:28:59'),(70,'2017-05-31 20:30:17','1009','next_btn_click','{\"qid\":\"112\",\"sid\":\"210\"}','2017-05-31 20:29:00'),(71,'2017-05-31 20:30:17','1009','next_btn_click','{\"qid\":\"118\",\"sid\":\"210\"}','2017-05-31 20:29:01'),(72,'2017-05-31 20:30:17','1009','answer_option_selected','{\"qid\":\"114\",\"aid\":3,\"sid\":\"210\"}','2017-05-31 20:29:07'),(73,'2017-05-31 20:30:17','1009','next_btn_click','{\"qid\":\"114\",\"sid\":\"210\"}','2017-05-31 20:29:08'),(74,'2017-05-31 20:30:17','1009','answer_option_selected','{\"qid\":\"115\",\"aid\":4,\"sid\":\"210\"}','2017-05-31 20:29:09'),(75,'2017-05-31 20:30:17','1009','next_btn_click','{\"qid\":\"115\",\"sid\":\"210\"}','2017-05-31 20:29:09'),(76,'2017-05-31 20:30:17','1009','answer_option_selected','{\"qid\":\"113\",\"aid\":2,\"sid\":\"210\"}','2017-05-31 20:29:11'),(77,'2017-05-31 20:30:17','1009','next_btn_click','{\"qid\":\"113\",\"sid\":\"210\"}','2017-05-31 20:29:12'),(78,'2017-05-31 20:30:17','1009','answer_option_selected','{\"qid\":\"117\",\"aid\":5,\"sid\":\"210\"}','2017-05-31 20:29:16'),(79,'2017-05-31 20:30:17','1009','next_btn_click','{\"qid\":\"117\",\"sid\":\"210\"}','2017-05-31 20:29:23'),(80,'2017-05-31 20:30:17','1009','answer_option_selected','{\"qid\":\"106\",\"aid\":105,\"sid\":\"210\"}','2017-05-31 20:29:53'),(81,'2017-05-31 20:30:17','1009','next_btn_click','{\"qid\":\"106\",\"sid\":\"210\"}','2017-05-31 20:29:54'),(82,'2017-05-31 20:30:17','1009','answer_option_selected','{\"qid\":\"108\",\"aid\":106,\"sid\":\"210\"}','2017-05-31 20:29:55'),(83,'2017-05-31 20:30:17','1009','next_btn_click','{\"qid\":\"108\",\"sid\":\"210\"}','2017-05-31 20:29:55'),(84,'2017-05-31 20:30:17','1009','answer_option_selected','{\"qid\":\"104\",\"aid\":106,\"sid\":\"210\"}','2017-05-31 20:29:56'),(85,'2017-05-31 20:30:17','1009','next_btn_click','{\"qid\":\"104\",\"sid\":\"210\"}','2017-05-31 20:29:57'),(86,'2017-05-31 20:30:17','1009','answer_option_selected','{\"qid\":\"107\",\"aid\":107,\"sid\":\"210\"}','2017-05-31 20:30:07'),(87,'2017-05-31 20:30:17','1009','next_btn_click','{\"qid\":\"107\",\"sid\":\"210\"}','2017-05-31 20:30:19'),(88,'2017-05-31 20:30:17','1009','answer_option_selected','{\"qid\":\"105\",\"aid\":108,\"sid\":\"210\"}','2017-05-31 20:30:22'),(89,'2017-05-31 20:30:17','1009','next_btn_click','{\"qid\":\"105\",\"sid\":\"210\"}','2017-05-31 20:30:23'),(90,'2017-05-31 20:30:17','1009','answer_option_selected','{\"qid\":\"109\",\"aid\":104,\"sid\":\"210\"}','2017-05-31 20:30:25'),(91,'2017-05-31 20:30:17','1009','next_btn_click','{\"qid\":\"109\",\"sid\":\"210\"}','2017-05-31 20:30:27'),(92,'2017-05-31 20:30:17','1009','answer_option_selected','{\"qid\":\"110\",\"aid\":108,\"sid\":\"210\"}','2017-05-31 20:30:28'),(93,'2017-05-31 20:30:17','1009','next_btn_click','{\"qid\":\"110\",\"sid\":\"210\"}','2017-05-31 20:30:29'),(94,'2017-05-31 20:30:17','1009','activityinstanceresult_call','{\"sid\":\"210\"}','2017-05-31 20:30:40'),(95,'2017-05-31 20:30:17','1009','activityinstanceresult_call_success','{\"message\":\"SUCCESS\",\"sid\":\"210\"}','2017-05-31 20:30:41'),(96,'2017-05-31 20:31:33','1005','scheduledactivity_call','{}','2017-05-31 19:33:12'),(97,'2017-05-31 20:31:33','1004','scheduledactivity_call','{}','2017-05-31 19:34:39'),(98,'2017-05-31 20:31:33','1004','scheduledactivity_call_success','{\"activityCount\":5}','2017-05-31 19:34:41'),(99,'2017-05-31 20:31:33','1004','activityinstance_call','{\"activityInstanceId\":\"89\"}','2017-05-31 19:34:58'),(100,'2017-05-31 20:31:33','1004','activityinstance_call_success','{\"activityInstanceTitle\":\"Pattern-Comparison\",\"activityInstanceId\":\"89\"}','2017-05-31 19:35:00'),(101,'2017-05-31 20:31:33','1003','scheduledactivity_call','{}','2017-05-31 19:35:18'),(102,'2017-05-31 20:31:33','1003','scheduledactivity_call_success','{\"activityCount\":1}','2017-05-31 19:35:20'),(103,'2017-05-31 20:31:33','1003','scheduledactivity_call','{}','2017-05-31 19:35:31'),(104,'2017-05-31 20:31:33','1003','scheduledactivity_call_success','{\"activityCount\":1}','2017-05-31 19:35:33'),(105,'2017-05-31 20:31:33','1003','scheduledactivity_call','{}','2017-05-31 19:36:39'),(106,'2017-05-31 20:31:33','1003','scheduledactivity_call_success','{\"activityCount\":1}','2017-05-31 19:36:42'),(107,'2017-05-31 20:31:33','1009','scheduledactivity_call','{}','2017-05-31 19:48:44'),(108,'2017-05-31 20:31:33','1004','scheduledactivity_call','{}','2017-05-31 19:49:32'),(109,'2017-05-31 20:31:33','1001','scheduledactivity_call','{}','2017-05-31 20:09:00'),(110,'2017-05-31 20:31:33','1001','scheduledactivity_call_success','{\"activityCount\":0,\"message\":\"You don\'t have any activities due at this time. Please check again later.\"}','2017-05-31 20:09:00'),(111,'2017-05-31 20:31:33','1002','scheduledactivity_call','{}','2017-05-31 20:09:07'),(112,'2017-05-31 20:31:33','1002','scheduledactivity_call_success','{\"activityCount\":1}','2017-05-31 20:09:07'),(113,'2017-05-31 20:31:33','1003','scheduledactivity_call','{}','2017-05-31 20:09:14'),(114,'2017-05-31 20:31:33','1003','scheduledactivity_call_success','{\"activityCount\":1}','2017-05-31 20:09:15'),(115,'2017-05-31 20:31:33','1004','scheduledactivity_call','{}','2017-05-31 20:09:53'),(116,'2017-05-31 20:31:33','1004','scheduledactivity_call_success','{\"activityCount\":5}','2017-05-31 20:09:54'),(117,'2017-05-31 20:31:33','1009','scheduledactivity_call','{}','2017-05-31 20:19:43'),(118,'2017-05-31 20:31:33','1009','scheduledactivity_call_success','{\"activityCount\":7}','2017-05-31 20:19:44'),(119,'2017-05-31 20:31:33','1009','activityinstance_call','{\"activityInstanceId\":\"190\"}','2017-05-31 20:19:53'),(120,'2017-05-31 20:31:33','1009','activityinstance_call_success','{\"activityInstanceTitle\":\"Finger-Tapping\",\"activityInstanceId\":\"190\"}','2017-05-31 20:19:55'),(121,'2017-05-31 20:31:33','1009','scheduledactivity_call','{}','2017-05-31 20:25:05'),(122,'2017-05-31 20:31:33','1009','scheduledactivity_call_success','{\"activityCount\":3}','2017-05-31 20:25:06'),(123,'2017-05-31 20:31:33','1009','activityinstance_call','{\"activityInstanceId\":\"210\"}','2017-05-31 20:25:18'),(124,'2017-05-31 20:31:33','1009','activityinstance_call_success','{\"activityInstanceTitle\":\"Epilepsy Weekly Survey\",\"activityInstanceId\":\"210\"}','2017-05-31 20:25:23'),(125,'2017-05-31 20:31:33','1009','answer_option_selected','{\"qid\":\"130\",\"aid\":3,\"sid\":\"210\"}','2017-05-31 20:26:08'),(126,'2017-05-31 20:31:33','1009','next_btn_click','{\"qid\":\"130\",\"sid\":\"210\"}','2017-05-31 20:26:09'),(127,'2017-05-31 20:31:33','1009','answer_option_selected','{\"qid\":\"131\",\"aid\":1,\"sid\":\"210\"}','2017-05-31 20:26:43'),(128,'2017-05-31 20:31:33','1009','next_btn_click','{\"qid\":\"131\",\"sid\":\"210\"}','2017-05-31 20:26:44'),(129,'2017-05-31 20:31:33','1009','answer_option_selected','{\"qid\":\"126\",\"aid\":3,\"sid\":\"210\"}','2017-05-31 20:26:45'),(130,'2017-05-31 20:31:33','1009','next_btn_click','{\"qid\":\"126\",\"sid\":\"210\"}','2017-05-31 20:26:50'),(131,'2017-05-31 20:31:33','1009','previous_btn_click','{\"qid\":\"126\",\"sid\":\"210\"}','2017-05-31 20:27:02'),(132,'2017-05-31 20:31:33','1009','previous_btn_click','{\"qid\":\"131\",\"sid\":\"210\"}','2017-05-31 20:27:03'),(133,'2017-05-31 20:31:33','1009','previous_btn_click','{\"qid\":\"130\",\"sid\":\"210\"}','2017-05-31 20:27:04'),(134,'2017-05-31 20:31:33','1009','next_btn_click','{\"qid\":\"130\",\"sid\":\"210\"}','2017-05-31 20:27:06'),(135,'2017-05-31 20:31:33','1009','next_btn_click','{\"qid\":\"131\",\"sid\":\"210\"}','2017-05-31 20:27:06'),(136,'2017-05-31 20:31:33','1009','next_btn_click','{\"qid\":\"126\",\"sid\":\"210\"}','2017-05-31 20:27:07'),(137,'2017-05-31 20:31:33','1009','answer_option_selected','{\"qid\":\"129\",\"aid\":5,\"sid\":\"210\"}','2017-05-31 20:27:08'),(138,'2017-05-31 20:31:33','1009','next_btn_click','{\"qid\":\"129\",\"sid\":\"210\"}','2017-05-31 20:27:09'),(139,'2017-05-31 20:31:33','1009','answer_option_selected','{\"qid\":\"127\",\"aid\":5,\"sid\":\"210\"}','2017-05-31 20:27:12'),(140,'2017-05-31 20:31:33','1009','next_btn_click','{\"qid\":\"127\",\"sid\":\"210\"}','2017-05-31 20:27:14'),(141,'2017-05-31 20:31:33','1009','answer_option_selected','{\"qid\":\"128\",\"aid\":3,\"sid\":\"210\"}','2017-05-31 20:27:16'),(142,'2017-05-31 20:31:33','1009','next_btn_click','{\"qid\":\"128\",\"sid\":\"210\"}','2017-05-31 20:27:19'),(143,'2017-05-31 20:31:33','1009','answer_option_selected','{\"qid\":\"125\",\"aid\":2,\"sid\":\"210\"}','2017-05-31 20:27:22'),(144,'2017-05-31 20:31:33','1009','next_btn_click','{\"qid\":\"125\",\"sid\":\"210\"}','2017-05-31 20:27:23'),(145,'2017-05-31 20:31:33','1009','answer_option_selected','{\"qid\":\"121\",\"aid\":4,\"sid\":\"210\"}','2017-05-31 20:27:37'),(146,'2017-05-31 20:31:33','1009','next_btn_click','{\"qid\":\"121\",\"sid\":\"210\"}','2017-05-31 20:27:38'),(147,'2017-05-31 20:31:33','1009','answer_option_selected','{\"qid\":\"123\",\"aid\":4,\"sid\":\"210\"}','2017-05-31 20:27:39'),(148,'2017-05-31 20:31:33','1009','next_btn_click','{\"qid\":\"123\",\"sid\":\"210\"}','2017-05-31 20:27:40'),(149,'2017-05-31 20:31:33','1009','answer_option_selected','{\"qid\":\"122\",\"aid\":4,\"sid\":\"210\"}','2017-05-31 20:27:40'),(150,'2017-05-31 20:31:33','1009','next_btn_click','{\"qid\":\"122\",\"sid\":\"210\"}','2017-05-31 20:27:41'),(151,'2017-05-31 20:31:33','1009','answer_option_selected','{\"qid\":\"124\",\"aid\":4,\"sid\":\"210\"}','2017-05-31 20:27:42'),(152,'2017-05-31 20:31:33','1009','next_btn_click','{\"qid\":\"124\",\"sid\":\"210\"}','2017-05-31 20:27:43'),(153,'2017-05-31 20:31:33','1009','answer_option_selected','{\"qid\":\"120\",\"aid\":3,\"sid\":\"210\"}','2017-05-31 20:27:47'),(154,'2017-05-31 20:31:33','1009','next_btn_click','{\"qid\":\"120\",\"sid\":\"210\"}','2017-05-31 20:27:48'),(155,'2017-05-31 20:31:33','1009','answer_option_selected','{\"qid\":\"119\",\"aid\":3,\"sid\":\"210\"}','2017-05-31 20:27:50'),(156,'2017-05-31 20:31:33','1009','next_btn_click','{\"qid\":\"119\",\"sid\":\"210\"}','2017-05-31 20:27:54'),(157,'2017-05-31 20:31:33','1009','answer_option_selected','{\"qid\":\"116\",\"aid\":4,\"sid\":\"210\"}','2017-05-31 20:28:38'),(158,'2017-05-31 20:31:33','1009','next_btn_click','{\"qid\":\"116\",\"sid\":\"210\"}','2017-05-31 20:28:39'),(159,'2017-05-31 20:31:33','1009','answer_option_selected','{\"qid\":\"111\",\"aid\":4,\"sid\":\"210\"}','2017-05-31 20:28:42'),(160,'2017-05-31 20:31:33','1009','next_btn_click','{\"qid\":\"111\",\"sid\":\"210\"}','2017-05-31 20:28:42'),(161,'2017-05-31 20:31:33','1009','answer_option_selected','{\"qid\":\"112\",\"aid\":5,\"sid\":\"210\"}','2017-05-31 20:28:45'),(162,'2017-05-31 20:31:33','1009','next_btn_click','{\"qid\":\"112\",\"sid\":\"210\"}','2017-05-31 20:28:46'),(163,'2017-05-31 20:31:33','1009','answer_option_selected','{\"qid\":\"118\",\"aid\":3,\"sid\":\"210\"}','2017-05-31 20:28:58'),(164,'2017-05-31 20:31:33','1009','previous_btn_click','{\"qid\":\"112\",\"sid\":\"210\"}','2017-05-31 20:28:59'),(165,'2017-05-31 20:31:33','1009','next_btn_click','{\"qid\":\"112\",\"sid\":\"210\"}','2017-05-31 20:29:00'),(166,'2017-05-31 20:31:33','1009','next_btn_click','{\"qid\":\"118\",\"sid\":\"210\"}','2017-05-31 20:29:01'),(167,'2017-05-31 20:31:33','1009','answer_option_selected','{\"qid\":\"114\",\"aid\":3,\"sid\":\"210\"}','2017-05-31 20:29:07'),(168,'2017-05-31 20:31:33','1009','next_btn_click','{\"qid\":\"114\",\"sid\":\"210\"}','2017-05-31 20:29:08'),(169,'2017-05-31 20:31:33','1009','answer_option_selected','{\"qid\":\"115\",\"aid\":4,\"sid\":\"210\"}','2017-05-31 20:29:09'),(170,'2017-05-31 20:31:33','1009','next_btn_click','{\"qid\":\"115\",\"sid\":\"210\"}','2017-05-31 20:29:09'),(171,'2017-05-31 20:31:33','1009','answer_option_selected','{\"qid\":\"113\",\"aid\":2,\"sid\":\"210\"}','2017-05-31 20:29:11'),(172,'2017-05-31 20:31:33','1009','next_btn_click','{\"qid\":\"113\",\"sid\":\"210\"}','2017-05-31 20:29:12'),(173,'2017-05-31 20:31:33','1009','answer_option_selected','{\"qid\":\"117\",\"aid\":5,\"sid\":\"210\"}','2017-05-31 20:29:16'),(174,'2017-05-31 20:31:33','1009','next_btn_click','{\"qid\":\"117\",\"sid\":\"210\"}','2017-05-31 20:29:23'),(175,'2017-05-31 20:31:33','1009','answer_option_selected','{\"qid\":\"106\",\"aid\":105,\"sid\":\"210\"}','2017-05-31 20:29:53'),(176,'2017-05-31 20:31:33','1009','next_btn_click','{\"qid\":\"106\",\"sid\":\"210\"}','2017-05-31 20:29:54'),(177,'2017-05-31 20:31:33','1009','answer_option_selected','{\"qid\":\"108\",\"aid\":106,\"sid\":\"210\"}','2017-05-31 20:29:55'),(178,'2017-05-31 20:31:33','1009','next_btn_click','{\"qid\":\"108\",\"sid\":\"210\"}','2017-05-31 20:29:55'),(179,'2017-05-31 20:31:33','1009','answer_option_selected','{\"qid\":\"104\",\"aid\":106,\"sid\":\"210\"}','2017-05-31 20:29:56'),(180,'2017-05-31 20:31:33','1009','next_btn_click','{\"qid\":\"104\",\"sid\":\"210\"}','2017-05-31 20:29:57'),(181,'2017-05-31 20:31:33','1009','answer_option_selected','{\"qid\":\"107\",\"aid\":107,\"sid\":\"210\"}','2017-05-31 20:30:07'),(182,'2017-05-31 20:31:33','1009','next_btn_click','{\"qid\":\"107\",\"sid\":\"210\"}','2017-05-31 20:30:19'),(183,'2017-05-31 20:31:33','1009','answer_option_selected','{\"qid\":\"105\",\"aid\":108,\"sid\":\"210\"}','2017-05-31 20:30:22'),(184,'2017-05-31 20:31:33','1009','next_btn_click','{\"qid\":\"105\",\"sid\":\"210\"}','2017-05-31 20:30:23'),(185,'2017-05-31 20:31:33','1009','answer_option_selected','{\"qid\":\"109\",\"aid\":104,\"sid\":\"210\"}','2017-05-31 20:30:25'),(186,'2017-05-31 20:31:33','1009','next_btn_click','{\"qid\":\"109\",\"sid\":\"210\"}','2017-05-31 20:30:27'),(187,'2017-05-31 20:31:33','1009','answer_option_selected','{\"qid\":\"110\",\"aid\":108,\"sid\":\"210\"}','2017-05-31 20:30:28'),(188,'2017-05-31 20:31:33','1009','next_btn_click','{\"qid\":\"110\",\"sid\":\"210\"}','2017-05-31 20:30:29'),(189,'2017-05-31 20:31:33','1009','activityinstanceresult_call','{\"sid\":\"210\"}','2017-05-31 20:30:40'),(190,'2017-05-31 20:31:33','1009','activityinstanceresult_call_success','{\"message\":\"SUCCESS\",\"sid\":\"210\"}','2017-05-31 20:30:41'),(191,'2017-05-31 20:31:33','1009','scheduledactivity_call','{}','2017-05-31 20:30:42'),(192,'2017-05-31 20:31:33','1009','scheduledactivity_call_success','{\"activityCount\":2}','2017-05-31 20:30:42'),(193,'2017-05-31 20:31:33','1009','activityinstance_call','{\"activityInstanceId\":\"212\"}','2017-05-31 20:30:49'),(194,'2017-05-31 20:31:33','1009','activityinstance_call_success','{\"activityInstanceTitle\":\"Epilepsy Weekly Survey\",\"activityInstanceId\":\"212\"}','2017-05-31 20:30:51'),(195,'2017-05-31 20:31:33','1009','answer_option_selected','{\"qid\":\"130\",\"aid\":2,\"sid\":\"212\"}','2017-05-31 20:30:56'),(196,'2017-05-31 20:31:33','1009','next_btn_click','{\"qid\":\"130\",\"sid\":\"212\"}','2017-05-31 20:30:57'),(197,'2017-05-31 20:31:33','1009','answer_option_selected','{\"qid\":\"125\",\"aid\":3,\"sid\":\"212\"}','2017-05-31 20:30:57'),(198,'2017-05-31 20:31:33','1009','next_btn_click','{\"qid\":\"125\",\"sid\":\"212\"}','2017-05-31 20:30:58'),(199,'2017-05-31 20:31:33','1009','answer_option_selected','{\"qid\":\"131\",\"aid\":4,\"sid\":\"212\"}','2017-05-31 20:30:58'),(200,'2017-05-31 20:31:33','1009','next_btn_click','{\"qid\":\"131\",\"sid\":\"212\"}','2017-05-31 20:30:59'),(201,'2017-05-31 20:31:33','1009','answer_option_selected','{\"qid\":\"129\",\"aid\":4,\"sid\":\"212\"}','2017-05-31 20:30:59'),(202,'2017-05-31 20:31:33','1009','next_btn_click','{\"qid\":\"129\",\"sid\":\"212\"}','2017-05-31 20:31:00'),(203,'2017-05-31 20:31:33','1009','answer_option_selected','{\"qid\":\"128\",\"aid\":3,\"sid\":\"212\"}','2017-05-31 20:31:00'),(204,'2017-05-31 20:31:33','1009','next_btn_click','{\"qid\":\"128\",\"sid\":\"212\"}','2017-05-31 20:31:01'),(205,'2017-05-31 20:31:33','1009','answer_option_selected','{\"qid\":\"126\",\"aid\":3,\"sid\":\"212\"}','2017-05-31 20:31:02'),(206,'2017-05-31 20:31:33','1009','next_btn_click','{\"qid\":\"126\",\"sid\":\"212\"}','2017-05-31 20:31:02'),(207,'2017-05-31 20:31:33','1009','answer_option_selected','{\"qid\":\"127\",\"aid\":4,\"sid\":\"212\"}','2017-05-31 20:31:03'),(208,'2017-05-31 20:31:33','1009','next_btn_click','{\"qid\":\"127\",\"sid\":\"212\"}','2017-05-31 20:31:04'),(209,'2017-05-31 20:31:33','1009','answer_option_selected','{\"qid\":\"109\",\"aid\":107,\"sid\":\"212\"}','2017-05-31 20:31:08'),(210,'2017-05-31 20:31:33','1009','next_btn_click','{\"qid\":\"109\",\"sid\":\"212\"}','2017-05-31 20:31:08'),(211,'2017-05-31 20:31:33','1009','answer_option_selected','{\"qid\":\"104\",\"aid\":108,\"sid\":\"212\"}','2017-05-31 20:31:10'),(212,'2017-05-31 20:31:33','1009','next_btn_click','{\"qid\":\"104\",\"sid\":\"212\"}','2017-05-31 20:31:11'),(213,'2017-05-31 20:31:33','1009','answer_option_selected','{\"qid\":\"105\",\"aid\":107,\"sid\":\"212\"}','2017-05-31 20:31:11'),(214,'2017-05-31 20:31:33','1009','next_btn_click','{\"qid\":\"105\",\"sid\":\"212\"}','2017-05-31 20:31:12'),(215,'2017-05-31 20:31:33','1009','answer_option_selected','{\"qid\":\"110\",\"aid\":106,\"sid\":\"212\"}','2017-05-31 20:31:12'),(216,'2017-05-31 20:31:33','1009','next_btn_click','{\"qid\":\"110\",\"sid\":\"212\"}','2017-05-31 20:31:13'),(217,'2017-05-31 20:31:33','1009','answer_option_selected','{\"qid\":\"107\",\"aid\":106,\"sid\":\"212\"}','2017-05-31 20:31:14'),(218,'2017-05-31 20:31:33','1009','next_btn_click','{\"qid\":\"107\",\"sid\":\"212\"}','2017-05-31 20:31:14'),(219,'2017-05-31 20:31:33','1009','answer_option_selected','{\"qid\":\"106\",\"aid\":107,\"sid\":\"212\"}','2017-05-31 20:31:15'),(220,'2017-05-31 20:31:33','1009','next_btn_click','{\"qid\":\"106\",\"sid\":\"212\"}','2017-05-31 20:31:16'),(221,'2017-05-31 20:31:33','1009','answer_option_selected','{\"qid\":\"108\",\"aid\":106,\"sid\":\"212\"}','2017-05-31 20:31:17'),(222,'2017-05-31 20:31:33','1009','next_btn_click','{\"qid\":\"108\",\"sid\":\"212\"}','2017-05-31 20:31:19'),(223,'2017-05-31 20:31:33','1009','answer_option_selected','{\"qid\":\"122\",\"aid\":2,\"sid\":\"212\"}','2017-05-31 20:31:20'),(224,'2017-05-31 20:31:33','1009','next_btn_click','{\"qid\":\"122\",\"sid\":\"212\"}','2017-05-31 20:31:21'),(225,'2017-05-31 20:31:33','1009','answer_option_selected','{\"qid\":\"121\",\"aid\":4,\"sid\":\"212\"}','2017-05-31 20:31:22'),(226,'2017-05-31 20:31:33','1009','next_btn_click','{\"qid\":\"121\",\"sid\":\"212\"}','2017-05-31 20:31:22'),(227,'2017-05-31 20:31:33','1009','answer_option_selected','{\"qid\":\"123\",\"aid\":3,\"sid\":\"212\"}','2017-05-31 20:31:23'),(228,'2017-05-31 20:31:33','1009','next_btn_click','{\"qid\":\"123\",\"sid\":\"212\"}','2017-05-31 20:31:24'),(229,'2017-05-31 20:31:33','1009','answer_option_selected','{\"qid\":\"124\",\"aid\":3,\"sid\":\"212\"}','2017-05-31 20:31:24'),(230,'2017-05-31 20:31:33','1009','next_btn_click','{\"qid\":\"124\",\"sid\":\"212\"}','2017-05-31 20:31:25'),(231,'2017-05-31 20:31:33','1009','answer_option_selected','{\"qid\":\"120\",\"aid\":4,\"sid\":\"212\"}','2017-05-31 20:31:26'),(232,'2017-05-31 20:31:33','1009','next_btn_click','{\"qid\":\"120\",\"sid\":\"212\"}','2017-05-31 20:31:27'),(233,'2017-05-31 20:31:33','1009','answer_option_selected','{\"qid\":\"119\",\"aid\":3,\"sid\":\"212\"}','2017-05-31 20:31:27'),(234,'2017-05-31 20:31:33','1009','next_btn_click','{\"qid\":\"119\",\"sid\":\"212\"}','2017-05-31 20:31:28'),(235,'2017-05-31 20:31:33','1009','answer_option_selected','{\"qid\":\"113\",\"aid\":2,\"sid\":\"212\"}','2017-05-31 20:31:29'),(236,'2017-05-31 20:31:33','1009','next_btn_click','{\"qid\":\"113\",\"sid\":\"212\"}','2017-05-31 20:31:30'),(237,'2017-05-31 20:31:33','1009','answer_option_selected','{\"qid\":\"114\",\"aid\":3,\"sid\":\"212\"}','2017-05-31 20:31:31'),(238,'2017-05-31 20:31:33','1009','next_btn_click','{\"qid\":\"114\",\"sid\":\"212\"}','2017-05-31 20:31:32'),(239,'2017-05-31 20:31:34','1009','answer_option_selected','{\"qid\":\"117\",\"aid\":4,\"sid\":\"212\"}','2017-05-31 20:31:34'),(240,'2017-05-31 20:31:34','1009','next_btn_click','{\"qid\":\"117\",\"sid\":\"212\"}','2017-05-31 20:31:36'),(241,'2017-05-31 20:31:34','1009','answer_option_selected','{\"qid\":\"112\",\"aid\":3,\"sid\":\"212\"}','2017-05-31 20:31:40'),(242,'2017-05-31 20:31:34','1009','next_btn_click','{\"qid\":\"112\",\"sid\":\"212\"}','2017-05-31 20:31:40'),(243,'2017-05-31 20:31:34','1009','answer_option_selected','{\"qid\":\"116\",\"aid\":4,\"sid\":\"212\"}','2017-05-31 20:31:41'),(244,'2017-05-31 20:31:34','1009','next_btn_click','{\"qid\":\"116\",\"sid\":\"212\"}','2017-05-31 20:31:42'),(245,'2017-05-31 20:31:34','1009','answer_option_selected','{\"qid\":\"115\",\"aid\":3,\"sid\":\"212\"}','2017-05-31 20:31:42'),(246,'2017-05-31 20:31:34','1009','next_btn_click','{\"qid\":\"115\",\"sid\":\"212\"}','2017-05-31 20:31:43'),(247,'2017-05-31 20:31:34','1009','answer_option_selected','{\"qid\":\"118\",\"aid\":3,\"sid\":\"212\"}','2017-05-31 20:31:43'),(248,'2017-05-31 20:31:34','1009','next_btn_click','{\"qid\":\"118\",\"sid\":\"212\"}','2017-05-31 20:31:44'),(249,'2017-05-31 20:31:34','1009','answer_option_selected','{\"qid\":\"111\",\"aid\":5,\"sid\":\"212\"}','2017-05-31 20:31:49'),(250,'2017-05-31 20:31:34','1009','next_btn_click','{\"qid\":\"111\",\"sid\":\"212\"}','2017-05-31 20:31:49'),(251,'2017-05-31 20:31:34','1009','activityinstanceresult_call','{\"sid\":\"212\"}','2017-05-31 20:31:54'),(252,'2017-05-31 20:31:34','1009','activityinstanceresult_call_success','{\"message\":\"SUCCESS\",\"sid\":\"212\"}','2017-05-31 20:31:55'),(253,'2017-05-31 20:33:04','1005','scheduledactivity_call','{}','2017-05-31 19:33:12'),(254,'2017-05-31 20:33:04','1004','scheduledactivity_call','{}','2017-05-31 19:34:39'),(255,'2017-05-31 20:33:04','1004','scheduledactivity_call_success','{\"activityCount\":5}','2017-05-31 19:34:41'),(256,'2017-05-31 20:33:04','1004','activityinstance_call','{\"activityInstanceId\":\"89\"}','2017-05-31 19:34:58'),(257,'2017-05-31 20:33:04','1004','activityinstance_call_success','{\"activityInstanceTitle\":\"Pattern-Comparison\",\"activityInstanceId\":\"89\"}','2017-05-31 19:35:00'),(258,'2017-05-31 20:33:04','1003','scheduledactivity_call','{}','2017-05-31 19:35:18'),(259,'2017-05-31 20:33:04','1003','scheduledactivity_call_success','{\"activityCount\":1}','2017-05-31 19:35:20'),(260,'2017-05-31 20:33:04','1003','scheduledactivity_call','{}','2017-05-31 19:35:31'),(261,'2017-05-31 20:33:04','1003','scheduledactivity_call_success','{\"activityCount\":1}','2017-05-31 19:35:33'),(262,'2017-05-31 20:33:04','1003','scheduledactivity_call','{}','2017-05-31 19:36:39'),(263,'2017-05-31 20:33:04','1003','scheduledactivity_call_success','{\"activityCount\":1}','2017-05-31 19:36:42'),(264,'2017-05-31 20:33:04','1009','scheduledactivity_call','{}','2017-05-31 19:48:44'),(265,'2017-05-31 20:33:04','1004','scheduledactivity_call','{}','2017-05-31 19:49:32'),(266,'2017-05-31 20:33:04','1001','scheduledactivity_call','{}','2017-05-31 20:09:00'),(267,'2017-05-31 20:33:04','1001','scheduledactivity_call_success','{\"activityCount\":0,\"message\":\"You don\'t have any activities due at this time. Please check again later.\"}','2017-05-31 20:09:00'),(268,'2017-05-31 20:33:04','1002','scheduledactivity_call','{}','2017-05-31 20:09:07'),(269,'2017-05-31 20:33:04','1002','scheduledactivity_call_success','{\"activityCount\":1}','2017-05-31 20:09:07'),(270,'2017-05-31 20:33:04','1003','scheduledactivity_call','{}','2017-05-31 20:09:14'),(271,'2017-05-31 20:33:04','1003','scheduledactivity_call_success','{\"activityCount\":1}','2017-05-31 20:09:15'),(272,'2017-05-31 20:33:04','1004','scheduledactivity_call','{}','2017-05-31 20:09:53'),(273,'2017-05-31 20:33:04','1004','scheduledactivity_call_success','{\"activityCount\":5}','2017-05-31 20:09:54'),(274,'2017-05-31 20:33:04','1009','scheduledactivity_call','{}','2017-05-31 20:19:43'),(275,'2017-05-31 20:33:04','1009','scheduledactivity_call_success','{\"activityCount\":7}','2017-05-31 20:19:44'),(276,'2017-05-31 20:33:04','1009','activityinstance_call','{\"activityInstanceId\":\"190\"}','2017-05-31 20:19:53'),(277,'2017-05-31 20:33:04','1009','activityinstance_call_success','{\"activityInstanceTitle\":\"Finger-Tapping\",\"activityInstanceId\":\"190\"}','2017-05-31 20:19:55'),(278,'2017-05-31 20:33:04','1009','scheduledactivity_call','{}','2017-05-31 20:25:05'),(279,'2017-05-31 20:33:04','1009','scheduledactivity_call_success','{\"activityCount\":3}','2017-05-31 20:25:06'),(280,'2017-05-31 20:33:04','1009','activityinstance_call','{\"activityInstanceId\":\"210\"}','2017-05-31 20:25:18'),(281,'2017-05-31 20:33:04','1009','activityinstance_call_success','{\"activityInstanceTitle\":\"Epilepsy Weekly Survey\",\"activityInstanceId\":\"210\"}','2017-05-31 20:25:23'),(282,'2017-05-31 20:33:04','1009','answer_option_selected','{\"qid\":\"130\",\"aid\":3,\"sid\":\"210\"}','2017-05-31 20:26:08'),(283,'2017-05-31 20:33:04','1009','next_btn_click','{\"qid\":\"130\",\"sid\":\"210\"}','2017-05-31 20:26:09'),(284,'2017-05-31 20:33:04','1009','answer_option_selected','{\"qid\":\"131\",\"aid\":1,\"sid\":\"210\"}','2017-05-31 20:26:43'),(285,'2017-05-31 20:33:04','1009','next_btn_click','{\"qid\":\"131\",\"sid\":\"210\"}','2017-05-31 20:26:44'),(286,'2017-05-31 20:33:04','1009','answer_option_selected','{\"qid\":\"126\",\"aid\":3,\"sid\":\"210\"}','2017-05-31 20:26:45'),(287,'2017-05-31 20:33:04','1009','next_btn_click','{\"qid\":\"126\",\"sid\":\"210\"}','2017-05-31 20:26:50'),(288,'2017-05-31 20:33:04','1009','previous_btn_click','{\"qid\":\"126\",\"sid\":\"210\"}','2017-05-31 20:27:02'),(289,'2017-05-31 20:33:04','1009','previous_btn_click','{\"qid\":\"131\",\"sid\":\"210\"}','2017-05-31 20:27:03'),(290,'2017-05-31 20:33:04','1009','previous_btn_click','{\"qid\":\"130\",\"sid\":\"210\"}','2017-05-31 20:27:04'),(291,'2017-05-31 20:33:04','1009','next_btn_click','{\"qid\":\"130\",\"sid\":\"210\"}','2017-05-31 20:27:06'),(292,'2017-05-31 20:33:04','1009','next_btn_click','{\"qid\":\"131\",\"sid\":\"210\"}','2017-05-31 20:27:06'),(293,'2017-05-31 20:33:04','1009','next_btn_click','{\"qid\":\"126\",\"sid\":\"210\"}','2017-05-31 20:27:07'),(294,'2017-05-31 20:33:04','1009','answer_option_selected','{\"qid\":\"129\",\"aid\":5,\"sid\":\"210\"}','2017-05-31 20:27:08'),(295,'2017-05-31 20:33:04','1009','next_btn_click','{\"qid\":\"129\",\"sid\":\"210\"}','2017-05-31 20:27:09'),(296,'2017-05-31 20:33:04','1009','answer_option_selected','{\"qid\":\"127\",\"aid\":5,\"sid\":\"210\"}','2017-05-31 20:27:12'),(297,'2017-05-31 20:33:04','1009','next_btn_click','{\"qid\":\"127\",\"sid\":\"210\"}','2017-05-31 20:27:14'),(298,'2017-05-31 20:33:04','1009','answer_option_selected','{\"qid\":\"128\",\"aid\":3,\"sid\":\"210\"}','2017-05-31 20:27:16'),(299,'2017-05-31 20:33:04','1009','next_btn_click','{\"qid\":\"128\",\"sid\":\"210\"}','2017-05-31 20:27:19'),(300,'2017-05-31 20:33:04','1009','answer_option_selected','{\"qid\":\"125\",\"aid\":2,\"sid\":\"210\"}','2017-05-31 20:27:22'),(301,'2017-05-31 20:33:04','1009','next_btn_click','{\"qid\":\"125\",\"sid\":\"210\"}','2017-05-31 20:27:23'),(302,'2017-05-31 20:33:04','1009','answer_option_selected','{\"qid\":\"121\",\"aid\":4,\"sid\":\"210\"}','2017-05-31 20:27:37'),(303,'2017-05-31 20:33:04','1009','next_btn_click','{\"qid\":\"121\",\"sid\":\"210\"}','2017-05-31 20:27:38'),(304,'2017-05-31 20:33:04','1009','answer_option_selected','{\"qid\":\"123\",\"aid\":4,\"sid\":\"210\"}','2017-05-31 20:27:39'),(305,'2017-05-31 20:33:04','1009','next_btn_click','{\"qid\":\"123\",\"sid\":\"210\"}','2017-05-31 20:27:40'),(306,'2017-05-31 20:33:04','1009','answer_option_selected','{\"qid\":\"122\",\"aid\":4,\"sid\":\"210\"}','2017-05-31 20:27:40'),(307,'2017-05-31 20:33:04','1009','next_btn_click','{\"qid\":\"122\",\"sid\":\"210\"}','2017-05-31 20:27:41'),(308,'2017-05-31 20:33:04','1009','answer_option_selected','{\"qid\":\"124\",\"aid\":4,\"sid\":\"210\"}','2017-05-31 20:27:42'),(309,'2017-05-31 20:33:04','1009','next_btn_click','{\"qid\":\"124\",\"sid\":\"210\"}','2017-05-31 20:27:43'),(310,'2017-05-31 20:33:04','1009','answer_option_selected','{\"qid\":\"120\",\"aid\":3,\"sid\":\"210\"}','2017-05-31 20:27:47'),(311,'2017-05-31 20:33:04','1009','next_btn_click','{\"qid\":\"120\",\"sid\":\"210\"}','2017-05-31 20:27:48'),(312,'2017-05-31 20:33:04','1009','answer_option_selected','{\"qid\":\"119\",\"aid\":3,\"sid\":\"210\"}','2017-05-31 20:27:50'),(313,'2017-05-31 20:33:04','1009','next_btn_click','{\"qid\":\"119\",\"sid\":\"210\"}','2017-05-31 20:27:54'),(314,'2017-05-31 20:33:04','1009','answer_option_selected','{\"qid\":\"116\",\"aid\":4,\"sid\":\"210\"}','2017-05-31 20:28:38'),(315,'2017-05-31 20:33:04','1009','next_btn_click','{\"qid\":\"116\",\"sid\":\"210\"}','2017-05-31 20:28:39'),(316,'2017-05-31 20:33:04','1009','answer_option_selected','{\"qid\":\"111\",\"aid\":4,\"sid\":\"210\"}','2017-05-31 20:28:42'),(317,'2017-05-31 20:33:04','1009','next_btn_click','{\"qid\":\"111\",\"sid\":\"210\"}','2017-05-31 20:28:42'),(318,'2017-05-31 20:33:04','1009','answer_option_selected','{\"qid\":\"112\",\"aid\":5,\"sid\":\"210\"}','2017-05-31 20:28:45'),(319,'2017-05-31 20:33:04','1009','next_btn_click','{\"qid\":\"112\",\"sid\":\"210\"}','2017-05-31 20:28:46'),(320,'2017-05-31 20:33:04','1009','answer_option_selected','{\"qid\":\"118\",\"aid\":3,\"sid\":\"210\"}','2017-05-31 20:28:58'),(321,'2017-05-31 20:33:04','1009','previous_btn_click','{\"qid\":\"112\",\"sid\":\"210\"}','2017-05-31 20:28:59'),(322,'2017-05-31 20:33:04','1009','next_btn_click','{\"qid\":\"112\",\"sid\":\"210\"}','2017-05-31 20:29:00'),(323,'2017-05-31 20:33:04','1009','next_btn_click','{\"qid\":\"118\",\"sid\":\"210\"}','2017-05-31 20:29:01'),(324,'2017-05-31 20:33:04','1009','answer_option_selected','{\"qid\":\"114\",\"aid\":3,\"sid\":\"210\"}','2017-05-31 20:29:07'),(325,'2017-05-31 20:33:04','1009','next_btn_click','{\"qid\":\"114\",\"sid\":\"210\"}','2017-05-31 20:29:08'),(326,'2017-05-31 20:33:04','1009','answer_option_selected','{\"qid\":\"115\",\"aid\":4,\"sid\":\"210\"}','2017-05-31 20:29:09'),(327,'2017-05-31 20:33:04','1009','next_btn_click','{\"qid\":\"115\",\"sid\":\"210\"}','2017-05-31 20:29:09'),(328,'2017-05-31 20:33:04','1009','answer_option_selected','{\"qid\":\"113\",\"aid\":2,\"sid\":\"210\"}','2017-05-31 20:29:11'),(329,'2017-05-31 20:33:04','1009','next_btn_click','{\"qid\":\"113\",\"sid\":\"210\"}','2017-05-31 20:29:12'),(330,'2017-05-31 20:33:04','1009','answer_option_selected','{\"qid\":\"117\",\"aid\":5,\"sid\":\"210\"}','2017-05-31 20:29:16'),(331,'2017-05-31 20:33:05','1009','next_btn_click','{\"qid\":\"117\",\"sid\":\"210\"}','2017-05-31 20:29:23'),(332,'2017-05-31 20:33:05','1009','answer_option_selected','{\"qid\":\"106\",\"aid\":105,\"sid\":\"210\"}','2017-05-31 20:29:53'),(333,'2017-05-31 20:33:05','1009','next_btn_click','{\"qid\":\"106\",\"sid\":\"210\"}','2017-05-31 20:29:54'),(334,'2017-05-31 20:33:05','1009','answer_option_selected','{\"qid\":\"108\",\"aid\":106,\"sid\":\"210\"}','2017-05-31 20:29:55'),(335,'2017-05-31 20:33:05','1009','next_btn_click','{\"qid\":\"108\",\"sid\":\"210\"}','2017-05-31 20:29:55'),(336,'2017-05-31 20:33:05','1009','answer_option_selected','{\"qid\":\"104\",\"aid\":106,\"sid\":\"210\"}','2017-05-31 20:29:56'),(337,'2017-05-31 20:33:05','1009','next_btn_click','{\"qid\":\"104\",\"sid\":\"210\"}','2017-05-31 20:29:57'),(338,'2017-05-31 20:33:05','1009','answer_option_selected','{\"qid\":\"107\",\"aid\":107,\"sid\":\"210\"}','2017-05-31 20:30:07'),(339,'2017-05-31 20:33:05','1009','next_btn_click','{\"qid\":\"107\",\"sid\":\"210\"}','2017-05-31 20:30:19'),(340,'2017-05-31 20:33:05','1009','answer_option_selected','{\"qid\":\"105\",\"aid\":108,\"sid\":\"210\"}','2017-05-31 20:30:22'),(341,'2017-05-31 20:33:05','1009','next_btn_click','{\"qid\":\"105\",\"sid\":\"210\"}','2017-05-31 20:30:23'),(342,'2017-05-31 20:33:05','1009','answer_option_selected','{\"qid\":\"109\",\"aid\":104,\"sid\":\"210\"}','2017-05-31 20:30:25'),(343,'2017-05-31 20:33:05','1009','next_btn_click','{\"qid\":\"109\",\"sid\":\"210\"}','2017-05-31 20:30:27'),(344,'2017-05-31 20:33:05','1009','answer_option_selected','{\"qid\":\"110\",\"aid\":108,\"sid\":\"210\"}','2017-05-31 20:30:28'),(345,'2017-05-31 20:33:05','1009','next_btn_click','{\"qid\":\"110\",\"sid\":\"210\"}','2017-05-31 20:30:29'),(346,'2017-05-31 20:33:05','1009','activityinstanceresult_call','{\"sid\":\"210\"}','2017-05-31 20:30:40'),(347,'2017-05-31 20:33:05','1009','activityinstanceresult_call_success','{\"message\":\"SUCCESS\",\"sid\":\"210\"}','2017-05-31 20:30:41'),(348,'2017-05-31 20:33:05','1009','scheduledactivity_call','{}','2017-05-31 20:30:42'),(349,'2017-05-31 20:33:05','1009','scheduledactivity_call_success','{\"activityCount\":2}','2017-05-31 20:30:42'),(350,'2017-05-31 20:33:05','1009','activityinstance_call','{\"activityInstanceId\":\"212\"}','2017-05-31 20:30:49'),(351,'2017-05-31 20:33:05','1009','activityinstance_call_success','{\"activityInstanceTitle\":\"Epilepsy Weekly Survey\",\"activityInstanceId\":\"212\"}','2017-05-31 20:30:51'),(352,'2017-05-31 20:33:05','1009','answer_option_selected','{\"qid\":\"130\",\"aid\":2,\"sid\":\"212\"}','2017-05-31 20:30:56'),(353,'2017-05-31 20:33:05','1009','next_btn_click','{\"qid\":\"130\",\"sid\":\"212\"}','2017-05-31 20:30:57'),(354,'2017-05-31 20:33:05','1009','answer_option_selected','{\"qid\":\"125\",\"aid\":3,\"sid\":\"212\"}','2017-05-31 20:30:57'),(355,'2017-05-31 20:33:05','1009','next_btn_click','{\"qid\":\"125\",\"sid\":\"212\"}','2017-05-31 20:30:58'),(356,'2017-05-31 20:33:05','1009','answer_option_selected','{\"qid\":\"131\",\"aid\":4,\"sid\":\"212\"}','2017-05-31 20:30:58'),(357,'2017-05-31 20:33:05','1009','next_btn_click','{\"qid\":\"131\",\"sid\":\"212\"}','2017-05-31 20:30:59'),(358,'2017-05-31 20:33:05','1009','answer_option_selected','{\"qid\":\"129\",\"aid\":4,\"sid\":\"212\"}','2017-05-31 20:30:59'),(359,'2017-05-31 20:33:05','1009','next_btn_click','{\"qid\":\"129\",\"sid\":\"212\"}','2017-05-31 20:31:00'),(360,'2017-05-31 20:33:05','1009','answer_option_selected','{\"qid\":\"128\",\"aid\":3,\"sid\":\"212\"}','2017-05-31 20:31:00'),(361,'2017-05-31 20:33:05','1009','next_btn_click','{\"qid\":\"128\",\"sid\":\"212\"}','2017-05-31 20:31:01'),(362,'2017-05-31 20:33:05','1009','answer_option_selected','{\"qid\":\"126\",\"aid\":3,\"sid\":\"212\"}','2017-05-31 20:31:02'),(363,'2017-05-31 20:33:05','1009','next_btn_click','{\"qid\":\"126\",\"sid\":\"212\"}','2017-05-31 20:31:02'),(364,'2017-05-31 20:33:05','1009','answer_option_selected','{\"qid\":\"127\",\"aid\":4,\"sid\":\"212\"}','2017-05-31 20:31:03'),(365,'2017-05-31 20:33:05','1009','next_btn_click','{\"qid\":\"127\",\"sid\":\"212\"}','2017-05-31 20:31:04'),(366,'2017-05-31 20:33:05','1009','answer_option_selected','{\"qid\":\"109\",\"aid\":107,\"sid\":\"212\"}','2017-05-31 20:31:08'),(367,'2017-05-31 20:33:05','1009','next_btn_click','{\"qid\":\"109\",\"sid\":\"212\"}','2017-05-31 20:31:08'),(368,'2017-05-31 20:33:05','1009','answer_option_selected','{\"qid\":\"104\",\"aid\":108,\"sid\":\"212\"}','2017-05-31 20:31:10'),(369,'2017-05-31 20:33:05','1009','next_btn_click','{\"qid\":\"104\",\"sid\":\"212\"}','2017-05-31 20:31:11'),(370,'2017-05-31 20:33:05','1009','answer_option_selected','{\"qid\":\"105\",\"aid\":107,\"sid\":\"212\"}','2017-05-31 20:31:11'),(371,'2017-05-31 20:33:05','1009','next_btn_click','{\"qid\":\"105\",\"sid\":\"212\"}','2017-05-31 20:31:12'),(372,'2017-05-31 20:33:05','1009','answer_option_selected','{\"qid\":\"110\",\"aid\":106,\"sid\":\"212\"}','2017-05-31 20:31:12'),(373,'2017-05-31 20:33:05','1009','next_btn_click','{\"qid\":\"110\",\"sid\":\"212\"}','2017-05-31 20:31:13'),(374,'2017-05-31 20:33:05','1009','answer_option_selected','{\"qid\":\"107\",\"aid\":106,\"sid\":\"212\"}','2017-05-31 20:31:14'),(375,'2017-05-31 20:33:05','1009','next_btn_click','{\"qid\":\"107\",\"sid\":\"212\"}','2017-05-31 20:31:14'),(376,'2017-05-31 20:33:05','1009','answer_option_selected','{\"qid\":\"106\",\"aid\":107,\"sid\":\"212\"}','2017-05-31 20:31:15'),(377,'2017-05-31 20:33:05','1009','next_btn_click','{\"qid\":\"106\",\"sid\":\"212\"}','2017-05-31 20:31:16'),(378,'2017-05-31 20:33:05','1009','answer_option_selected','{\"qid\":\"108\",\"aid\":106,\"sid\":\"212\"}','2017-05-31 20:31:17'),(379,'2017-05-31 20:33:05','1009','next_btn_click','{\"qid\":\"108\",\"sid\":\"212\"}','2017-05-31 20:31:19'),(380,'2017-05-31 20:33:05','1009','answer_option_selected','{\"qid\":\"122\",\"aid\":2,\"sid\":\"212\"}','2017-05-31 20:31:20'),(381,'2017-05-31 20:33:05','1009','next_btn_click','{\"qid\":\"122\",\"sid\":\"212\"}','2017-05-31 20:31:21'),(382,'2017-05-31 20:33:05','1009','answer_option_selected','{\"qid\":\"121\",\"aid\":4,\"sid\":\"212\"}','2017-05-31 20:31:22'),(383,'2017-05-31 20:33:05','1009','next_btn_click','{\"qid\":\"121\",\"sid\":\"212\"}','2017-05-31 20:31:22'),(384,'2017-05-31 20:33:05','1009','answer_option_selected','{\"qid\":\"123\",\"aid\":3,\"sid\":\"212\"}','2017-05-31 20:31:23'),(385,'2017-05-31 20:33:05','1009','next_btn_click','{\"qid\":\"123\",\"sid\":\"212\"}','2017-05-31 20:31:24'),(386,'2017-05-31 20:33:05','1009','answer_option_selected','{\"qid\":\"124\",\"aid\":3,\"sid\":\"212\"}','2017-05-31 20:31:24'),(387,'2017-05-31 20:33:05','1009','next_btn_click','{\"qid\":\"124\",\"sid\":\"212\"}','2017-05-31 20:31:25'),(388,'2017-05-31 20:33:05','1009','answer_option_selected','{\"qid\":\"120\",\"aid\":4,\"sid\":\"212\"}','2017-05-31 20:31:26'),(389,'2017-05-31 20:33:05','1009','next_btn_click','{\"qid\":\"120\",\"sid\":\"212\"}','2017-05-31 20:31:27'),(390,'2017-05-31 20:33:05','1009','answer_option_selected','{\"qid\":\"119\",\"aid\":3,\"sid\":\"212\"}','2017-05-31 20:31:27'),(391,'2017-05-31 20:33:05','1009','next_btn_click','{\"qid\":\"119\",\"sid\":\"212\"}','2017-05-31 20:31:28'),(392,'2017-05-31 20:33:05','1009','answer_option_selected','{\"qid\":\"113\",\"aid\":2,\"sid\":\"212\"}','2017-05-31 20:31:29'),(393,'2017-05-31 20:33:05','1009','next_btn_click','{\"qid\":\"113\",\"sid\":\"212\"}','2017-05-31 20:31:30'),(394,'2017-05-31 20:33:05','1009','answer_option_selected','{\"qid\":\"114\",\"aid\":3,\"sid\":\"212\"}','2017-05-31 20:31:31'),(395,'2017-05-31 20:33:05','1009','next_btn_click','{\"qid\":\"114\",\"sid\":\"212\"}','2017-05-31 20:31:32'),(396,'2017-05-31 20:33:05','1009','answer_option_selected','{\"qid\":\"117\",\"aid\":4,\"sid\":\"212\"}','2017-05-31 20:31:34'),(397,'2017-05-31 20:33:05','1009','next_btn_click','{\"qid\":\"117\",\"sid\":\"212\"}','2017-05-31 20:31:36'),(398,'2017-05-31 20:33:05','1009','answer_option_selected','{\"qid\":\"112\",\"aid\":3,\"sid\":\"212\"}','2017-05-31 20:31:40'),(399,'2017-05-31 20:33:05','1009','next_btn_click','{\"qid\":\"112\",\"sid\":\"212\"}','2017-05-31 20:31:40'),(400,'2017-05-31 20:33:05','1009','answer_option_selected','{\"qid\":\"116\",\"aid\":4,\"sid\":\"212\"}','2017-05-31 20:31:41'),(401,'2017-05-31 20:33:05','1009','next_btn_click','{\"qid\":\"116\",\"sid\":\"212\"}','2017-05-31 20:31:42'),(402,'2017-05-31 20:33:05','1009','answer_option_selected','{\"qid\":\"115\",\"aid\":3,\"sid\":\"212\"}','2017-05-31 20:31:42'),(403,'2017-05-31 20:33:05','1009','next_btn_click','{\"qid\":\"115\",\"sid\":\"212\"}','2017-05-31 20:31:43'),(404,'2017-05-31 20:33:05','1009','answer_option_selected','{\"qid\":\"118\",\"aid\":3,\"sid\":\"212\"}','2017-05-31 20:31:43'),(405,'2017-05-31 20:33:05','1009','next_btn_click','{\"qid\":\"118\",\"sid\":\"212\"}','2017-05-31 20:31:44'),(406,'2017-05-31 20:33:05','1009','answer_option_selected','{\"qid\":\"111\",\"aid\":5,\"sid\":\"212\"}','2017-05-31 20:31:49'),(407,'2017-05-31 20:33:05','1009','next_btn_click','{\"qid\":\"111\",\"sid\":\"212\"}','2017-05-31 20:31:49'),(408,'2017-05-31 20:33:05','1009','activityinstanceresult_call','{\"sid\":\"212\"}','2017-05-31 20:31:54'),(409,'2017-05-31 20:33:05','1009','activityinstanceresult_call_success','{\"message\":\"SUCCESS\",\"sid\":\"212\"}','2017-05-31 20:31:55'),(410,'2017-05-31 20:33:05','1009','scheduledactivity_call','{}','2017-05-31 20:31:56'),(411,'2017-05-31 20:33:05','1009','scheduledactivity_call_success','{\"activityCount\":1}','2017-05-31 20:31:56'),(412,'2017-05-31 20:33:05','1009','activityinstance_call','{\"activityInstanceId\":\"211\"}','2017-05-31 20:31:58'),(413,'2017-05-31 20:33:05','1009','activityinstance_call_success','{\"activityInstanceTitle\":\"Epilepsy Weekly Survey\",\"activityInstanceId\":\"211\"}','2017-05-31 20:32:01'),(414,'2017-05-31 20:33:05','1009','answer_option_selected','{\"qid\":\"118\",\"aid\":3,\"sid\":\"211\"}','2017-05-31 20:32:10'),(415,'2017-05-31 20:33:05','1009','next_btn_click','{\"qid\":\"118\",\"sid\":\"211\"}','2017-05-31 20:32:11'),(416,'2017-05-31 20:33:05','1009','answer_option_selected','{\"qid\":\"117\",\"aid\":3,\"sid\":\"211\"}','2017-05-31 20:32:11'),(417,'2017-05-31 20:33:05','1009','next_btn_click','{\"qid\":\"117\",\"sid\":\"211\"}','2017-05-31 20:32:12'),(418,'2017-05-31 20:33:05','1009','previous_btn_click','{\"qid\":\"117\",\"sid\":\"211\"}','2017-05-31 20:32:12'),(419,'2017-05-31 20:33:05','1009','next_btn_click','{\"qid\":\"117\",\"sid\":\"211\"}','2017-05-31 20:32:13'),(420,'2017-05-31 20:33:05','1009','answer_option_selected','{\"qid\":\"112\",\"aid\":3,\"sid\":\"211\"}','2017-05-31 20:32:13'),(421,'2017-05-31 20:33:05','1009','next_btn_click','{\"qid\":\"112\",\"sid\":\"211\"}','2017-05-31 20:32:14'),(422,'2017-05-31 20:33:05','1009','answer_option_selected','{\"qid\":\"111\",\"aid\":3,\"sid\":\"211\"}','2017-05-31 20:32:15'),(423,'2017-05-31 20:33:05','1009','next_btn_click','{\"qid\":\"111\",\"sid\":\"211\"}','2017-05-31 20:32:15'),(424,'2017-05-31 20:33:05','1009','answer_option_selected','{\"qid\":\"113\",\"aid\":2,\"sid\":\"211\"}','2017-05-31 20:32:16'),(425,'2017-05-31 20:33:05','1009','next_btn_click','{\"qid\":\"113\",\"sid\":\"211\"}','2017-05-31 20:32:17'),(426,'2017-05-31 20:33:05','1009','answer_option_selected','{\"qid\":\"114\",\"aid\":4,\"sid\":\"211\"}','2017-05-31 20:32:18'),(427,'2017-05-31 20:33:05','1009','next_btn_click','{\"qid\":\"114\",\"sid\":\"211\"}','2017-05-31 20:32:18'),(428,'2017-05-31 20:33:05','1009','answer_option_selected','{\"qid\":\"115\",\"aid\":4,\"sid\":\"211\"}','2017-05-31 20:32:19'),(429,'2017-05-31 20:33:05','1009','next_btn_click','{\"qid\":\"115\",\"sid\":\"211\"}','2017-05-31 20:32:20'),(430,'2017-05-31 20:33:05','1009','answer_option_selected','{\"qid\":\"116\",\"aid\":3,\"sid\":\"211\"}','2017-05-31 20:32:21'),(431,'2017-05-31 20:33:05','1009','next_btn_click','{\"qid\":\"116\",\"sid\":\"211\"}','2017-05-31 20:32:22'),(432,'2017-05-31 20:33:05','1009','answer_option_selected','{\"qid\":\"125\",\"aid\":4,\"sid\":\"211\"}','2017-05-31 20:32:25'),(433,'2017-05-31 20:33:05','1009','next_btn_click','{\"qid\":\"125\",\"sid\":\"211\"}','2017-05-31 20:32:26'),(434,'2017-05-31 20:33:05','1009','answer_option_selected','{\"qid\":\"129\",\"aid\":4,\"sid\":\"211\"}','2017-05-31 20:32:26'),(435,'2017-05-31 20:33:05','1009','next_btn_click','{\"qid\":\"129\",\"sid\":\"211\"}','2017-05-31 20:32:27'),(436,'2017-05-31 20:33:05','1009','previous_btn_click','{\"qid\":\"129\",\"sid\":\"211\"}','2017-05-31 20:32:28'),(437,'2017-05-31 20:33:05','1009','previous_btn_click','{\"qid\":\"125\",\"sid\":\"211\"}','2017-05-31 20:32:29'),(438,'2017-05-31 20:33:05','1009','previous_btn_click','{\"qid\":\"116\",\"sid\":\"211\"}','2017-05-31 20:32:29'),(439,'2017-05-31 20:33:05','1009','previous_btn_click','{\"qid\":\"115\",\"sid\":\"211\"}','2017-05-31 20:32:29'),(440,'2017-05-31 20:33:05','1009','previous_btn_click','{\"qid\":\"114\",\"sid\":\"211\"}','2017-05-31 20:32:29'),(441,'2017-05-31 20:33:05','1009','next_btn_click','{\"qid\":\"114\",\"sid\":\"211\"}','2017-05-31 20:32:30'),(442,'2017-05-31 20:33:05','1009','next_btn_click','{\"qid\":\"115\",\"sid\":\"211\"}','2017-05-31 20:32:30'),(443,'2017-05-31 20:33:05','1009','next_btn_click','{\"qid\":\"116\",\"sid\":\"211\"}','2017-05-31 20:32:31'),(444,'2017-05-31 20:33:05','1009','answer_option_selected','{\"qid\":\"125\",\"aid\":3,\"sid\":\"211\"}','2017-05-31 20:32:31'),(445,'2017-05-31 20:33:05','1009','next_btn_click','{\"qid\":\"125\",\"sid\":\"211\"}','2017-05-31 20:32:32'),(446,'2017-05-31 20:33:05','1009','next_btn_click','{\"qid\":\"129\",\"sid\":\"211\"}','2017-05-31 20:32:33'),(447,'2017-05-31 20:33:05','1009','answer_option_selected','{\"qid\":\"131\",\"aid\":3,\"sid\":\"211\"}','2017-05-31 20:32:34'),(448,'2017-05-31 20:33:05','1009','next_btn_click','{\"qid\":\"131\",\"sid\":\"211\"}','2017-05-31 20:32:35'),(449,'2017-05-31 20:33:05','1009','answer_option_selected','{\"qid\":\"128\",\"aid\":3,\"sid\":\"211\"}','2017-05-31 20:32:35'),(450,'2017-05-31 20:33:05','1009','next_btn_click','{\"qid\":\"128\",\"sid\":\"211\"}','2017-05-31 20:32:36'),(451,'2017-05-31 20:33:05','1009','answer_option_selected','{\"qid\":\"127\",\"aid\":2,\"sid\":\"211\"}','2017-05-31 20:32:37'),(452,'2017-05-31 20:33:05','1009','next_btn_click','{\"qid\":\"127\",\"sid\":\"211\"}','2017-05-31 20:32:37'),(453,'2017-05-31 20:33:05','1009','answer_option_selected','{\"qid\":\"130\",\"aid\":3,\"sid\":\"211\"}','2017-05-31 20:32:38'),(454,'2017-05-31 20:33:05','1009','next_btn_click','{\"qid\":\"130\",\"sid\":\"211\"}','2017-05-31 20:32:39'),(455,'2017-05-31 20:33:05','1009','answer_option_selected','{\"qid\":\"126\",\"aid\":4,\"sid\":\"211\"}','2017-05-31 20:32:40'),(456,'2017-05-31 20:33:05','1009','next_btn_click','{\"qid\":\"126\",\"sid\":\"211\"}','2017-05-31 20:32:41'),(457,'2017-05-31 20:33:05','1009','answer_option_selected','{\"qid\":\"120\",\"aid\":4,\"sid\":\"211\"}','2017-05-31 20:32:46'),(458,'2017-05-31 20:33:05','1009','next_btn_click','{\"qid\":\"120\",\"sid\":\"211\"}','2017-05-31 20:32:46'),(459,'2017-05-31 20:33:05','1009','answer_option_selected','{\"qid\":\"121\",\"aid\":4,\"sid\":\"211\"}','2017-05-31 20:32:49'),(460,'2017-05-31 20:33:05','1009','next_btn_click','{\"qid\":\"121\",\"sid\":\"211\"}','2017-05-31 20:32:49'),(461,'2017-05-31 20:33:05','1009','answer_option_selected','{\"qid\":\"124\",\"aid\":3,\"sid\":\"211\"}','2017-05-31 20:32:50'),(462,'2017-05-31 20:33:05','1009','next_btn_click','{\"qid\":\"124\",\"sid\":\"211\"}','2017-05-31 20:32:51'),(463,'2017-05-31 20:33:05','1009','answer_option_selected','{\"qid\":\"122\",\"aid\":2,\"sid\":\"211\"}','2017-05-31 20:32:51'),(464,'2017-05-31 20:33:05','1009','next_btn_click','{\"qid\":\"122\",\"sid\":\"211\"}','2017-05-31 20:32:52'),(465,'2017-05-31 20:33:05','1009','answer_option_selected','{\"qid\":\"123\",\"aid\":4,\"sid\":\"211\"}','2017-05-31 20:32:57'),(466,'2017-05-31 20:33:05','1009','next_btn_click','{\"qid\":\"123\",\"sid\":\"211\"}','2017-05-31 20:32:57'),(467,'2017-05-31 20:33:05','1009','answer_option_selected','{\"qid\":\"119\",\"aid\":3,\"sid\":\"211\"}','2017-05-31 20:32:58'),(468,'2017-05-31 20:33:05','1009','next_btn_click','{\"qid\":\"119\",\"sid\":\"211\"}','2017-05-31 20:32:59'),(469,'2017-05-31 20:33:05','1009','answer_option_selected','{\"qid\":\"104\",\"aid\":108,\"sid\":\"211\"}','2017-05-31 20:33:07'),(470,'2017-05-31 20:33:05','1009','next_btn_click','{\"qid\":\"104\",\"sid\":\"211\"}','2017-05-31 20:33:07'),(471,'2017-05-31 20:33:05','1009','answer_option_selected','{\"qid\":\"107\",\"aid\":106,\"sid\":\"211\"}','2017-05-31 20:33:08'),(472,'2017-05-31 20:33:05','1009','next_btn_click','{\"qid\":\"107\",\"sid\":\"211\"}','2017-05-31 20:33:09'),(473,'2017-05-31 20:33:05','1009','answer_option_selected','{\"qid\":\"108\",\"aid\":106,\"sid\":\"211\"}','2017-05-31 20:33:10'),(474,'2017-05-31 20:33:05','1009','next_btn_click','{\"qid\":\"108\",\"sid\":\"211\"}','2017-05-31 20:33:11'),(475,'2017-05-31 20:33:05','1009','answer_option_selected','{\"qid\":\"110\",\"aid\":105,\"sid\":\"211\"}','2017-05-31 20:33:11'),(476,'2017-05-31 20:33:05','1009','next_btn_click','{\"qid\":\"110\",\"sid\":\"211\"}','2017-05-31 20:33:12'),(477,'2017-05-31 20:33:05','1009','answer_option_selected','{\"qid\":\"106\",\"aid\":107,\"sid\":\"211\"}','2017-05-31 20:33:13'),(478,'2017-05-31 20:33:05','1009','answer_option_selected','{\"qid\":\"106\",\"aid\":106,\"sid\":\"211\"}','2017-05-31 20:33:14'),(479,'2017-05-31 20:33:05','1009','next_btn_click','{\"qid\":\"106\",\"sid\":\"211\"}','2017-05-31 20:33:15'),(480,'2017-05-31 20:33:05','1009','answer_option_selected','{\"qid\":\"109\",\"aid\":105,\"sid\":\"211\"}','2017-05-31 20:33:15'),(481,'2017-05-31 20:33:05','1009','next_btn_click','{\"qid\":\"109\",\"sid\":\"211\"}','2017-05-31 20:33:16'),(482,'2017-05-31 20:33:05','1009','answer_option_selected','{\"qid\":\"105\",\"aid\":107,\"sid\":\"211\"}','2017-05-31 20:33:18'),(483,'2017-05-31 20:33:05','1009','next_btn_click','{\"qid\":\"105\",\"sid\":\"211\"}','2017-05-31 20:33:18'),(484,'2017-05-31 20:33:05','1009','activityinstanceresult_call','{\"sid\":\"211\"}','2017-05-31 20:33:24'),(485,'2017-05-31 20:33:05','1009','activityinstanceresult_call_success','{\"message\":\"SUCCESS\",\"sid\":\"211\"}','2017-05-31 20:33:25'),(486,'2017-06-01 06:11:47','1009','scheduledactivity_call','{}','2017-06-01 06:10:24'),(487,'2017-06-01 06:11:47','1009','scheduledactivity_call','{}','2017-06-01 06:10:41'),(488,'2017-06-01 06:11:47','1009','scheduledactivity_call_success','{\"activityCount\":1}','2017-06-01 06:10:42'),(489,'2017-06-01 06:11:47','1009','activityinstance_call','{\"activityInstanceId\":\"234\"}','2017-06-01 06:10:46'),(490,'2017-06-01 06:11:47','1009','activityinstance_call_success','{\"activityInstanceTitle\":\"Epilepsy Weekly Survey\",\"activityInstanceId\":\"234\"}','2017-06-01 06:10:48'),(491,'2017-06-01 06:11:47','1009','answer_option_selected','{\"qid\":\"111\",\"aid\":3,\"sid\":\"234\"}','2017-06-01 06:10:49'),(492,'2017-06-01 06:11:47','1009','next_btn_click','{\"qid\":\"111\",\"sid\":\"234\"}','2017-06-01 06:10:50'),(493,'2017-06-01 06:11:47','1009','answer_option_selected','{\"qid\":\"117\",\"aid\":4,\"sid\":\"234\"}','2017-06-01 06:10:54'),(494,'2017-06-01 06:11:47','1009','next_btn_click','{\"qid\":\"117\",\"sid\":\"234\"}','2017-06-01 06:10:54'),(495,'2017-06-01 06:11:47','1009','answer_option_selected','{\"qid\":\"115\",\"aid\":2,\"sid\":\"234\"}','2017-06-01 06:10:57'),(496,'2017-06-01 06:11:47','1009','next_btn_click','{\"qid\":\"115\",\"sid\":\"234\"}','2017-06-01 06:10:58'),(497,'2017-06-01 06:11:47','1009','answer_option_selected','{\"qid\":\"114\",\"aid\":3,\"sid\":\"234\"}','2017-06-01 06:10:58'),(498,'2017-06-01 06:11:47','1009','next_btn_click','{\"qid\":\"114\",\"sid\":\"234\"}','2017-06-01 06:10:59'),(499,'2017-06-01 06:11:47','1009','answer_option_selected','{\"qid\":\"118\",\"aid\":4,\"sid\":\"234\"}','2017-06-01 06:11:00'),(500,'2017-06-01 06:11:47','1009','next_btn_click','{\"qid\":\"118\",\"sid\":\"234\"}','2017-06-01 06:11:00'),(501,'2017-06-01 06:11:47','1009','answer_option_selected','{\"qid\":\"113\",\"aid\":1,\"sid\":\"234\"}','2017-06-01 06:11:02'),(502,'2017-06-01 06:11:47','1009','next_btn_click','{\"qid\":\"113\",\"sid\":\"234\"}','2017-06-01 06:11:03'),(503,'2017-06-01 06:11:47','1009','answer_option_selected','{\"qid\":\"112\",\"aid\":5,\"sid\":\"234\"}','2017-06-01 06:11:04'),(504,'2017-06-01 06:11:47','1009','next_btn_click','{\"qid\":\"112\",\"sid\":\"234\"}','2017-06-01 06:11:05'),(505,'2017-06-01 06:11:47','1009','answer_option_selected','{\"qid\":\"116\",\"aid\":1,\"sid\":\"234\"}','2017-06-01 06:11:07'),(506,'2017-06-01 06:11:47','1009','next_btn_click','{\"qid\":\"116\",\"sid\":\"234\"}','2017-06-01 06:11:08'),(507,'2017-06-01 06:11:47','1009','answer_option_selected','{\"qid\":\"124\",\"aid\":3,\"sid\":\"234\"}','2017-06-01 06:11:11'),(508,'2017-06-01 06:11:47','1009','next_btn_click','{\"qid\":\"124\",\"sid\":\"234\"}','2017-06-01 06:11:11'),(509,'2017-06-01 06:11:47','1009','answer_option_selected','{\"qid\":\"119\",\"aid\":4,\"sid\":\"234\"}','2017-06-01 06:11:12'),(510,'2017-06-01 06:11:47','1009','next_btn_click','{\"qid\":\"119\",\"sid\":\"234\"}','2017-06-01 06:11:13'),(511,'2017-06-01 06:11:47','1009','answer_option_selected','{\"qid\":\"122\",\"aid\":2,\"sid\":\"234\"}','2017-06-01 06:11:14'),(512,'2017-06-01 06:11:47','1009','next_btn_click','{\"qid\":\"122\",\"sid\":\"234\"}','2017-06-01 06:11:14'),(513,'2017-06-01 06:11:47','1009','answer_option_selected','{\"qid\":\"123\",\"aid\":1,\"sid\":\"234\"}','2017-06-01 06:11:15'),(514,'2017-06-01 06:11:47','1009','next_btn_click','{\"qid\":\"123\",\"sid\":\"234\"}','2017-06-01 06:11:16'),(515,'2017-06-01 06:11:47','1009','answer_option_selected','{\"qid\":\"120\",\"aid\":4,\"sid\":\"234\"}','2017-06-01 06:11:21'),(516,'2017-06-01 06:11:47','1009','next_btn_click','{\"qid\":\"120\",\"sid\":\"234\"}','2017-06-01 06:11:22'),(517,'2017-06-01 06:11:47','1009','answer_option_selected','{\"qid\":\"121\",\"aid\":2,\"sid\":\"234\"}','2017-06-01 06:11:23'),(518,'2017-06-01 06:11:47','1009','next_btn_click','{\"qid\":\"121\",\"sid\":\"234\"}','2017-06-01 06:11:24'),(519,'2017-06-01 06:11:47','1009','answer_option_selected','{\"qid\":\"104\",\"aid\":106,\"sid\":\"234\"}','2017-06-01 06:11:30'),(520,'2017-06-01 06:11:47','1009','next_btn_click','{\"qid\":\"104\",\"sid\":\"234\"}','2017-06-01 06:11:31'),(521,'2017-06-01 06:11:47','1009','answer_option_selected','{\"qid\":\"105\",\"aid\":105,\"sid\":\"234\"}','2017-06-01 06:11:32'),(522,'2017-06-01 06:11:47','1009','next_btn_click','{\"qid\":\"105\",\"sid\":\"234\"}','2017-06-01 06:11:32'),(523,'2017-06-01 06:11:47','1009','answer_option_selected','{\"qid\":\"107\",\"aid\":107,\"sid\":\"234\"}','2017-06-01 06:11:34'),(524,'2017-06-01 06:11:47','1009','next_btn_click','{\"qid\":\"107\",\"sid\":\"234\"}','2017-06-01 06:11:34'),(525,'2017-06-01 06:11:47','1009','answer_option_selected','{\"qid\":\"110\",\"aid\":105,\"sid\":\"234\"}','2017-06-01 06:11:35'),(526,'2017-06-01 06:11:47','1009','next_btn_click','{\"qid\":\"110\",\"sid\":\"234\"}','2017-06-01 06:11:35'),(527,'2017-06-01 06:11:47','1009','answer_option_selected','{\"qid\":\"108\",\"aid\":107,\"sid\":\"234\"}','2017-06-01 06:11:36'),(528,'2017-06-01 06:11:47','1009','next_btn_click','{\"qid\":\"108\",\"sid\":\"234\"}','2017-06-01 06:11:37'),(529,'2017-06-01 06:11:47','1009','answer_option_selected','{\"qid\":\"106\",\"aid\":105,\"sid\":\"234\"}','2017-06-01 06:11:37'),(530,'2017-06-01 06:11:47','1009','next_btn_click','{\"qid\":\"106\",\"sid\":\"234\"}','2017-06-01 06:11:38'),(531,'2017-06-01 06:11:47','1009','answer_option_selected','{\"qid\":\"109\",\"aid\":106,\"sid\":\"234\"}','2017-06-01 06:11:39'),(532,'2017-06-01 06:11:47','1009','next_btn_click','{\"qid\":\"109\",\"sid\":\"234\"}','2017-06-01 06:11:39'),(533,'2017-06-01 06:11:47','1009','answer_option_selected','{\"qid\":\"130\",\"aid\":2,\"sid\":\"234\"}','2017-06-01 06:11:40'),(534,'2017-06-01 06:11:47','1009','next_btn_click','{\"qid\":\"130\",\"sid\":\"234\"}','2017-06-01 06:11:41'),(535,'2017-06-01 06:11:47','1009','answer_option_selected','{\"qid\":\"129\",\"aid\":3,\"sid\":\"234\"}','2017-06-01 06:11:44'),(536,'2017-06-01 06:11:47','1009','next_btn_click','{\"qid\":\"129\",\"sid\":\"234\"}','2017-06-01 06:11:44'),(537,'2017-06-01 06:11:47','1009','answer_option_selected','{\"qid\":\"125\",\"aid\":2,\"sid\":\"234\"}','2017-06-01 06:11:45'),(538,'2017-06-01 06:11:47','1009','next_btn_click','{\"qid\":\"125\",\"sid\":\"234\"}','2017-06-01 06:11:46'),(539,'2017-06-01 06:11:47','1009','answer_option_selected','{\"qid\":\"131\",\"aid\":4,\"sid\":\"234\"}','2017-06-01 06:11:46'),(540,'2017-06-01 06:11:47','1009','next_btn_click','{\"qid\":\"131\",\"sid\":\"234\"}','2017-06-01 06:11:47'),(541,'2017-06-01 06:11:47','1009','answer_option_selected','{\"qid\":\"127\",\"aid\":2,\"sid\":\"234\"}','2017-06-01 06:11:48'),(542,'2017-06-01 06:11:47','1009','next_btn_click','{\"qid\":\"127\",\"sid\":\"234\"}','2017-06-01 06:11:48'),(543,'2017-06-01 06:11:47','1009','answer_option_selected','{\"qid\":\"126\",\"aid\":2,\"sid\":\"234\"}','2017-06-01 06:11:49'),(544,'2017-06-01 06:11:47','1009','next_btn_click','{\"qid\":\"126\",\"sid\":\"234\"}','2017-06-01 06:11:50'),(545,'2017-06-01 06:11:47','1009','answer_option_selected','{\"qid\":\"128\",\"aid\":4,\"sid\":\"234\"}','2017-06-01 06:11:51'),(546,'2017-06-01 06:11:47','1009','next_btn_click','{\"qid\":\"128\",\"sid\":\"234\"}','2017-06-01 06:11:52'),(547,'2017-06-01 06:11:47','1009','activityinstanceresult_call','{\"sid\":\"234\"}','2017-06-01 06:11:57'),(548,'2017-06-01 06:11:47','1009','activityinstanceresult_call_success','{\"message\":\"SUCCESS\",\"sid\":\"234\"}','2017-06-01 06:11:58'),(549,'2017-06-01 08:45:44','1009','appOnPause','{\"deviceType\":\"Android\",\"osVersion\":\"7.0\",\"nativeVersionCode\":4,\"nativeVersionName\":\"1.1.01302017-4\"}','2017-06-01 06:12:05'),(550,'2017-06-01 08:45:44','1009','appOnStop','{\"deviceType\":\"Android\",\"osVersion\":\"7.0\",\"nativeVersionCode\":4,\"nativeVersionName\":\"1.1.01302017-4\"}','2017-06-01 06:12:05'),(551,'2017-06-01 08:45:44','1009','appOnRestart','{\"deviceType\":\"Android\",\"osVersion\":\"7.0\",\"nativeVersionCode\":4,\"nativeVersionName\":\"1.1.01302017-4\"}','2017-06-01 07:28:38'),(552,'2017-06-01 08:45:44','1009','appOnStart','{\"deviceType\":\"Android\",\"osVersion\":\"7.0\",\"nativeVersionCode\":4,\"nativeVersionName\":\"1.1.01302017-4\"}','2017-06-01 07:28:38'),(553,'2017-06-01 08:45:44','1009','appOnResume','{\"deviceType\":\"Android\",\"osVersion\":\"7.0\",\"nativeVersionCode\":4,\"nativeVersionName\":\"1.1.01302017-4\"}','2017-06-01 07:28:38'),(554,'2017-06-01 08:45:44','1009','appOnPause','{\"deviceType\":\"Android\",\"osVersion\":\"7.0\",\"nativeVersionCode\":4,\"nativeVersionName\":\"1.1.01302017-4\"}','2017-06-01 07:28:42'),(555,'2017-06-01 08:45:44','1009','appOnStop','{\"deviceType\":\"Android\",\"osVersion\":\"7.0\",\"nativeVersionCode\":4,\"nativeVersionName\":\"1.1.01302017-4\"}','2017-06-01 07:28:42'),(556,'2017-06-01 08:45:44','1009','appOnRestart','{\"deviceType\":\"Android\",\"osVersion\":\"7.0\",\"nativeVersionCode\":4,\"nativeVersionName\":\"1.1.01302017-4\"}','2017-06-01 07:45:47'),(557,'2017-06-01 08:45:44','1009','appOnStart','{\"deviceType\":\"Android\",\"osVersion\":\"7.0\",\"nativeVersionCode\":4,\"nativeVersionName\":\"1.1.01302017-4\"}','2017-06-01 07:45:47'),(558,'2017-06-01 08:45:44','1009','appOnResume','{\"deviceType\":\"Android\",\"osVersion\":\"7.0\",\"nativeVersionCode\":4,\"nativeVersionName\":\"1.1.01302017-4\"}','2017-06-01 07:45:47'),(559,'2017-06-01 08:45:44','1009','appOnPause','{\"deviceType\":\"Android\",\"osVersion\":\"7.0\",\"nativeVersionCode\":4,\"nativeVersionName\":\"1.1.01302017-4\"}','2017-06-01 07:45:51'),(560,'2017-06-01 08:45:44','1009','appOnStop','{\"deviceType\":\"Android\",\"osVersion\":\"7.0\",\"nativeVersionCode\":4,\"nativeVersionName\":\"1.1.01302017-4\"}','2017-06-01 07:45:53'),(561,'2017-06-01 09:45:53','1009','notificationIssued','{\"type\":\"pending\"}','2017-06-01 08:46:00'),(562,'2017-06-01 10:40:44','1005','scheduledactivity_call','{}','2017-05-31 19:33:12'),(563,'2017-06-01 10:40:44','1004','scheduledactivity_call','{}','2017-05-31 19:34:39'),(564,'2017-06-01 10:40:44','1004','scheduledactivity_call_success','{\"activityCount\":5}','2017-05-31 19:34:41'),(565,'2017-06-01 10:40:44','1004','activityinstance_call','{\"activityInstanceId\":\"89\"}','2017-05-31 19:34:58'),(566,'2017-06-01 10:40:44','1004','activityinstance_call_success','{\"activityInstanceTitle\":\"Pattern-Comparison\",\"activityInstanceId\":\"89\"}','2017-05-31 19:35:00'),(567,'2017-06-01 10:40:44','1003','scheduledactivity_call','{}','2017-05-31 19:35:18'),(568,'2017-06-01 10:40:44','1003','scheduledactivity_call_success','{\"activityCount\":1}','2017-05-31 19:35:20'),(569,'2017-06-01 10:40:44','1003','scheduledactivity_call','{}','2017-05-31 19:35:31'),(570,'2017-06-01 10:40:44','1003','scheduledactivity_call_success','{\"activityCount\":1}','2017-05-31 19:35:33'),(571,'2017-06-01 10:40:44','1003','scheduledactivity_call','{}','2017-05-31 19:36:39'),(572,'2017-06-01 10:40:44','1003','scheduledactivity_call_success','{\"activityCount\":1}','2017-05-31 19:36:42'),(573,'2017-06-01 10:40:44','1009','scheduledactivity_call','{}','2017-05-31 19:48:44'),(574,'2017-06-01 10:40:44','1004','scheduledactivity_call','{}','2017-05-31 19:49:32'),(575,'2017-06-01 10:40:44','1001','scheduledactivity_call','{}','2017-05-31 20:09:00'),(576,'2017-06-01 10:40:44','1001','scheduledactivity_call_success','{\"activityCount\":0,\"message\":\"You don\'t have any activities due at this time. Please check again later.\"}','2017-05-31 20:09:00'),(577,'2017-06-01 10:40:44','1002','scheduledactivity_call','{}','2017-05-31 20:09:07'),(578,'2017-06-01 10:40:44','1002','scheduledactivity_call_success','{\"activityCount\":1}','2017-05-31 20:09:07'),(579,'2017-06-01 10:40:44','1003','scheduledactivity_call','{}','2017-05-31 20:09:14'),(580,'2017-06-01 10:40:44','1003','scheduledactivity_call_success','{\"activityCount\":1}','2017-05-31 20:09:15'),(581,'2017-06-01 10:40:44','1004','scheduledactivity_call','{}','2017-05-31 20:09:53'),(582,'2017-06-01 10:40:44','1004','scheduledactivity_call_success','{\"activityCount\":5}','2017-05-31 20:09:54'),(583,'2017-06-01 10:40:44','1009','scheduledactivity_call','{}','2017-05-31 20:19:43'),(584,'2017-06-01 10:40:44','1009','scheduledactivity_call_success','{\"activityCount\":7}','2017-05-31 20:19:44'),(585,'2017-06-01 10:40:44','1009','activityinstance_call','{\"activityInstanceId\":\"190\"}','2017-05-31 20:19:53'),(586,'2017-06-01 10:40:44','1009','activityinstance_call_success','{\"activityInstanceTitle\":\"Finger-Tapping\",\"activityInstanceId\":\"190\"}','2017-05-31 20:19:55'),(587,'2017-06-01 10:40:44','1009','scheduledactivity_call','{}','2017-05-31 20:25:05'),(588,'2017-06-01 10:40:44','1009','scheduledactivity_call_success','{\"activityCount\":3}','2017-05-31 20:25:06'),(589,'2017-06-01 10:40:44','1009','activityinstance_call','{\"activityInstanceId\":\"210\"}','2017-05-31 20:25:18'),(590,'2017-06-01 10:40:44','1009','activityinstance_call_success','{\"activityInstanceTitle\":\"Epilepsy Weekly Survey\",\"activityInstanceId\":\"210\"}','2017-05-31 20:25:23'),(591,'2017-06-01 10:40:44','1009','answer_option_selected','{\"qid\":\"130\",\"aid\":3,\"sid\":\"210\"}','2017-05-31 20:26:08'),(592,'2017-06-01 10:40:44','1009','next_btn_click','{\"qid\":\"130\",\"sid\":\"210\"}','2017-05-31 20:26:09'),(593,'2017-06-01 10:40:44','1009','answer_option_selected','{\"qid\":\"131\",\"aid\":1,\"sid\":\"210\"}','2017-05-31 20:26:43'),(594,'2017-06-01 10:40:44','1009','next_btn_click','{\"qid\":\"131\",\"sid\":\"210\"}','2017-05-31 20:26:44'),(595,'2017-06-01 10:40:44','1009','answer_option_selected','{\"qid\":\"126\",\"aid\":3,\"sid\":\"210\"}','2017-05-31 20:26:45'),(596,'2017-06-01 10:40:44','1009','next_btn_click','{\"qid\":\"126\",\"sid\":\"210\"}','2017-05-31 20:26:50'),(597,'2017-06-01 10:40:44','1009','previous_btn_click','{\"qid\":\"126\",\"sid\":\"210\"}','2017-05-31 20:27:02'),(598,'2017-06-01 10:40:44','1009','previous_btn_click','{\"qid\":\"131\",\"sid\":\"210\"}','2017-05-31 20:27:03'),(599,'2017-06-01 10:40:44','1009','previous_btn_click','{\"qid\":\"130\",\"sid\":\"210\"}','2017-05-31 20:27:04'),(600,'2017-06-01 10:40:44','1009','next_btn_click','{\"qid\":\"130\",\"sid\":\"210\"}','2017-05-31 20:27:06'),(601,'2017-06-01 10:40:44','1009','next_btn_click','{\"qid\":\"131\",\"sid\":\"210\"}','2017-05-31 20:27:06'),(602,'2017-06-01 10:40:44','1009','next_btn_click','{\"qid\":\"126\",\"sid\":\"210\"}','2017-05-31 20:27:07'),(603,'2017-06-01 10:40:44','1009','answer_option_selected','{\"qid\":\"129\",\"aid\":5,\"sid\":\"210\"}','2017-05-31 20:27:08'),(604,'2017-06-01 10:40:44','1009','next_btn_click','{\"qid\":\"129\",\"sid\":\"210\"}','2017-05-31 20:27:09'),(605,'2017-06-01 10:40:44','1009','answer_option_selected','{\"qid\":\"127\",\"aid\":5,\"sid\":\"210\"}','2017-05-31 20:27:12'),(606,'2017-06-01 10:40:44','1009','next_btn_click','{\"qid\":\"127\",\"sid\":\"210\"}','2017-05-31 20:27:14'),(607,'2017-06-01 10:40:44','1009','answer_option_selected','{\"qid\":\"128\",\"aid\":3,\"sid\":\"210\"}','2017-05-31 20:27:16'),(608,'2017-06-01 10:40:44','1009','next_btn_click','{\"qid\":\"128\",\"sid\":\"210\"}','2017-05-31 20:27:19'),(609,'2017-06-01 10:40:44','1009','answer_option_selected','{\"qid\":\"125\",\"aid\":2,\"sid\":\"210\"}','2017-05-31 20:27:22'),(610,'2017-06-01 10:40:44','1009','next_btn_click','{\"qid\":\"125\",\"sid\":\"210\"}','2017-05-31 20:27:23'),(611,'2017-06-01 10:40:44','1009','answer_option_selected','{\"qid\":\"121\",\"aid\":4,\"sid\":\"210\"}','2017-05-31 20:27:37'),(612,'2017-06-01 10:40:44','1009','next_btn_click','{\"qid\":\"121\",\"sid\":\"210\"}','2017-05-31 20:27:38'),(613,'2017-06-01 10:40:44','1009','answer_option_selected','{\"qid\":\"123\",\"aid\":4,\"sid\":\"210\"}','2017-05-31 20:27:39'),(614,'2017-06-01 10:40:44','1009','next_btn_click','{\"qid\":\"123\",\"sid\":\"210\"}','2017-05-31 20:27:40'),(615,'2017-06-01 10:40:44','1009','answer_option_selected','{\"qid\":\"122\",\"aid\":4,\"sid\":\"210\"}','2017-05-31 20:27:40'),(616,'2017-06-01 10:40:44','1009','next_btn_click','{\"qid\":\"122\",\"sid\":\"210\"}','2017-05-31 20:27:41'),(617,'2017-06-01 10:40:44','1009','answer_option_selected','{\"qid\":\"124\",\"aid\":4,\"sid\":\"210\"}','2017-05-31 20:27:42'),(618,'2017-06-01 10:40:44','1009','next_btn_click','{\"qid\":\"124\",\"sid\":\"210\"}','2017-05-31 20:27:43'),(619,'2017-06-01 10:40:44','1009','answer_option_selected','{\"qid\":\"120\",\"aid\":3,\"sid\":\"210\"}','2017-05-31 20:27:47'),(620,'2017-06-01 10:40:44','1009','next_btn_click','{\"qid\":\"120\",\"sid\":\"210\"}','2017-05-31 20:27:48'),(621,'2017-06-01 10:40:44','1009','answer_option_selected','{\"qid\":\"119\",\"aid\":3,\"sid\":\"210\"}','2017-05-31 20:27:50'),(622,'2017-06-01 10:40:44','1009','next_btn_click','{\"qid\":\"119\",\"sid\":\"210\"}','2017-05-31 20:27:54'),(623,'2017-06-01 10:40:44','1009','answer_option_selected','{\"qid\":\"116\",\"aid\":4,\"sid\":\"210\"}','2017-05-31 20:28:38'),(624,'2017-06-01 10:40:44','1009','next_btn_click','{\"qid\":\"116\",\"sid\":\"210\"}','2017-05-31 20:28:39'),(625,'2017-06-01 10:40:44','1009','answer_option_selected','{\"qid\":\"111\",\"aid\":4,\"sid\":\"210\"}','2017-05-31 20:28:42'),(626,'2017-06-01 10:40:44','1009','next_btn_click','{\"qid\":\"111\",\"sid\":\"210\"}','2017-05-31 20:28:42'),(627,'2017-06-01 10:40:44','1009','answer_option_selected','{\"qid\":\"112\",\"aid\":5,\"sid\":\"210\"}','2017-05-31 20:28:45'),(628,'2017-06-01 10:40:44','1009','next_btn_click','{\"qid\":\"112\",\"sid\":\"210\"}','2017-05-31 20:28:46'),(629,'2017-06-01 10:40:44','1009','answer_option_selected','{\"qid\":\"118\",\"aid\":3,\"sid\":\"210\"}','2017-05-31 20:28:58'),(630,'2017-06-01 10:40:44','1009','previous_btn_click','{\"qid\":\"112\",\"sid\":\"210\"}','2017-05-31 20:28:59'),(631,'2017-06-01 10:40:44','1009','next_btn_click','{\"qid\":\"112\",\"sid\":\"210\"}','2017-05-31 20:29:00'),(632,'2017-06-01 10:40:44','1009','next_btn_click','{\"qid\":\"118\",\"sid\":\"210\"}','2017-05-31 20:29:01'),(633,'2017-06-01 10:40:44','1009','answer_option_selected','{\"qid\":\"114\",\"aid\":3,\"sid\":\"210\"}','2017-05-31 20:29:07'),(634,'2017-06-01 10:40:44','1009','next_btn_click','{\"qid\":\"114\",\"sid\":\"210\"}','2017-05-31 20:29:08'),(635,'2017-06-01 10:40:44','1009','answer_option_selected','{\"qid\":\"115\",\"aid\":4,\"sid\":\"210\"}','2017-05-31 20:29:09'),(636,'2017-06-01 10:40:44','1009','next_btn_click','{\"qid\":\"115\",\"sid\":\"210\"}','2017-05-31 20:29:09'),(637,'2017-06-01 10:40:44','1009','answer_option_selected','{\"qid\":\"113\",\"aid\":2,\"sid\":\"210\"}','2017-05-31 20:29:11'),(638,'2017-06-01 10:40:44','1009','next_btn_click','{\"qid\":\"113\",\"sid\":\"210\"}','2017-05-31 20:29:12'),(639,'2017-06-01 10:40:44','1009','answer_option_selected','{\"qid\":\"117\",\"aid\":5,\"sid\":\"210\"}','2017-05-31 20:29:16'),(640,'2017-06-01 10:40:44','1009','next_btn_click','{\"qid\":\"117\",\"sid\":\"210\"}','2017-05-31 20:29:23'),(641,'2017-06-01 10:40:44','1009','answer_option_selected','{\"qid\":\"106\",\"aid\":105,\"sid\":\"210\"}','2017-05-31 20:29:53'),(642,'2017-06-01 10:40:44','1009','next_btn_click','{\"qid\":\"106\",\"sid\":\"210\"}','2017-05-31 20:29:54'),(643,'2017-06-01 10:40:44','1009','answer_option_selected','{\"qid\":\"108\",\"aid\":106,\"sid\":\"210\"}','2017-05-31 20:29:55'),(644,'2017-06-01 10:40:44','1009','next_btn_click','{\"qid\":\"108\",\"sid\":\"210\"}','2017-05-31 20:29:55'),(645,'2017-06-01 10:40:44','1009','answer_option_selected','{\"qid\":\"104\",\"aid\":106,\"sid\":\"210\"}','2017-05-31 20:29:56'),(646,'2017-06-01 10:40:44','1009','next_btn_click','{\"qid\":\"104\",\"sid\":\"210\"}','2017-05-31 20:29:57'),(647,'2017-06-01 10:40:44','1009','answer_option_selected','{\"qid\":\"107\",\"aid\":107,\"sid\":\"210\"}','2017-05-31 20:30:07'),(648,'2017-06-01 10:40:44','1009','next_btn_click','{\"qid\":\"107\",\"sid\":\"210\"}','2017-05-31 20:30:19'),(649,'2017-06-01 10:40:44','1009','answer_option_selected','{\"qid\":\"105\",\"aid\":108,\"sid\":\"210\"}','2017-05-31 20:30:22'),(650,'2017-06-01 10:40:44','1009','next_btn_click','{\"qid\":\"105\",\"sid\":\"210\"}','2017-05-31 20:30:23'),(651,'2017-06-01 10:40:44','1009','answer_option_selected','{\"qid\":\"109\",\"aid\":104,\"sid\":\"210\"}','2017-05-31 20:30:25'),(652,'2017-06-01 10:40:44','1009','next_btn_click','{\"qid\":\"109\",\"sid\":\"210\"}','2017-05-31 20:30:27'),(653,'2017-06-01 10:40:44','1009','answer_option_selected','{\"qid\":\"110\",\"aid\":108,\"sid\":\"210\"}','2017-05-31 20:30:28'),(654,'2017-06-01 10:40:44','1009','next_btn_click','{\"qid\":\"110\",\"sid\":\"210\"}','2017-05-31 20:30:29'),(655,'2017-06-01 10:40:44','1009','activityinstanceresult_call','{\"sid\":\"210\"}','2017-05-31 20:30:40'),(656,'2017-06-01 10:40:44','1009','activityinstanceresult_call_success','{\"message\":\"SUCCESS\",\"sid\":\"210\"}','2017-05-31 20:30:41'),(657,'2017-06-01 10:40:44','1009','scheduledactivity_call','{}','2017-05-31 20:30:42'),(658,'2017-06-01 10:40:44','1009','scheduledactivity_call_success','{\"activityCount\":2}','2017-05-31 20:30:42'),(659,'2017-06-01 10:40:44','1009','activityinstance_call','{\"activityInstanceId\":\"212\"}','2017-05-31 20:30:49'),(660,'2017-06-01 10:40:44','1009','activityinstance_call_success','{\"activityInstanceTitle\":\"Epilepsy Weekly Survey\",\"activityInstanceId\":\"212\"}','2017-05-31 20:30:51'),(661,'2017-06-01 10:40:44','1009','answer_option_selected','{\"qid\":\"130\",\"aid\":2,\"sid\":\"212\"}','2017-05-31 20:30:56'),(662,'2017-06-01 10:40:44','1009','next_btn_click','{\"qid\":\"130\",\"sid\":\"212\"}','2017-05-31 20:30:57'),(663,'2017-06-01 10:40:44','1009','answer_option_selected','{\"qid\":\"125\",\"aid\":3,\"sid\":\"212\"}','2017-05-31 20:30:57'),(664,'2017-06-01 10:40:44','1009','next_btn_click','{\"qid\":\"125\",\"sid\":\"212\"}','2017-05-31 20:30:58'),(665,'2017-06-01 10:40:44','1009','answer_option_selected','{\"qid\":\"131\",\"aid\":4,\"sid\":\"212\"}','2017-05-31 20:30:58'),(666,'2017-06-01 10:40:44','1009','next_btn_click','{\"qid\":\"131\",\"sid\":\"212\"}','2017-05-31 20:30:59'),(667,'2017-06-01 10:40:44','1009','answer_option_selected','{\"qid\":\"129\",\"aid\":4,\"sid\":\"212\"}','2017-05-31 20:30:59'),(668,'2017-06-01 10:40:44','1009','next_btn_click','{\"qid\":\"129\",\"sid\":\"212\"}','2017-05-31 20:31:00'),(669,'2017-06-01 10:40:44','1009','answer_option_selected','{\"qid\":\"128\",\"aid\":3,\"sid\":\"212\"}','2017-05-31 20:31:00'),(670,'2017-06-01 10:40:44','1009','next_btn_click','{\"qid\":\"128\",\"sid\":\"212\"}','2017-05-31 20:31:01'),(671,'2017-06-01 10:40:44','1009','answer_option_selected','{\"qid\":\"126\",\"aid\":3,\"sid\":\"212\"}','2017-05-31 20:31:02'),(672,'2017-06-01 10:40:44','1009','next_btn_click','{\"qid\":\"126\",\"sid\":\"212\"}','2017-05-31 20:31:02'),(673,'2017-06-01 10:40:44','1009','answer_option_selected','{\"qid\":\"127\",\"aid\":4,\"sid\":\"212\"}','2017-05-31 20:31:03'),(674,'2017-06-01 10:40:44','1009','next_btn_click','{\"qid\":\"127\",\"sid\":\"212\"}','2017-05-31 20:31:04'),(675,'2017-06-01 10:40:44','1009','answer_option_selected','{\"qid\":\"109\",\"aid\":107,\"sid\":\"212\"}','2017-05-31 20:31:08'),(676,'2017-06-01 10:40:44','1009','next_btn_click','{\"qid\":\"109\",\"sid\":\"212\"}','2017-05-31 20:31:08'),(677,'2017-06-01 10:40:44','1009','answer_option_selected','{\"qid\":\"104\",\"aid\":108,\"sid\":\"212\"}','2017-05-31 20:31:10'),(678,'2017-06-01 10:40:44','1009','next_btn_click','{\"qid\":\"104\",\"sid\":\"212\"}','2017-05-31 20:31:11'),(679,'2017-06-01 10:40:44','1009','answer_option_selected','{\"qid\":\"105\",\"aid\":107,\"sid\":\"212\"}','2017-05-31 20:31:11'),(680,'2017-06-01 10:40:44','1009','next_btn_click','{\"qid\":\"105\",\"sid\":\"212\"}','2017-05-31 20:31:12'),(681,'2017-06-01 10:40:44','1009','answer_option_selected','{\"qid\":\"110\",\"aid\":106,\"sid\":\"212\"}','2017-05-31 20:31:12'),(682,'2017-06-01 10:40:44','1009','next_btn_click','{\"qid\":\"110\",\"sid\":\"212\"}','2017-05-31 20:31:13'),(683,'2017-06-01 10:40:44','1009','answer_option_selected','{\"qid\":\"107\",\"aid\":106,\"sid\":\"212\"}','2017-05-31 20:31:14'),(684,'2017-06-01 10:40:44','1009','next_btn_click','{\"qid\":\"107\",\"sid\":\"212\"}','2017-05-31 20:31:14'),(685,'2017-06-01 10:40:44','1009','answer_option_selected','{\"qid\":\"106\",\"aid\":107,\"sid\":\"212\"}','2017-05-31 20:31:15'),(686,'2017-06-01 10:40:44','1009','next_btn_click','{\"qid\":\"106\",\"sid\":\"212\"}','2017-05-31 20:31:16'),(687,'2017-06-01 10:40:44','1009','answer_option_selected','{\"qid\":\"108\",\"aid\":106,\"sid\":\"212\"}','2017-05-31 20:31:17'),(688,'2017-06-01 10:40:44','1009','next_btn_click','{\"qid\":\"108\",\"sid\":\"212\"}','2017-05-31 20:31:19'),(689,'2017-06-01 10:40:44','1009','answer_option_selected','{\"qid\":\"122\",\"aid\":2,\"sid\":\"212\"}','2017-05-31 20:31:20'),(690,'2017-06-01 10:40:44','1009','next_btn_click','{\"qid\":\"122\",\"sid\":\"212\"}','2017-05-31 20:31:21'),(691,'2017-06-01 10:40:44','1009','answer_option_selected','{\"qid\":\"121\",\"aid\":4,\"sid\":\"212\"}','2017-05-31 20:31:22'),(692,'2017-06-01 10:40:44','1009','next_btn_click','{\"qid\":\"121\",\"sid\":\"212\"}','2017-05-31 20:31:22'),(693,'2017-06-01 10:40:44','1009','answer_option_selected','{\"qid\":\"123\",\"aid\":3,\"sid\":\"212\"}','2017-05-31 20:31:23'),(694,'2017-06-01 10:40:44','1009','next_btn_click','{\"qid\":\"123\",\"sid\":\"212\"}','2017-05-31 20:31:24'),(695,'2017-06-01 10:40:44','1009','answer_option_selected','{\"qid\":\"124\",\"aid\":3,\"sid\":\"212\"}','2017-05-31 20:31:24'),(696,'2017-06-01 10:40:44','1009','next_btn_click','{\"qid\":\"124\",\"sid\":\"212\"}','2017-05-31 20:31:25'),(697,'2017-06-01 10:40:44','1009','answer_option_selected','{\"qid\":\"120\",\"aid\":4,\"sid\":\"212\"}','2017-05-31 20:31:26'),(698,'2017-06-01 10:40:44','1009','next_btn_click','{\"qid\":\"120\",\"sid\":\"212\"}','2017-05-31 20:31:27'),(699,'2017-06-01 10:40:44','1009','answer_option_selected','{\"qid\":\"119\",\"aid\":3,\"sid\":\"212\"}','2017-05-31 20:31:27'),(700,'2017-06-01 10:40:44','1009','next_btn_click','{\"qid\":\"119\",\"sid\":\"212\"}','2017-05-31 20:31:28'),(701,'2017-06-01 10:40:44','1009','answer_option_selected','{\"qid\":\"113\",\"aid\":2,\"sid\":\"212\"}','2017-05-31 20:31:29'),(702,'2017-06-01 10:40:44','1009','next_btn_click','{\"qid\":\"113\",\"sid\":\"212\"}','2017-05-31 20:31:30'),(703,'2017-06-01 10:40:44','1009','answer_option_selected','{\"qid\":\"114\",\"aid\":3,\"sid\":\"212\"}','2017-05-31 20:31:31'),(704,'2017-06-01 10:40:44','1009','next_btn_click','{\"qid\":\"114\",\"sid\":\"212\"}','2017-05-31 20:31:32'),(705,'2017-06-01 10:40:44','1009','answer_option_selected','{\"qid\":\"117\",\"aid\":4,\"sid\":\"212\"}','2017-05-31 20:31:34'),(706,'2017-06-01 10:40:44','1009','next_btn_click','{\"qid\":\"117\",\"sid\":\"212\"}','2017-05-31 20:31:36'),(707,'2017-06-01 10:40:44','1009','answer_option_selected','{\"qid\":\"112\",\"aid\":3,\"sid\":\"212\"}','2017-05-31 20:31:40'),(708,'2017-06-01 10:40:44','1009','next_btn_click','{\"qid\":\"112\",\"sid\":\"212\"}','2017-05-31 20:31:40'),(709,'2017-06-01 10:40:44','1009','answer_option_selected','{\"qid\":\"116\",\"aid\":4,\"sid\":\"212\"}','2017-05-31 20:31:41'),(710,'2017-06-01 10:40:44','1009','next_btn_click','{\"qid\":\"116\",\"sid\":\"212\"}','2017-05-31 20:31:42'),(711,'2017-06-01 10:40:44','1009','answer_option_selected','{\"qid\":\"115\",\"aid\":3,\"sid\":\"212\"}','2017-05-31 20:31:42'),(712,'2017-06-01 10:40:44','1009','next_btn_click','{\"qid\":\"115\",\"sid\":\"212\"}','2017-05-31 20:31:43'),(713,'2017-06-01 10:40:44','1009','answer_option_selected','{\"qid\":\"118\",\"aid\":3,\"sid\":\"212\"}','2017-05-31 20:31:43'),(714,'2017-06-01 10:40:44','1009','next_btn_click','{\"qid\":\"118\",\"sid\":\"212\"}','2017-05-31 20:31:44'),(715,'2017-06-01 10:40:44','1009','answer_option_selected','{\"qid\":\"111\",\"aid\":5,\"sid\":\"212\"}','2017-05-31 20:31:49'),(716,'2017-06-01 10:40:44','1009','next_btn_click','{\"qid\":\"111\",\"sid\":\"212\"}','2017-05-31 20:31:49'),(717,'2017-06-01 10:40:44','1009','activityinstanceresult_call','{\"sid\":\"212\"}','2017-05-31 20:31:54'),(718,'2017-06-01 10:40:44','1009','activityinstanceresult_call_success','{\"message\":\"SUCCESS\",\"sid\":\"212\"}','2017-05-31 20:31:55'),(719,'2017-06-01 10:40:44','1009','scheduledactivity_call','{}','2017-05-31 20:31:56'),(720,'2017-06-01 10:40:44','1009','scheduledactivity_call_success','{\"activityCount\":1}','2017-05-31 20:31:56'),(721,'2017-06-01 10:40:44','1009','activityinstance_call','{\"activityInstanceId\":\"211\"}','2017-05-31 20:31:58'),(722,'2017-06-01 10:40:44','1009','activityinstance_call_success','{\"activityInstanceTitle\":\"Epilepsy Weekly Survey\",\"activityInstanceId\":\"211\"}','2017-05-31 20:32:01'),(723,'2017-06-01 10:40:44','1009','answer_option_selected','{\"qid\":\"118\",\"aid\":3,\"sid\":\"211\"}','2017-05-31 20:32:10'),(724,'2017-06-01 10:40:44','1009','next_btn_click','{\"qid\":\"118\",\"sid\":\"211\"}','2017-05-31 20:32:11'),(725,'2017-06-01 10:40:44','1009','answer_option_selected','{\"qid\":\"117\",\"aid\":3,\"sid\":\"211\"}','2017-05-31 20:32:11'),(726,'2017-06-01 10:40:44','1009','next_btn_click','{\"qid\":\"117\",\"sid\":\"211\"}','2017-05-31 20:32:12'),(727,'2017-06-01 10:40:44','1009','previous_btn_click','{\"qid\":\"117\",\"sid\":\"211\"}','2017-05-31 20:32:12'),(728,'2017-06-01 10:40:44','1009','next_btn_click','{\"qid\":\"117\",\"sid\":\"211\"}','2017-05-31 20:32:13'),(729,'2017-06-01 10:40:44','1009','answer_option_selected','{\"qid\":\"112\",\"aid\":3,\"sid\":\"211\"}','2017-05-31 20:32:13'),(730,'2017-06-01 10:40:44','1009','next_btn_click','{\"qid\":\"112\",\"sid\":\"211\"}','2017-05-31 20:32:14'),(731,'2017-06-01 10:40:44','1009','answer_option_selected','{\"qid\":\"111\",\"aid\":3,\"sid\":\"211\"}','2017-05-31 20:32:15'),(732,'2017-06-01 10:40:44','1009','next_btn_click','{\"qid\":\"111\",\"sid\":\"211\"}','2017-05-31 20:32:15'),(733,'2017-06-01 10:40:44','1009','answer_option_selected','{\"qid\":\"113\",\"aid\":2,\"sid\":\"211\"}','2017-05-31 20:32:16'),(734,'2017-06-01 10:40:44','1009','next_btn_click','{\"qid\":\"113\",\"sid\":\"211\"}','2017-05-31 20:32:17'),(735,'2017-06-01 10:40:44','1009','answer_option_selected','{\"qid\":\"114\",\"aid\":4,\"sid\":\"211\"}','2017-05-31 20:32:18'),(736,'2017-06-01 10:40:44','1009','next_btn_click','{\"qid\":\"114\",\"sid\":\"211\"}','2017-05-31 20:32:18'),(737,'2017-06-01 10:40:44','1009','answer_option_selected','{\"qid\":\"115\",\"aid\":4,\"sid\":\"211\"}','2017-05-31 20:32:19'),(738,'2017-06-01 10:40:44','1009','next_btn_click','{\"qid\":\"115\",\"sid\":\"211\"}','2017-05-31 20:32:20'),(739,'2017-06-01 10:40:44','1009','answer_option_selected','{\"qid\":\"116\",\"aid\":3,\"sid\":\"211\"}','2017-05-31 20:32:21'),(740,'2017-06-01 10:40:44','1009','next_btn_click','{\"qid\":\"116\",\"sid\":\"211\"}','2017-05-31 20:32:22'),(741,'2017-06-01 10:40:44','1009','answer_option_selected','{\"qid\":\"125\",\"aid\":4,\"sid\":\"211\"}','2017-05-31 20:32:25'),(742,'2017-06-01 10:40:44','1009','next_btn_click','{\"qid\":\"125\",\"sid\":\"211\"}','2017-05-31 20:32:26'),(743,'2017-06-01 10:40:44','1009','answer_option_selected','{\"qid\":\"129\",\"aid\":4,\"sid\":\"211\"}','2017-05-31 20:32:26'),(744,'2017-06-01 10:40:44','1009','next_btn_click','{\"qid\":\"129\",\"sid\":\"211\"}','2017-05-31 20:32:27'),(745,'2017-06-01 10:40:44','1009','previous_btn_click','{\"qid\":\"129\",\"sid\":\"211\"}','2017-05-31 20:32:28'),(746,'2017-06-01 10:40:44','1009','previous_btn_click','{\"qid\":\"125\",\"sid\":\"211\"}','2017-05-31 20:32:29'),(747,'2017-06-01 10:40:44','1009','previous_btn_click','{\"qid\":\"116\",\"sid\":\"211\"}','2017-05-31 20:32:29'),(748,'2017-06-01 10:40:44','1009','previous_btn_click','{\"qid\":\"115\",\"sid\":\"211\"}','2017-05-31 20:32:29'),(749,'2017-06-01 10:40:44','1009','previous_btn_click','{\"qid\":\"114\",\"sid\":\"211\"}','2017-05-31 20:32:29'),(750,'2017-06-01 10:40:44','1009','next_btn_click','{\"qid\":\"114\",\"sid\":\"211\"}','2017-05-31 20:32:30'),(751,'2017-06-01 10:40:44','1009','next_btn_click','{\"qid\":\"115\",\"sid\":\"211\"}','2017-05-31 20:32:30'),(752,'2017-06-01 10:40:44','1009','next_btn_click','{\"qid\":\"116\",\"sid\":\"211\"}','2017-05-31 20:32:31'),(753,'2017-06-01 10:40:44','1009','answer_option_selected','{\"qid\":\"125\",\"aid\":3,\"sid\":\"211\"}','2017-05-31 20:32:31'),(754,'2017-06-01 10:40:44','1009','next_btn_click','{\"qid\":\"125\",\"sid\":\"211\"}','2017-05-31 20:32:32'),(755,'2017-06-01 10:40:44','1009','next_btn_click','{\"qid\":\"129\",\"sid\":\"211\"}','2017-05-31 20:32:33'),(756,'2017-06-01 10:40:44','1009','answer_option_selected','{\"qid\":\"131\",\"aid\":3,\"sid\":\"211\"}','2017-05-31 20:32:34'),(757,'2017-06-01 10:40:44','1009','next_btn_click','{\"qid\":\"131\",\"sid\":\"211\"}','2017-05-31 20:32:35'),(758,'2017-06-01 10:40:44','1009','answer_option_selected','{\"qid\":\"128\",\"aid\":3,\"sid\":\"211\"}','2017-05-31 20:32:35'),(759,'2017-06-01 10:40:44','1009','next_btn_click','{\"qid\":\"128\",\"sid\":\"211\"}','2017-05-31 20:32:36'),(760,'2017-06-01 10:40:44','1009','answer_option_selected','{\"qid\":\"127\",\"aid\":2,\"sid\":\"211\"}','2017-05-31 20:32:37'),(761,'2017-06-01 10:40:44','1009','next_btn_click','{\"qid\":\"127\",\"sid\":\"211\"}','2017-05-31 20:32:37'),(762,'2017-06-01 10:40:44','1009','answer_option_selected','{\"qid\":\"130\",\"aid\":3,\"sid\":\"211\"}','2017-05-31 20:32:38'),(763,'2017-06-01 10:40:44','1009','next_btn_click','{\"qid\":\"130\",\"sid\":\"211\"}','2017-05-31 20:32:39'),(764,'2017-06-01 10:40:44','1009','answer_option_selected','{\"qid\":\"126\",\"aid\":4,\"sid\":\"211\"}','2017-05-31 20:32:40'),(765,'2017-06-01 10:40:44','1009','next_btn_click','{\"qid\":\"126\",\"sid\":\"211\"}','2017-05-31 20:32:41'),(766,'2017-06-01 10:40:44','1009','answer_option_selected','{\"qid\":\"120\",\"aid\":4,\"sid\":\"211\"}','2017-05-31 20:32:46'),(767,'2017-06-01 10:40:44','1009','next_btn_click','{\"qid\":\"120\",\"sid\":\"211\"}','2017-05-31 20:32:46'),(768,'2017-06-01 10:40:44','1009','answer_option_selected','{\"qid\":\"121\",\"aid\":4,\"sid\":\"211\"}','2017-05-31 20:32:49'),(769,'2017-06-01 10:40:44','1009','next_btn_click','{\"qid\":\"121\",\"sid\":\"211\"}','2017-05-31 20:32:49'),(770,'2017-06-01 10:40:44','1009','answer_option_selected','{\"qid\":\"124\",\"aid\":3,\"sid\":\"211\"}','2017-05-31 20:32:50'),(771,'2017-06-01 10:40:44','1009','next_btn_click','{\"qid\":\"124\",\"sid\":\"211\"}','2017-05-31 20:32:51'),(772,'2017-06-01 10:40:44','1009','answer_option_selected','{\"qid\":\"122\",\"aid\":2,\"sid\":\"211\"}','2017-05-31 20:32:51'),(773,'2017-06-01 10:40:44','1009','next_btn_click','{\"qid\":\"122\",\"sid\":\"211\"}','2017-05-31 20:32:52'),(774,'2017-06-01 10:40:44','1009','answer_option_selected','{\"qid\":\"123\",\"aid\":4,\"sid\":\"211\"}','2017-05-31 20:32:57'),(775,'2017-06-01 10:40:44','1009','next_btn_click','{\"qid\":\"123\",\"sid\":\"211\"}','2017-05-31 20:32:57'),(776,'2017-06-01 10:40:44','1009','answer_option_selected','{\"qid\":\"119\",\"aid\":3,\"sid\":\"211\"}','2017-05-31 20:32:58'),(777,'2017-06-01 10:40:44','1009','next_btn_click','{\"qid\":\"119\",\"sid\":\"211\"}','2017-05-31 20:32:59'),(778,'2017-06-01 10:40:44','1009','answer_option_selected','{\"qid\":\"104\",\"aid\":108,\"sid\":\"211\"}','2017-05-31 20:33:07'),(779,'2017-06-01 10:40:44','1009','next_btn_click','{\"qid\":\"104\",\"sid\":\"211\"}','2017-05-31 20:33:07'),(780,'2017-06-01 10:40:44','1009','answer_option_selected','{\"qid\":\"107\",\"aid\":106,\"sid\":\"211\"}','2017-05-31 20:33:08'),(781,'2017-06-01 10:40:44','1009','next_btn_click','{\"qid\":\"107\",\"sid\":\"211\"}','2017-05-31 20:33:09'),(782,'2017-06-01 10:40:44','1009','answer_option_selected','{\"qid\":\"108\",\"aid\":106,\"sid\":\"211\"}','2017-05-31 20:33:10'),(783,'2017-06-01 10:40:44','1009','next_btn_click','{\"qid\":\"108\",\"sid\":\"211\"}','2017-05-31 20:33:11'),(784,'2017-06-01 10:40:44','1009','answer_option_selected','{\"qid\":\"110\",\"aid\":105,\"sid\":\"211\"}','2017-05-31 20:33:11'),(785,'2017-06-01 10:40:44','1009','next_btn_click','{\"qid\":\"110\",\"sid\":\"211\"}','2017-05-31 20:33:12'),(786,'2017-06-01 10:40:44','1009','answer_option_selected','{\"qid\":\"106\",\"aid\":107,\"sid\":\"211\"}','2017-05-31 20:33:13'),(787,'2017-06-01 10:40:44','1009','answer_option_selected','{\"qid\":\"106\",\"aid\":106,\"sid\":\"211\"}','2017-05-31 20:33:14'),(788,'2017-06-01 10:40:44','1009','next_btn_click','{\"qid\":\"106\",\"sid\":\"211\"}','2017-05-31 20:33:15'),(789,'2017-06-01 10:40:44','1009','answer_option_selected','{\"qid\":\"109\",\"aid\":105,\"sid\":\"211\"}','2017-05-31 20:33:15'),(790,'2017-06-01 10:40:44','1009','next_btn_click','{\"qid\":\"109\",\"sid\":\"211\"}','2017-05-31 20:33:16'),(791,'2017-06-01 10:40:44','1009','answer_option_selected','{\"qid\":\"105\",\"aid\":107,\"sid\":\"211\"}','2017-05-31 20:33:18'),(792,'2017-06-01 10:40:44','1009','next_btn_click','{\"qid\":\"105\",\"sid\":\"211\"}','2017-05-31 20:33:18'),(793,'2017-06-01 10:40:44','1009','activityinstanceresult_call','{\"sid\":\"211\"}','2017-05-31 20:33:24'),(794,'2017-06-01 10:40:44','1009','activityinstanceresult_call_success','{\"message\":\"SUCCESS\",\"sid\":\"211\"}','2017-05-31 20:33:25'),(795,'2017-06-01 10:40:44','1009','scheduledactivity_call','{}','2017-05-31 20:33:26'),(796,'2017-06-01 10:40:44','1009','scheduledactivity_call_success','{\"activityCount\":0,\"message\":\"You don\'t have any activities due at this time. Please check again later.\"}','2017-05-31 20:33:26'),(797,'2017-06-01 10:40:44','1010','scheduledactivity_call','{}','2017-05-31 20:35:24'),(798,'2017-06-01 10:40:44','1010','scheduledactivity_call_success','{\"activityCount\":5}','2017-05-31 20:35:24'),(799,'2017-06-01 10:40:44','1010','scheduledactivity_call','{}','2017-05-31 20:36:35'),(800,'2017-06-01 10:40:44','1010','scheduledactivity_call_success','{\"activityCount\":4}','2017-05-31 20:36:35'),(801,'2017-06-01 10:40:44','1010','scheduledactivity_call','{}','2017-05-31 20:37:09'),(802,'2017-06-01 10:40:44','1010','scheduledactivity_call_success','{\"activityCount\":3}','2017-05-31 20:37:10'),(803,'2017-06-01 10:40:44','1010','scheduledactivity_call','{}','2017-05-31 20:38:52'),(804,'2017-06-01 10:40:44','1010','scheduledactivity_call_success','{\"activityCount\":2}','2017-05-31 20:38:57'),(805,'2017-06-01 10:40:44','1010','scheduledactivity_call','{}','2017-05-31 20:39:38'),(806,'2017-06-01 10:40:44','1010','scheduledactivity_call_success','{\"activityCount\":1}','2017-05-31 20:39:39'),(807,'2017-06-01 10:40:44','1010','activityinstance_call','{\"activityInstanceId\":\"217\"}','2017-05-31 20:39:41'),(808,'2017-06-01 10:40:44','1010','activityinstance_call','{\"activityInstanceId\":\"217\"}','2017-05-31 20:41:53'),(809,'2017-06-01 10:40:44','1009','scheduledactivity_call','{}','2017-05-31 20:44:23'),(810,'2017-06-01 10:40:44','1009','scheduledactivity_call_success','{\"activityCount\":0,\"message\":\"You don\'t have any activities due at this time. Please check again later.\"}','2017-05-31 20:44:23'),(811,'2017-06-01 10:40:44','1009','scheduledactivity_call','{}','2017-05-31 20:44:57'),(812,'2017-06-01 10:40:44','1009','scheduledactivity_call_success','{\"activityCount\":0,\"message\":\"You don\'t have any activities due at this time. Please check again later.\"}','2017-05-31 20:44:58'),(813,'2017-06-01 10:40:44','1009','scheduledactivity_call','{}','2017-06-01 06:03:47'),(814,'2017-06-01 10:40:44','1009','scheduledactivity_call_success','{\"activityCount\":0,\"message\":\"You don\'t have any activities due at this time. Please check again later.\"}','2017-06-01 06:03:48'),(815,'2017-06-01 10:40:44','1009','scheduledactivity_call','{}','2017-06-01 06:04:18'),(816,'2017-06-01 10:40:44','1009','scheduledactivity_call_success','{\"activityCount\":0,\"message\":\"You don\'t have any activities due at this time. Please check again later.\"}','2017-06-01 06:04:19'),(817,'2017-06-01 10:40:44','1009','scheduledactivity_call','{}','2017-06-01 06:04:32'),(818,'2017-06-01 10:40:44','1009','scheduledactivity_call_success','{\"activityCount\":0,\"message\":\"You don\'t have any activities due at this time. Please check again later.\"}','2017-06-01 06:04:33'),(819,'2017-06-01 10:40:44','1009','scheduledactivity_call','{}','2017-06-01 06:09:27'),(820,'2017-06-01 10:40:44','1009','scheduledactivity_call_success','{\"activityCount\":1}','2017-06-01 06:09:28'),(821,'2017-06-01 10:40:44','1004','scheduledactivity_call','{}','2017-06-01 10:37:07'),(822,'2017-06-01 10:40:44','1004','scheduledactivity_call_success','{\"activityCount\":1}','2017-06-01 10:37:08'),(823,'2017-06-01 10:40:44','1004','activityinstance_call','{\"activityInstanceId\":\"93\"}','2017-06-01 10:37:09'),(824,'2017-06-01 10:40:44','1009','scheduledactivity_call','{}','2017-06-01 10:37:30'),(825,'2017-06-01 10:40:44','1009','scheduledactivity_call_success','{\"activityCount\":1}','2017-06-01 10:37:31'),(826,'2017-06-01 10:40:44','1009','activityinstance_call','{\"activityInstanceId\":\"235\"}','2017-06-01 10:37:32'),(827,'2017-06-01 10:40:44','1009','activityinstance_call_success','{\"activityInstanceTitle\":\"Epilepsy Weekly Survey\",\"activityInstanceId\":\"235\"}','2017-06-01 10:37:34'),(828,'2017-06-01 10:40:44','1009','answer_option_selected','{\"qid\":\"119\",\"aid\":3,\"sid\":\"235\"}','2017-06-01 10:38:00'),(829,'2017-06-01 10:40:44','1009','next_btn_click','{\"qid\":\"119\",\"sid\":\"235\"}','2017-06-01 10:38:01'),(830,'2017-06-01 10:40:44','1009','answer_option_selected','{\"qid\":\"123\",\"aid\":3,\"sid\":\"235\"}','2017-06-01 10:38:02'),(831,'2017-06-01 10:40:44','1009','next_btn_click','{\"qid\":\"123\",\"sid\":\"235\"}','2017-06-01 10:38:03'),(832,'2017-06-01 10:40:44','1009','answer_option_selected','{\"qid\":\"124\",\"aid\":2,\"sid\":\"235\"}','2017-06-01 10:38:04'),(833,'2017-06-01 10:40:44','1009','next_btn_click','{\"qid\":\"124\",\"sid\":\"235\"}','2017-06-01 10:38:05'),(834,'2017-06-01 10:40:44','1009','answer_option_selected','{\"qid\":\"121\",\"aid\":3,\"sid\":\"235\"}','2017-06-01 10:38:08'),(835,'2017-06-01 10:40:44','1009','next_btn_click','{\"qid\":\"121\",\"sid\":\"235\"}','2017-06-01 10:38:09'),(836,'2017-06-01 10:40:44','1009','answer_option_selected','{\"qid\":\"120\",\"aid\":3,\"sid\":\"235\"}','2017-06-01 10:38:11'),(837,'2017-06-01 10:40:44','1009','next_btn_click','{\"qid\":\"120\",\"sid\":\"235\"}','2017-06-01 10:38:13'),(838,'2017-06-01 10:40:44','1009','answer_option_selected','{\"qid\":\"122\",\"aid\":4,\"sid\":\"235\"}','2017-06-01 10:38:19'),(839,'2017-06-01 10:40:44','1009','next_btn_click','{\"qid\":\"122\",\"sid\":\"235\"}','2017-06-01 10:38:20'),(840,'2017-06-01 10:40:44','1009','answer_option_selected','{\"qid\":\"130\",\"aid\":4,\"sid\":\"235\"}','2017-06-01 10:38:26'),(841,'2017-06-01 10:40:44','1009','next_btn_click','{\"qid\":\"130\",\"sid\":\"235\"}','2017-06-01 10:38:26'),(842,'2017-06-01 10:40:44','1009','answer_option_selected','{\"qid\":\"128\",\"aid\":3,\"sid\":\"235\"}','2017-06-01 10:38:27'),(843,'2017-06-01 10:40:44','1009','next_btn_click','{\"qid\":\"128\",\"sid\":\"235\"}','2017-06-01 10:38:28'),(844,'2017-06-01 10:40:44','1009','answer_option_selected','{\"qid\":\"129\",\"aid\":2,\"sid\":\"235\"}','2017-06-01 10:38:29'),(845,'2017-06-01 10:40:44','1009','next_btn_click','{\"qid\":\"129\",\"sid\":\"235\"}','2017-06-01 10:38:30'),(846,'2017-06-01 10:40:44','1009','answer_option_selected','{\"qid\":\"125\",\"aid\":3,\"sid\":\"235\"}','2017-06-01 10:38:31'),(847,'2017-06-01 10:40:44','1009','next_btn_click','{\"qid\":\"125\",\"sid\":\"235\"}','2017-06-01 10:38:32'),(848,'2017-06-01 10:40:44','1009','answer_option_selected','{\"qid\":\"131\",\"aid\":2,\"sid\":\"235\"}','2017-06-01 10:38:33'),(849,'2017-06-01 10:40:44','1009','next_btn_click','{\"qid\":\"131\",\"sid\":\"235\"}','2017-06-01 10:38:34'),(850,'2017-06-01 10:40:44','1009','answer_option_selected','{\"qid\":\"126\",\"aid\":2,\"sid\":\"235\"}','2017-06-01 10:38:36'),(851,'2017-06-01 10:40:44','1009','next_btn_click','{\"qid\":\"126\",\"sid\":\"235\"}','2017-06-01 10:38:37'),(852,'2017-06-01 10:40:44','1009','answer_option_selected','{\"qid\":\"127\",\"aid\":5,\"sid\":\"235\"}','2017-06-01 10:38:38'),(853,'2017-06-01 10:40:44','1009','next_btn_click','{\"qid\":\"127\",\"sid\":\"235\"}','2017-06-01 10:38:39'),(854,'2017-06-01 10:40:44','1009','answer_option_selected','{\"qid\":\"110\",\"aid\":105,\"sid\":\"235\"}','2017-06-01 10:38:59'),(855,'2017-06-01 10:40:44','1009','next_btn_click','{\"qid\":\"110\",\"sid\":\"235\"}','2017-06-01 10:39:02'),(856,'2017-06-01 10:40:44','1009','answer_option_selected','{\"qid\":\"104\",\"aid\":107,\"sid\":\"235\"}','2017-06-01 10:39:03'),(857,'2017-06-01 10:40:44','1009','next_btn_click','{\"qid\":\"104\",\"sid\":\"235\"}','2017-06-01 10:39:04'),(858,'2017-06-01 10:40:44','1009','answer_option_selected','{\"qid\":\"107\",\"aid\":105,\"sid\":\"235\"}','2017-06-01 10:39:05'),(859,'2017-06-01 10:40:44','1009','next_btn_click','{\"qid\":\"107\",\"sid\":\"235\"}','2017-06-01 10:39:06'),(860,'2017-06-01 10:40:44','1009','answer_option_selected','{\"qid\":\"108\",\"aid\":106,\"sid\":\"235\"}','2017-06-01 10:39:08'),(861,'2017-06-01 10:40:44','1009','next_btn_click','{\"qid\":\"108\",\"sid\":\"235\"}','2017-06-01 10:39:09'),(862,'2017-06-01 10:40:44','1009','answer_option_selected','{\"qid\":\"105\",\"aid\":105,\"sid\":\"235\"}','2017-06-01 10:39:10'),(863,'2017-06-01 10:40:44','1009','next_btn_click','{\"qid\":\"105\",\"sid\":\"235\"}','2017-06-01 10:39:11'),(864,'2017-06-01 10:40:44','1009','answer_option_selected','{\"qid\":\"109\",\"aid\":104,\"sid\":\"235\"}','2017-06-01 10:39:13'),(865,'2017-06-01 10:40:44','1009','next_btn_click','{\"qid\":\"109\",\"sid\":\"235\"}','2017-06-01 10:39:15'),(866,'2017-06-01 10:40:44','1009','answer_option_selected','{\"qid\":\"106\",\"aid\":107,\"sid\":\"235\"}','2017-06-01 10:39:16'),(867,'2017-06-01 10:40:44','1009','next_btn_click','{\"qid\":\"106\",\"sid\":\"235\"}','2017-06-01 10:39:17'),(868,'2017-06-01 10:40:44','1009','answer_option_selected','{\"qid\":\"118\",\"aid\":2,\"sid\":\"235\"}','2017-06-01 10:40:19'),(869,'2017-06-01 10:40:44','1009','next_btn_click','{\"qid\":\"118\",\"sid\":\"235\"}','2017-06-01 10:40:21'),(870,'2017-06-01 10:40:44','1009','answer_option_selected','{\"qid\":\"113\",\"aid\":2,\"sid\":\"235\"}','2017-06-01 10:40:23'),(871,'2017-06-01 10:40:44','1009','next_btn_click','{\"qid\":\"113\",\"sid\":\"235\"}','2017-06-01 10:40:24'),(872,'2017-06-01 10:40:44','1009','answer_option_selected','{\"qid\":\"114\",\"aid\":3,\"sid\":\"235\"}','2017-06-01 10:40:24'),(873,'2017-06-01 10:40:44','1009','next_btn_click','{\"qid\":\"114\",\"sid\":\"235\"}','2017-06-01 10:40:26'),(874,'2017-06-01 10:40:44','1009','answer_option_selected','{\"qid\":\"115\",\"aid\":4,\"sid\":\"235\"}','2017-06-01 10:40:26'),(875,'2017-06-01 10:40:44','1009','next_btn_click','{\"qid\":\"115\",\"sid\":\"235\"}','2017-06-01 10:40:27'),(876,'2017-06-01 10:40:44','1009','answer_option_selected','{\"qid\":\"117\",\"aid\":2,\"sid\":\"235\"}','2017-06-01 10:40:39'),(877,'2017-06-01 10:40:44','1009','next_btn_click','{\"qid\":\"117\",\"sid\":\"235\"}','2017-06-01 10:40:40'),(878,'2017-06-01 10:40:44','1009','answer_option_selected','{\"qid\":\"111\",\"aid\":2,\"sid\":\"235\"}','2017-06-01 10:40:42'),(879,'2017-06-01 10:40:44','1009','next_btn_click','{\"qid\":\"111\",\"sid\":\"235\"}','2017-06-01 10:40:43'),(880,'2017-06-01 10:40:44','1009','answer_option_selected','{\"qid\":\"116\",\"aid\":1,\"sid\":\"235\"}','2017-06-01 10:40:45'),(881,'2017-06-01 10:40:44','1009','next_btn_click','{\"qid\":\"116\",\"sid\":\"235\"}','2017-06-01 10:40:46'),(882,'2017-06-01 10:40:44','1009','answer_option_selected','{\"qid\":\"112\",\"aid\":1,\"sid\":\"235\"}','2017-06-01 10:40:51'),(883,'2017-06-01 10:40:44','1009','next_btn_click','{\"qid\":\"112\",\"sid\":\"235\"}','2017-06-01 10:40:55'),(884,'2017-06-01 10:40:44','1009','activityinstanceresult_call','{\"sid\":\"235\"}','2017-06-01 10:41:01'),(885,'2017-06-01 10:40:44','1009','activityinstanceresult_call_success','{\"message\":\"SUCCESS\",\"sid\":\"235\"}','2017-06-01 10:41:02'),(886,'2017-06-01 15:29:47','1009','appOnStart','{\"deviceType\":\"Android\",\"osVersion\":\"7.0\",\"nativeVersionCode\":4,\"nativeVersionName\":\"1.1.01302017-4\"}','2017-06-01 10:04:02'),(887,'2017-06-01 15:29:47','1009','appOnResume','{\"deviceType\":\"Android\",\"osVersion\":\"7.0\",\"nativeVersionCode\":4,\"nativeVersionName\":\"1.1.01302017-4\"}','2017-06-01 10:04:02'),(888,'2017-06-01 15:29:47','1009','appOnPause','{\"deviceType\":\"Android\",\"osVersion\":\"7.0\",\"nativeVersionCode\":4,\"nativeVersionName\":\"1.1.01302017-4\"}','2017-06-01 10:04:10'),(889,'2017-06-01 15:29:47','1009','appOnStop','{\"deviceType\":\"Android\",\"osVersion\":\"7.0\",\"nativeVersionCode\":4,\"nativeVersionName\":\"1.1.01302017-4\"}','2017-06-01 10:04:10'),(890,'2017-06-01 15:29:47','1009','appOnRestart','{\"deviceType\":\"Android\",\"osVersion\":\"7.0\",\"nativeVersionCode\":4,\"nativeVersionName\":\"1.1.01302017-4\"}','2017-06-01 10:05:27'),(891,'2017-06-01 15:29:47','1009','appOnStart','{\"deviceType\":\"Android\",\"osVersion\":\"7.0\",\"nativeVersionCode\":4,\"nativeVersionName\":\"1.1.01302017-4\"}','2017-06-01 10:05:27'),(892,'2017-06-01 15:29:47','1009','appOnResume','{\"deviceType\":\"Android\",\"osVersion\":\"7.0\",\"nativeVersionCode\":4,\"nativeVersionName\":\"1.1.01302017-4\"}','2017-06-01 10:05:27'),(893,'2017-06-01 15:29:47','1009','appOnPause','{\"deviceType\":\"Android\",\"osVersion\":\"7.0\",\"nativeVersionCode\":4,\"nativeVersionName\":\"1.1.01302017-4\"}','2017-06-01 10:05:29'),(894,'2017-06-01 15:29:47','1009','appOnStop','{\"deviceType\":\"Android\",\"osVersion\":\"7.0\",\"nativeVersionCode\":4,\"nativeVersionName\":\"1.1.01302017-4\"}','2017-06-01 10:05:29'),(895,'2017-06-01 15:29:47','1009','appOnRestart','{\"deviceType\":\"Android\",\"osVersion\":\"7.0\",\"nativeVersionCode\":4,\"nativeVersionName\":\"1.1.01302017-4\"}','2017-06-01 10:36:00'),(896,'2017-06-01 15:29:47','1009','appOnStart','{\"deviceType\":\"Android\",\"osVersion\":\"7.0\",\"nativeVersionCode\":4,\"nativeVersionName\":\"1.1.01302017-4\"}','2017-06-01 10:36:00'),(897,'2017-06-01 15:29:47','1009','appOnResume','{\"deviceType\":\"Android\",\"osVersion\":\"7.0\",\"nativeVersionCode\":4,\"nativeVersionName\":\"1.1.01302017-4\"}','2017-06-01 10:36:00'),(898,'2017-06-01 15:29:47','1004','appOnPause','{\"deviceType\":\"Android\",\"osVersion\":\"7.0\",\"nativeVersionCode\":4,\"nativeVersionName\":\"1.1.01302017-4\"}','2017-06-01 10:42:32'),(899,'2017-06-01 15:29:47','1004','appOnStop','{\"deviceType\":\"Android\",\"osVersion\":\"7.0\",\"nativeVersionCode\":4,\"nativeVersionName\":\"1.1.01302017-4\"}','2017-06-01 10:42:32'),(900,'2017-06-01 15:29:47','1004','appOnRestart','{\"deviceType\":\"Android\",\"osVersion\":\"7.0\",\"nativeVersionCode\":4,\"nativeVersionName\":\"1.1.01302017-4\"}','2017-06-01 10:49:18'),(901,'2017-06-01 15:29:47','1004','appOnStart','{\"deviceType\":\"Android\",\"osVersion\":\"7.0\",\"nativeVersionCode\":4,\"nativeVersionName\":\"1.1.01302017-4\"}','2017-06-01 10:49:18'),(902,'2017-06-01 15:29:47','1004','appOnResume','{\"deviceType\":\"Android\",\"osVersion\":\"7.0\",\"nativeVersionCode\":4,\"nativeVersionName\":\"1.1.01302017-4\"}','2017-06-01 10:49:18'),(903,'2017-06-01 15:29:47','1004','appOnPause','{\"deviceType\":\"Android\",\"osVersion\":\"7.0\",\"nativeVersionCode\":4,\"nativeVersionName\":\"1.1.01302017-4\"}','2017-06-01 10:59:34'),(904,'2017-06-01 15:29:47','1004','appOnStop','{\"deviceType\":\"Android\",\"osVersion\":\"7.0\",\"nativeVersionCode\":4,\"nativeVersionName\":\"1.1.01302017-4\"}','2017-06-01 10:59:34'),(905,'2017-06-01 15:29:47','1004','appOnRestart','{\"deviceType\":\"Android\",\"osVersion\":\"7.0\",\"nativeVersionCode\":4,\"nativeVersionName\":\"1.1.01302017-4\"}','2017-06-01 11:29:52'),(906,'2017-06-01 15:29:47','1004','appOnStart','{\"deviceType\":\"Android\",\"osVersion\":\"7.0\",\"nativeVersionCode\":4,\"nativeVersionName\":\"1.1.01302017-4\"}','2017-06-01 11:29:52'),(907,'2017-06-01 15:29:47','1004','appOnResume','{\"deviceType\":\"Android\",\"osVersion\":\"7.0\",\"nativeVersionCode\":4,\"nativeVersionName\":\"1.1.01302017-4\"}','2017-06-01 11:29:52'),(908,'2017-06-01 15:29:47','1004','appOnPause','{\"deviceType\":\"Android\",\"osVersion\":\"7.0\",\"nativeVersionCode\":4,\"nativeVersionName\":\"1.1.01302017-4\"}','2017-06-01 11:29:56'),(909,'2017-06-01 15:29:47','1004','appOnStop','{\"deviceType\":\"Android\",\"osVersion\":\"7.0\",\"nativeVersionCode\":4,\"nativeVersionName\":\"1.1.01302017-4\"}','2017-06-01 11:29:56'),(910,'2017-06-01 18:30:25','1004','notificationIssued','{\"type\":\"inProgress\"}','2017-06-01 15:30:03'),(911,'2017-06-01 19:30:07','1004','notificationIssued','{\"type\":\"inProgress\"}','2017-06-01 18:30:41'),(912,'2017-06-01 21:30:01','1004','notificationIssued','{\"type\":\"inProgress\"}','2017-06-01 19:30:23'),(913,'2017-06-01 22:30:27','1004','notificationIssued','{\"type\":\"inProgress\"}','2017-06-01 21:30:17'),(914,'2017-06-01 23:29:41','1004','notificationIssued','{\"type\":\"inProgress\"}','2017-06-01 22:30:42'),(915,'2017-06-02 00:29:47','1004','notificationIssued','{\"type\":\"inProgress\"}','2017-06-01 23:29:57'),(916,'2017-06-02 01:30:26','1004','notificationIssued','{\"type\":\"inProgress\"}','2017-06-02 00:30:03'),(917,'2017-06-02 02:30:23','1004','notificationIssued','{\"type\":\"inProgress\"}','2017-06-02 01:30:42'),(918,'2017-06-02 03:30:25','1004','notificationIssued','{\"type\":\"inProgress\"}','2017-06-02 02:30:39'),(919,'2017-06-02 04:30:04','1004','notificationIssued','{\"type\":\"inProgress\"}','2017-06-02 03:30:41'),(920,'2017-06-02 05:30:15','1004','notificationIssued','{\"type\":\"inProgress\"}','2017-06-02 04:30:20'),(921,'2017-06-02 08:29:42','1004','notificationIssued','{\"type\":\"inProgress\"}','2017-06-02 05:30:31'),(922,'2017-06-02 09:30:18','1004','notificationIssued','{\"type\":\"inProgress\"}','2017-06-02 08:29:58'),(923,'2017-06-02 10:29:51','1004','notificationIssued','{\"type\":\"inProgress\"}','2017-06-02 09:30:34'),(924,'2017-06-02 11:29:42','1004','notificationIssued','{\"type\":\"inProgress\"}','2017-06-02 10:30:07'),(925,'2017-06-02 14:29:47','1004','notificationIssued','{\"type\":\"inProgress\"}','2017-06-02 11:29:57'),(926,'2017-06-02 17:29:47','1004','notificationIssued','{\"type\":\"inProgress\"}','2017-06-02 14:30:03'),(927,'2017-06-02 18:29:48','1004','notificationIssued','{\"type\":\"inProgress\"}','2017-06-02 17:30:03'),(928,'2017-06-02 22:30:23','1004','notificationIssued','{\"type\":\"inProgress\"}','2017-06-02 18:30:04'),(929,'2017-06-03 03:36:11','1004','notificationIssued','{\"type\":\"inProgress\"}','2017-06-02 22:30:39'),(930,'2017-06-03 05:30:20','1004','notificationIssued','{\"type\":\"inProgress\"}','2017-06-03 03:36:27'),(931,'2017-06-03 07:30:13','1004','notificationIssued','{\"type\":\"inProgress\"}','2017-06-03 05:30:36'),(932,'2017-06-03 08:30:15','1004','notificationIssued','{\"type\":\"inProgress\"}','2017-06-03 07:30:29'),(933,'2017-06-03 09:29:40','1004','notificationIssued','{\"type\":\"inProgress\"}','2017-06-03 08:30:32'),(934,'2017-06-03 11:29:46','1004','notificationIssued','{\"type\":\"inProgress\"}','2017-06-03 09:29:57'),(935,'2017-06-03 15:30:45','1004','notificationIssued','{\"type\":\"inProgress\"}','2017-06-03 11:30:03'),(936,'2017-06-03 16:29:42','1004','notificationIssued','{\"type\":\"inProgress\"}','2017-06-03 15:31:02'),(937,'2017-06-03 19:29:42','1004','notificationIssued','{\"type\":\"inProgress\"}','2017-06-03 16:29:59'),(938,'2017-06-03 21:29:46','1004','notificationIssued','{\"type\":\"inProgress\"}','2017-06-03 19:29:59'),(939,'2017-06-04 01:14:26','1004','notificationIssued','{\"type\":\"inProgress\"}','2017-06-03 21:30:03'),(940,'2017-06-04 04:19:47','1004','notificationIssued','{\"type\":\"inProgress\"}','2017-06-04 01:14:43'),(941,'2017-06-04 04:29:47','1004','notificationIssued','{\"type\":\"inProgress\"}','2017-06-04 04:20:04'),(942,'2017-06-04 07:15:13','1004','notificationIssued','{\"type\":\"inProgress\"}','2017-06-04 04:30:05'),(943,'2017-06-04 08:29:54','1004','notificationIssued','{\"type\":\"inProgress\"}','2017-06-04 07:15:30'),(944,'2017-06-04 09:30:07','1004','notificationIssued','{\"type\":\"inProgress\"}','2017-06-04 08:30:12'),(945,'2017-06-04 10:29:40','1004','notificationIssued','{\"type\":\"inProgress\"}','2017-06-04 09:30:24'),(946,'2017-06-04 11:29:55','1004','notificationIssued','{\"type\":\"inProgress\"}','2017-06-04 10:29:57'),(947,'2017-06-04 12:29:40','1004','notificationIssued','{\"type\":\"inProgress\"}','2017-06-04 11:30:12'),(948,'2017-06-04 13:30:22','1004','notificationIssued','{\"type\":\"inProgress\"}','2017-06-04 12:29:57'),(949,'2017-06-04 14:30:16','1004','notificationIssued','{\"type\":\"inProgress\"}','2017-06-04 13:30:39'),(950,'2017-06-04 15:30:16','1004','notificationIssued','{\"type\":\"inProgress\"}','2017-06-04 14:30:33'),(951,'2017-06-04 16:29:42','1004','notificationIssued','{\"type\":\"inProgress\"}','2017-06-04 15:30:33'),(952,'2017-06-04 17:30:11','1004','notificationIssued','{\"type\":\"inProgress\"}','2017-06-04 16:29:59'),(953,'2017-06-04 20:42:29','1004','notificationIssued','{\"type\":\"inProgress\"}','2017-06-04 17:30:28'),(954,'2017-06-04 22:30:29','1004','notificationIssued','{\"type\":\"inProgress\"}','2017-06-04 20:42:47'),(955,'2017-06-05 04:09:55','1004','notificationIssued','{\"type\":\"inProgress\"}','2017-06-04 22:30:47'),(956,'2017-06-05 05:44:55','1004','notificationIssued','{\"type\":\"inProgress\"}','2017-06-05 04:10:12'),(957,'2017-06-05 06:29:40','1004','notificationIssued','{\"type\":\"inProgress\"}','2017-06-05 05:45:13'),(958,'2017-06-05 09:30:10','1004','notificationIssued','{\"type\":\"inProgress\"}','2017-06-05 06:29:57'),(959,'2017-06-05 10:29:55','1004','notificationIssued','{\"type\":\"inProgress\"}','2017-06-05 09:30:27'),(960,'2017-06-05 12:47:16','1004','appOnStart','{\"deviceType\":\"Android\",\"osVersion\":\"7.0\",\"nativeVersionCode\":4,\"nativeVersionName\":\"1.1.01302017-4\"}','2017-06-05 10:46:42'),(961,'2017-06-05 12:47:16','1004','appOnResume','{\"deviceType\":\"Android\",\"osVersion\":\"7.0\",\"nativeVersionCode\":4,\"nativeVersionName\":\"1.1.01302017-4\"}','2017-06-05 10:46:42'),(962,'2017-06-05 12:47:16','1004','appOnPause','{\"deviceType\":\"Android\",\"osVersion\":\"7.0\",\"nativeVersionCode\":4,\"nativeVersionName\":\"1.1.01302017-4\"}','2017-06-05 10:46:46'),(963,'2017-06-05 12:47:16','1004','appOnStop','{\"deviceType\":\"Android\",\"osVersion\":\"7.0\",\"nativeVersionCode\":4,\"nativeVersionName\":\"1.1.01302017-4\"}','2017-06-05 10:46:46'),(964,'2017-06-05 12:47:16','1004','appOnDestroy','{\"deviceType\":\"Android\",\"osVersion\":\"7.0\",\"nativeVersionCode\":4,\"nativeVersionName\":\"1.1.01302017-4\"}','2017-06-05 10:46:48'),(965,'2017-06-05 13:46:52','1004','notificationIssued','{\"type\":\"inProgress\"}','2017-06-05 12:47:33'),(966,'2017-06-05 15:47:13','1004','notificationIssued','{\"type\":\"inProgress\"}','2017-06-05 13:47:09'),(967,'2017-06-05 17:46:49','1004','notificationIssued','{\"type\":\"inProgress\"}','2017-06-05 15:47:30'),(968,'2017-06-05 18:46:50','1004','notificationIssued','{\"type\":\"inProgress\"}','2017-06-05 17:47:06'),(969,'2017-06-05 19:46:30','1004','notificationIssued','{\"type\":\"inProgress\"}','2017-06-05 18:47:07'),(970,'2017-06-05 20:46:43','1004','notificationIssued','{\"type\":\"inProgress\"}','2017-06-05 19:46:48'),(971,'2017-06-05 21:47:17','1004','notificationIssued','{\"type\":\"inProgress\"}','2017-06-05 20:47:00'),(972,'2017-06-05 22:46:33','1004','notificationIssued','{\"type\":\"inProgress\"}','2017-06-05 21:47:35'),(973,'2017-06-05 23:46:46','1004','notificationIssued','{\"type\":\"inProgress\"}','2017-06-05 22:46:50'),(974,'2017-06-06 00:47:11','1004','notificationIssued','{\"type\":\"inProgress\"}','2017-06-05 23:47:03'),(975,'2017-06-06 01:46:31','1004','notificationIssued','{\"type\":\"inProgress\"}','2017-06-06 00:47:28'),(976,'2017-06-06 02:46:32','1004','notificationIssued','{\"type\":\"inProgress\"}','2017-06-06 01:46:48'),(977,'2017-06-06 03:46:32','1004','notificationIssued','{\"type\":\"inProgress\"}','2017-06-06 02:46:49'),(978,'2017-06-06 05:47:48','1004','notificationIssued','{\"type\":\"inProgress\"}','2017-06-06 03:46:49'),(979,'2017-06-06 15:40:56','1004','notificationIssued','{\"type\":\"inProgress\"}','2017-06-06 05:48:05'),(980,'2017-06-06 17:40:21','1004','notificationIssued','{\"type\":\"inProgress\"}','2017-06-06 15:41:10'),(981,'2017-06-06 18:39:43','1004','notificationIssued','{\"type\":\"inProgress\"}','2017-06-06 17:40:35'),(982,'2017-06-06 19:39:30','1004','notificationIssued','{\"type\":\"inProgress\"}','2017-06-06 18:39:57'),(983,'2017-06-06 20:39:44','1004','notificationIssued','{\"type\":\"inProgress\"}','2017-06-06 19:39:43'),(984,'2017-06-06 21:39:50','1004','notificationIssued','{\"type\":\"inProgress\"}','2017-06-06 20:39:58'),(985,'2017-06-06 22:39:44','1004','notificationIssued','{\"type\":\"inProgress\"}','2017-06-06 21:40:04'),(986,'2017-06-06 23:39:33','1004','notificationIssued','{\"type\":\"inProgress\"}','2017-06-06 22:39:58'),(987,'2017-06-07 00:39:40','1004','notificationIssued','{\"type\":\"inProgress\"}','2017-06-06 23:39:47'),(988,'2017-06-07 01:40:31','1004','notificationIssued','{\"type\":\"pending\"}','2017-06-07 00:39:54'),(989,'2017-06-07 15:04:52','1004','appOnStart','{\"deviceType\":\"Android\",\"osVersion\":\"7.0\",\"nativeVersionCode\":4,\"nativeVersionName\":\"1.1.01302017-4\"}','2017-06-07 08:57:08'),(990,'2017-06-07 15:04:52','1004','appOnResume','{\"deviceType\":\"Android\",\"osVersion\":\"7.0\",\"nativeVersionCode\":4,\"nativeVersionName\":\"1.1.01302017-4\"}','2017-06-07 08:57:08'),(991,'2017-06-07 15:04:52','1004','appOnPause','{\"deviceType\":\"Android\",\"osVersion\":\"7.0\",\"nativeVersionCode\":4,\"nativeVersionName\":\"1.1.01302017-4\"}','2017-06-07 08:58:03'),(992,'2017-06-07 15:04:52','1004','appOnStop','{\"deviceType\":\"Android\",\"osVersion\":\"7.0\",\"nativeVersionCode\":4,\"nativeVersionName\":\"1.1.01302017-4\"}','2017-06-07 08:58:03'),(993,'2017-06-07 15:04:52','1004','appOnRestart','{\"deviceType\":\"Android\",\"osVersion\":\"7.0\",\"nativeVersionCode\":4,\"nativeVersionName\":\"1.1.01302017-4\"}','2017-06-07 08:58:04'),(994,'2017-06-07 15:04:52','1004','appOnStart','{\"deviceType\":\"Android\",\"osVersion\":\"7.0\",\"nativeVersionCode\":4,\"nativeVersionName\":\"1.1.01302017-4\"}','2017-06-07 08:58:04'),(995,'2017-06-07 15:04:52','1004','appOnResume','{\"deviceType\":\"Android\",\"osVersion\":\"7.0\",\"nativeVersionCode\":4,\"nativeVersionName\":\"1.1.01302017-4\"}','2017-06-07 08:58:04'),(996,'2017-06-07 15:04:52','1004','appOnPause','{\"deviceType\":\"Android\",\"osVersion\":\"7.0\",\"nativeVersionCode\":4,\"nativeVersionName\":\"1.1.01302017-4\"}','2017-06-07 08:58:04'),(997,'2017-06-07 15:04:52','1004','appOnStop','{\"deviceType\":\"Android\",\"osVersion\":\"7.0\",\"nativeVersionCode\":4,\"nativeVersionName\":\"1.1.01302017-4\"}','2017-06-07 08:58:04'),(998,'2017-06-07 15:04:52','1004','appOnRestart','{\"deviceType\":\"Android\",\"osVersion\":\"7.0\",\"nativeVersionCode\":4,\"nativeVersionName\":\"1.1.01302017-4\"}','2017-06-07 08:58:04'),(999,'2017-06-07 15:04:52','1004','appOnStart','{\"deviceType\":\"Android\",\"osVersion\":\"7.0\",\"nativeVersionCode\":4,\"nativeVersionName\":\"1.1.01302017-4\"}','2017-06-07 08:58:04'),(1000,'2017-06-07 15:04:52','1004','appOnResume','{\"deviceType\":\"Android\",\"osVersion\":\"7.0\",\"nativeVersionCode\":4,\"nativeVersionName\":\"1.1.01302017-4\"}','2017-06-07 08:58:04'),(1001,'2017-06-07 15:04:52','1004','appOnPause','{\"deviceType\":\"Android\",\"osVersion\":\"7.0\",\"nativeVersionCode\":4,\"nativeVersionName\":\"1.1.01302017-4\"}','2017-06-07 08:58:15'),(1002,'2017-06-07 15:04:52','1004','appOnStop','{\"deviceType\":\"Android\",\"osVersion\":\"7.0\",\"nativeVersionCode\":4,\"nativeVersionName\":\"1.1.01302017-4\"}','2017-06-07 08:58:15'),(1003,'2017-06-07 15:04:52','1004','appOnRestart','{\"deviceType\":\"Android\",\"osVersion\":\"7.0\",\"nativeVersionCode\":4,\"nativeVersionName\":\"1.1.01302017-4\"}','2017-06-07 09:04:51'),(1004,'2017-06-07 15:04:52','1004','appOnStart','{\"deviceType\":\"Android\",\"osVersion\":\"7.0\",\"nativeVersionCode\":4,\"nativeVersionName\":\"1.1.01302017-4\"}','2017-06-07 09:04:51'),(1005,'2017-06-07 15:04:52','1004','appOnResume','{\"deviceType\":\"Android\",\"osVersion\":\"7.0\",\"nativeVersionCode\":4,\"nativeVersionName\":\"1.1.01302017-4\"}','2017-06-07 09:04:51'),(1006,'2017-06-07 15:04:52','1004','appOnPause','{\"deviceType\":\"Android\",\"osVersion\":\"7.0\",\"nativeVersionCode\":4,\"nativeVersionName\":\"1.1.01302017-4\"}','2017-06-07 09:04:54'),(1007,'2017-06-07 15:04:52','1004','appOnStop','{\"deviceType\":\"Android\",\"osVersion\":\"7.0\",\"nativeVersionCode\":4,\"nativeVersionName\":\"1.1.01302017-4\"}','2017-06-07 09:04:54'),(1008,'2017-06-07 16:05:07','1004','notificationIssued','{\"type\":\"pending\"}','2017-06-07 15:05:06'),(1009,'2017-06-07 22:05:07','1004','notificationIssued','{\"type\":\"pending\"}','2017-06-07 16:05:21'),(1010,'2017-06-07 23:04:44','1004','notificationIssued','{\"type\":\"pending\"}','2017-06-07 22:05:21'),(1011,'2017-06-08 00:04:51','1004','notificationIssued','{\"type\":\"pending\"}','2017-06-07 23:04:58'),(1012,'2017-06-08 01:04:46','1004','notificationIssued','{\"type\":\"pending\"}','2017-06-08 00:05:05'),(1013,'2017-06-08 03:04:45','1004','notificationIssued','{\"type\":\"pending\"}','2017-06-08 01:05:00'),(1014,'2017-06-08 04:04:47','1004','notificationIssued','{\"type\":\"pending\"}','2017-06-08 03:04:59'),(1015,'2017-06-08 05:04:53','1004','notificationIssued','{\"type\":\"pending\"}','2017-06-08 04:05:01'),(1016,'2017-06-08 08:04:59','1004','notificationIssued','{\"type\":\"pending\"}','2017-06-08 05:05:07'),(1017,'2017-06-08 09:04:47','1004','notificationIssued','{\"type\":\"pending\"}','2017-06-08 08:05:13'),(1018,'2017-06-08 12:05:27','1004','notificationIssued','{\"type\":\"pending\"}','2017-06-08 09:05:00'),(1019,'2017-06-08 13:04:46','1004','notificationIssued','{\"type\":\"pending\"}','2017-06-08 12:05:41'),(1020,'2017-06-08 15:04:53','1004','notificationIssued','{\"type\":\"pending\"}','2017-06-08 13:05:00'),(1021,'2017-06-08 16:04:42','1004','notificationIssued','{\"type\":\"pending\"}','2017-06-08 15:05:07'),(1022,'2017-06-08 21:05:51','1004','notificationIssued','{\"type\":\"pending\"}','2017-06-08 16:04:57'),(1023,'2017-06-08 22:05:25','1004','notificationIssued','{\"type\":\"pending\"}','2017-06-08 21:06:06'),(1024,'2017-06-08 23:04:51','1004','notificationIssued','{\"type\":\"pending\"}','2017-06-08 22:05:40'),(1025,'2017-06-09 00:04:42','1004','notificationIssued','{\"type\":\"pending\"}','2017-06-08 23:05:06'),(1026,'2017-06-09 03:04:58','1004','notificationIssued','{\"type\":\"pending\"}','2017-06-09 00:04:57'),(1027,'2017-06-09 05:50:29','1004','appOnStart','{\"deviceType\":\"Android\",\"osVersion\":\"7.0\",\"nativeVersionCode\":4,\"nativeVersionName\":\"1.1.01302017-4\"}','2017-06-09 03:50:22'),(1028,'2017-06-09 05:50:29','1004','appOnResume','{\"deviceType\":\"Android\",\"osVersion\":\"7.0\",\"nativeVersionCode\":4,\"nativeVersionName\":\"1.1.01302017-4\"}','2017-06-09 03:50:22'),(1029,'2017-06-09 05:50:29','1004','appOnPause','{\"deviceType\":\"Android\",\"osVersion\":\"7.0\",\"nativeVersionCode\":4,\"nativeVersionName\":\"1.1.01302017-4\"}','2017-06-09 03:50:33'),(1030,'2017-06-09 05:50:29','1004','appOnStop','{\"deviceType\":\"Android\",\"osVersion\":\"7.0\",\"nativeVersionCode\":4,\"nativeVersionName\":\"1.1.01302017-4\"}','2017-06-09 03:50:33'),(1031,'2017-06-09 07:50:28','1004','notificationIssued','{\"type\":\"pending\"}','2017-06-09 05:50:44'),(1032,'2017-06-09 08:50:30','1004','notificationIssued','{\"type\":\"pending\"}','2017-06-09 07:50:43'),(1033,'2017-06-09 10:50:40','1004','notificationIssued','{\"type\":\"pending\"}','2017-06-09 08:50:45'),(1034,'2017-06-09 14:51:20','1004','notificationIssued','{\"type\":\"pending\"}','2017-06-09 10:50:54'),(1035,'2017-06-09 15:50:44','1004','notificationIssued','{\"type\":\"pending\"}','2017-06-09 14:51:35'),(1036,'2017-06-09 16:51:37','1004','notificationIssued','{\"type\":\"pending\"}','2017-06-09 15:50:59'),(1037,'2017-06-09 17:51:46','1004','notificationIssued','{\"type\":\"pending\"}','2017-06-09 16:51:52'),(1038,'2017-06-09 18:51:17','1004','notificationIssued','{\"type\":\"pending\"}','2017-06-09 17:52:00'),(1039,'2017-06-09 19:50:31','1004','notificationIssued','{\"type\":\"pending\"}','2017-06-09 18:51:32'),(1040,'2017-06-09 20:50:21','1004','notificationIssued','{\"type\":\"pending\"}','2017-06-09 19:50:46'),(1041,'2017-06-09 21:50:48','1004','notificationIssued','{\"type\":\"pending\"}','2017-06-09 20:50:36'),(1042,'2017-06-09 22:50:20','1004','notificationIssued','{\"type\":\"pending\"}','2017-06-09 21:51:03'),(1043,'2017-06-09 23:50:28','1004','notificationIssued','{\"type\":\"pending\"}','2017-06-09 22:50:35'),(1044,'2017-06-10 04:50:41','1004','notificationIssued','{\"type\":\"pending\"}','2017-06-09 23:50:43'),(1045,'2017-06-10 06:50:45','1004','notificationIssued','{\"type\":\"pending\"}','2017-06-10 04:50:55'),(1046,'2017-06-10 08:50:31','1004','notificationIssued','{\"type\":\"pending\"}','2017-06-10 06:51:00'),(1047,'2017-06-10 09:50:47','1004','notificationIssued','{\"type\":\"pending\"}','2017-06-10 08:50:46'),(1048,'2017-06-10 10:50:23','1004','notificationIssued','{\"type\":\"pending\"}','2017-06-10 09:51:02'),(1049,'2017-06-10 11:51:46','1004','notificationIssued','{\"type\":\"pending\"}','2017-06-10 10:50:38'),(1050,'2017-06-10 13:50:25','1004','notificationIssued','{\"type\":\"pending\"}','2017-06-10 11:52:01'),(1051,'2017-06-10 15:50:22','1004','notificationIssued','{\"type\":\"pending\"}','2017-06-10 13:50:40'),(1052,'2017-06-10 16:50:23','1004','notificationIssued','{\"type\":\"pending\"}','2017-06-10 15:50:37'),(1053,'2017-06-10 17:50:22','1004','notificationIssued','{\"type\":\"pending\"}','2017-06-10 16:50:38'),(1054,'2017-06-10 18:50:25','1004','notificationIssued','{\"type\":\"pending\"}','2017-06-10 17:50:37'),(1055,'2017-06-10 19:51:28','1004','notificationIssued','{\"type\":\"pending\"}','2017-06-10 18:50:40'),(1056,'2017-06-10 20:50:48','1004','notificationIssued','{\"type\":\"pending\"}','2017-06-10 19:51:43'),(1057,'2017-06-10 21:50:21','1004','notificationIssued','{\"type\":\"pending\"}','2017-06-10 20:51:03'),(1058,'2017-06-10 22:50:30','1004','notificationIssued','{\"type\":\"pending\"}','2017-06-10 21:50:36'),(1059,'2017-06-10 23:51:30','1004','notificationIssued','{\"type\":\"pending\"}','2017-06-10 22:50:45'),(1060,'2017-06-11 00:50:23','1004','notificationIssued','{\"type\":\"pending\"}','2017-06-10 23:51:45'),(1061,'2017-06-11 03:50:31','1004','notificationIssued','{\"type\":\"pending\"}','2017-06-11 00:50:37'),(1062,'2017-06-11 04:50:28','1004','notificationIssued','{\"type\":\"pending\"}','2017-06-11 03:50:47'),(1063,'2017-06-11 05:50:37','1004','notificationIssued','{\"type\":\"pending\"}','2017-06-11 04:50:43'),(1064,'2017-06-11 09:50:55','1004','notificationIssued','{\"type\":\"pending\"}','2017-06-11 05:50:53'),(1065,'2017-06-11 10:51:06','1004','notificationIssued','{\"type\":\"pending\"}','2017-06-11 09:51:11'),(1066,'2017-06-11 11:50:46','1004','notificationIssued','{\"type\":\"pending\"}','2017-06-11 10:51:22'),(1067,'2017-06-11 12:50:39','1004','notificationIssued','{\"type\":\"pending\"}','2017-06-11 11:51:02'),(1068,'2017-06-12 01:50:19','1004','notificationIssued','{\"type\":\"pending\"}','2017-06-11 12:50:54'),(1069,'2017-06-12 03:50:21','1004','notificationIssued','{\"type\":\"pending\"}','2017-06-12 01:50:35'),(1070,'2017-06-12 04:50:25','1004','notificationIssued','{\"type\":\"pending\"}','2017-06-12 03:50:37'),(1071,'2017-06-12 08:50:28','1004','notificationIssued','{\"type\":\"pending\"}','2017-06-12 04:50:40'),(1072,'2017-06-12 09:50:55','1004','notificationIssued','{\"type\":\"pending\"}','2017-06-12 08:50:43'),(1073,'2017-06-12 12:50:23','1004','notificationIssued','{\"type\":\"pending\"}','2017-06-12 09:51:10'),(1074,'2017-06-12 13:50:22','1004','notificationIssued','{\"type\":\"pending\"}','2017-06-12 12:50:39'),(1075,'2017-06-13 03:50:37','1004','notificationIssued','{\"type\":\"pending\"}','2017-06-12 13:50:38'),(1076,'2017-06-13 04:51:20','1004','notificationIssued','{\"type\":\"pending\"}','2017-06-13 03:50:54'),(1077,'2017-06-13 08:52:00','1004','notificationIssued','{\"type\":\"pending\"}','2017-06-13 04:51:37'),(1078,'2017-06-13 09:51:59','1004','notificationIssued','{\"type\":\"pending\"}','2017-06-13 08:52:17'),(1079,'2017-06-13 12:50:42','1004','notificationIssued','{\"type\":\"pending\"}','2017-06-13 09:52:16'),(1080,'2017-06-13 13:50:32','1004','notificationIssued','{\"type\":\"pending\"}','2017-06-13 12:50:59'),(1081,'2017-06-13 14:50:27','1004','notificationIssued','{\"type\":\"pending\"}','2017-06-13 13:50:49'),(1082,'2017-06-13 15:50:20','1004','notificationIssued','{\"type\":\"pending\"}','2017-06-13 14:50:44'),(1083,'2017-06-13 16:50:21','1004','notificationIssued','{\"type\":\"pending\"}','2017-06-13 15:50:37'),(1084,'2017-06-13 17:50:21','1004','notificationIssued','{\"type\":\"pending\"}','2017-06-13 16:50:37'),(1085,'2017-06-13 18:50:30','1004','notificationIssued','{\"type\":\"pending\"}','2017-06-13 17:50:37'),(1086,'2017-06-13 23:50:26','1004','notificationIssued','{\"type\":\"pending\"}','2017-06-13 18:50:47'),(1087,'2017-06-14 00:50:36','1004','notificationIssued','{\"type\":\"pending\"}','2017-06-13 23:50:42'),(1088,'2017-06-14 01:50:22','1004','notificationIssued','{\"type\":\"pending\"}','2017-06-14 00:50:53'),(1089,'2017-06-14 02:50:58','1004','notificationIssued','{\"type\":\"pending\"}','2017-06-14 01:50:38'),(1090,'2017-06-14 04:50:41','1004','notificationIssued','{\"type\":\"pending\"}','2017-06-14 02:51:15'),(1091,'2017-06-14 06:50:33','1004','notificationIssued','{\"type\":\"pending\"}','2017-06-14 05:51:27'),(1092,'2017-06-14 09:50:44','1004','notificationIssued','{\"type\":\"pending\"}','2017-06-14 06:50:49'),(1093,'2017-06-14 10:50:20','1004','notificationIssued','{\"type\":\"pending\"}','2017-06-14 09:51:01'),(1094,'2017-06-14 13:50:20','1004','notificationIssued','{\"type\":\"pending\"}','2017-06-14 10:50:37'),(1095,'2017-06-14 15:06:48','1004','notificationIssued','{\"type\":\"pending\"}','2017-06-14 13:50:37'),(1096,'2017-06-14 16:07:14','1004','notificationIssued','{\"type\":\"pending\"}','2017-06-14 15:07:01'),(1097,'2017-06-14 17:07:14','1004','notificationIssued','{\"type\":\"pending\"}','2017-06-14 16:07:28'),(1098,'2017-06-14 18:06:48','1004','notificationIssued','{\"type\":\"pending\"}','2017-06-14 17:07:27'),(1099,'2017-06-14 19:06:47','1004','notificationIssued','{\"type\":\"pending\"}','2017-06-14 18:07:01'),(1100,'2017-06-14 20:07:13','1004','notificationIssued','{\"type\":\"pending\"}','2017-06-14 19:07:00'),(1101,'2017-06-14 21:06:36','1004','notificationIssued','{\"type\":\"pending\"}','2017-06-14 20:07:26'),(1102,'2017-06-14 22:06:37','1004','notificationIssued','{\"type\":\"pending\"}','2017-06-14 21:06:49'),(1103,'2017-06-14 23:06:37','1004','notificationIssued','{\"type\":\"pending\"}','2017-06-14 22:06:50'),(1104,'2017-06-15 00:07:13','1004','notificationIssued','{\"type\":\"pending\"}','2017-06-14 23:06:50'),(1105,'2017-06-15 05:06:27','1004','notificationIssued','{\"type\":\"pending\"}','2017-06-15 00:07:26'),(1106,'2017-06-15 06:06:48','1004','notificationIssued','{\"type\":\"pending\"}','2017-06-15 05:06:40'),(1107,'2017-06-15 08:06:42','1004','notificationIssued','{\"type\":\"pending\"}','2017-06-15 06:07:01'),(1108,'2017-06-15 09:07:43','1004','notificationIssued','{\"type\":\"pending\"}','2017-06-15 08:06:55'),(1109,'2017-06-15 11:06:26','1004','notificationIssued','{\"type\":\"pending\"}','2017-06-15 09:07:56'),(1110,'2017-06-15 12:06:54','1004','notificationIssued','{\"type\":\"pending\"}','2017-06-15 11:06:40'),(1111,'2017-06-15 13:06:38','1004','notificationIssued','{\"type\":\"pending\"}','2017-06-15 12:07:07'),(1112,'2017-06-15 16:07:19','1004','notificationIssued','{\"type\":\"pending\"}','2017-06-15 13:06:51'),(1113,'2017-06-15 17:06:44','1004','notificationIssued','{\"type\":\"pending\"}','2017-06-15 16:07:31'),(1114,'2017-06-15 18:06:50','1004','notificationIssued','{\"type\":\"pending\"}','2017-06-15 16:07:31'),(1115,'2017-06-15 19:07:47','1004','notificationIssued','{\"type\":\"pending\"}','2017-06-15 18:07:03'),(1116,'2017-06-15 20:06:50','1004','notificationIssued','{\"type\":\"pending\"}','2017-06-15 19:08:00'),(1117,'2017-06-15 21:06:36','1004','notificationIssued','{\"type\":\"pending\"}','2017-06-15 20:07:03'),(1118,'2017-06-15 22:06:23','1004','notificationIssued','{\"type\":\"pending\"}','2017-06-15 21:06:49'),(1119,'2017-06-15 23:06:34','1004','notificationIssued','{\"type\":\"pending\"}','2017-06-15 22:06:36'),(1120,'2017-06-16 00:06:25','1004','notificationIssued','{\"type\":\"pending\"}','2017-06-15 23:06:47'),(1121,'2017-06-16 01:07:07','1004','notificationIssued','{\"type\":\"pending\"}','2017-06-16 00:06:38'),(1122,'2017-06-16 03:06:50','1004','notificationIssued','{\"type\":\"pending\"}','2017-06-16 01:07:20'),(1123,'2017-06-16 05:08:28','1004','notificationIssued','{\"type\":\"pending\"}','2017-06-16 03:07:03'),(1124,'2017-06-16 06:06:26','1004','notificationIssued','{\"type\":\"pending\"}','2017-06-16 05:08:41'),(1125,'2017-06-16 07:06:43','1004','notificationIssued','{\"type\":\"pending\"}','2017-06-16 06:06:39'),(1126,'2017-06-16 08:07:14','1004','notificationIssued','{\"type\":\"pending\"}','2017-06-16 07:06:56'),(1127,'2017-06-16 09:06:37','1004','notificationIssued','{\"type\":\"pending\"}','2017-06-16 08:07:27'),(1128,'2017-06-16 10:06:25','1004','notificationIssued','{\"type\":\"pending\"}','2017-06-16 09:06:50'),(1129,'2017-06-16 11:07:25','1004','notificationIssued','{\"type\":\"pending\"}','2017-06-16 10:06:38'),(1130,'2017-06-16 13:35:03','1004','notificationIssued','{\"type\":\"pending\"}','2017-06-16 11:07:38'),(1131,'2017-06-17 01:50:08','1004','notificationIssued','{\"type\":\"pending\"}','2017-06-16 13:35:16'),(1132,'2017-06-17 02:50:11','1004','notificationIssued','{\"type\":\"pending\"}','2017-06-17 01:50:21'),(1133,'2017-06-17 03:51:06','1004','notificationIssued','{\"type\":\"pending\"}','2017-06-17 02:50:23'),(1134,'2017-06-17 04:50:09','1004','notificationIssued','{\"type\":\"pending\"}','2017-06-17 03:51:18'),(1135,'2017-06-17 05:51:22','1004','notificationIssued','{\"type\":\"pending\"}','2017-06-17 04:50:21'),(1136,'2017-06-17 08:50:09','1004','notificationIssued','{\"type\":\"pending\"}','2017-06-17 05:51:34'),(1137,'2017-06-17 09:50:33','1004','notificationIssued','{\"type\":\"pending\"}','2017-06-17 08:50:21'),(1138,'2017-06-17 10:50:11','1004','notificationIssued','{\"type\":\"pending\"}','2017-06-17 09:50:45'),(1139,'2017-06-17 11:50:11','1004','notificationIssued','{\"type\":\"pending\"}','2017-06-17 10:50:23'),(1140,'2017-06-17 12:50:34','1004','notificationIssued','{\"type\":\"pending\"}','2017-06-17 11:50:24'),(1141,'2017-06-17 13:50:20','1004','notificationIssued','{\"type\":\"pending\"}','2017-06-17 12:50:46'),(1142,'2017-06-17 14:50:07','1004','notificationIssued','{\"type\":\"pending\"}','2017-06-17 13:50:32'),(1143,'2017-06-18 00:50:33','1004','notificationIssued','{\"type\":\"pending\"}','2017-06-17 14:50:19'),(1144,'2017-06-18 01:50:48','1004','notificationIssued','{\"type\":\"pending\"}','2017-06-18 00:50:45'),(1145,'2017-06-18 03:50:36','1004','notificationIssued','{\"type\":\"pending\"}','2017-06-18 01:51:01'),(1146,'2017-06-18 04:50:36','1004','notificationIssued','{\"type\":\"pending\"}','2017-06-18 03:50:48'),(1147,'2017-06-18 06:51:02','1004','notificationIssued','{\"type\":\"pending\"}','2017-06-18 04:50:48'),(1148,'2017-06-18 08:50:07','1004','notificationIssued','{\"type\":\"pending\"}','2017-06-18 06:51:14'),(1149,'2017-06-18 09:50:48','1004','notificationIssued','{\"type\":\"pending\"}','2017-06-18 08:50:19'),(1150,'2017-06-18 10:51:15','1004','notificationIssued','{\"type\":\"pending\"}','2017-06-18 09:51:00'),(1151,'2017-06-18 11:51:06','1004','notificationIssued','{\"type\":\"pending\"}','2017-06-18 10:51:27'),(1152,'2017-06-18 12:50:40','1004','notificationIssued','{\"type\":\"pending\"}','2017-06-18 11:51:18'),(1153,'2017-06-18 13:50:19','1004','notificationIssued','{\"type\":\"pending\"}','2017-06-18 12:50:52'),(1154,'2017-06-18 14:51:04','1004','notificationIssued','{\"type\":\"pending\"}','2017-06-18 13:50:31'),(1155,'2017-06-19 01:50:07','1004','notificationIssued','{\"type\":\"pending\"}','2017-06-18 14:51:17'),(1156,'2017-06-19 04:58:49','1004','appOnStart','{\"deviceType\":\"Android\",\"osVersion\":\"7.0\",\"nativeVersionCode\":4,\"nativeVersionName\":\"1.1.01302017-4\"}','2017-06-19 02:58:19'),(1157,'2017-06-19 04:58:49','1004','appOnResume','{\"deviceType\":\"Android\",\"osVersion\":\"7.0\",\"nativeVersionCode\":4,\"nativeVersionName\":\"1.1.01302017-4\"}','2017-06-19 02:58:19'),(1158,'2017-06-19 04:58:49','1004','appOnPause','{\"deviceType\":\"Android\",\"osVersion\":\"7.0\",\"nativeVersionCode\":4,\"nativeVersionName\":\"1.1.01302017-4\"}','2017-06-19 02:58:23'),(1159,'2017-06-19 04:58:49','1004','appOnResume','{\"deviceType\":\"Android\",\"osVersion\":\"7.0\",\"nativeVersionCode\":4,\"nativeVersionName\":\"1.1.01302017-4\"}','2017-06-19 02:58:25'),(1160,'2017-06-19 04:58:49','1004','appOnPause','{\"deviceType\":\"Android\",\"osVersion\":\"7.0\",\"nativeVersionCode\":4,\"nativeVersionName\":\"1.1.01302017-4\"}','2017-06-19 02:58:31'),(1161,'2017-06-19 04:58:49','1004','appOnStop','{\"deviceType\":\"Android\",\"osVersion\":\"7.0\",\"nativeVersionCode\":4,\"nativeVersionName\":\"1.1.01302017-4\"}','2017-06-19 02:58:31'),(1162,'2017-06-19 05:58:25','1004','notificationIssued','{\"type\":\"pending\"}','2017-06-19 04:59:02'),(1163,'2017-06-19 06:58:34','1004','notificationIssued','{\"type\":\"pending\"}','2017-06-19 05:58:38'),(1164,'2017-06-19 15:40:48','1004','notificationIssued','{\"type\":\"pending\"}','2017-06-19 06:58:48'),(1165,'2017-06-19 18:40:04','1004','notificationIssued','{\"type\":\"pending\"}','2017-06-19 15:41:00'),(1166,'2017-06-19 21:40:04','1004','notificationIssued','{\"type\":\"pending\"}','2017-06-19 18:40:16'),(1167,'2017-06-19 22:50:28','1004','appOnStart','{\"deviceType\":\"Android\",\"osVersion\":\"7.0\",\"nativeVersionCode\":4,\"nativeVersionName\":\"1.1.01302017-4\"}','2017-06-19 21:50:30'),(1168,'2017-06-19 22:50:28','1004','appOnResume','{\"deviceType\":\"Android\",\"osVersion\":\"7.0\",\"nativeVersionCode\":4,\"nativeVersionName\":\"1.1.01302017-4\"}','2017-06-19 21:50:30'),(1169,'2017-06-19 22:50:28','1004','appOnPause','{\"deviceType\":\"Android\",\"osVersion\":\"7.0\",\"nativeVersionCode\":4,\"nativeVersionName\":\"1.1.01302017-4\"}','2017-06-19 21:50:38'),(1170,'2017-06-19 22:50:28','1004','appOnStop','{\"deviceType\":\"Android\",\"osVersion\":\"7.0\",\"nativeVersionCode\":4,\"nativeVersionName\":\"1.1.01302017-4\"}','2017-06-19 21:50:38'),(1171,'2017-06-19 22:50:28','1004','appOnDestroy','{\"deviceType\":\"Android\",\"osVersion\":\"7.0\",\"nativeVersionCode\":4,\"nativeVersionName\":\"1.1.01302017-4\"}','2017-06-19 21:51:00'),(1172,'2017-06-19 23:50:28','1004','notificationIssued','{\"type\":\"pending\"}','2017-06-19 22:50:40'),(1173,'2017-06-20 00:50:28','1004','notificationIssued','{\"type\":\"pending\"}','2017-06-19 23:50:40'),(1174,'2017-06-20 02:50:40','1004','appOnStart','{\"deviceType\":\"Android\",\"osVersion\":\"7.0\",\"nativeVersionCode\":4,\"nativeVersionName\":\"1.1.01302017-4\"}','2017-06-20 01:35:17'),(1175,'2017-06-20 02:50:40','1004','appOnResume','{\"deviceType\":\"Android\",\"osVersion\":\"7.0\",\"nativeVersionCode\":4,\"nativeVersionName\":\"1.1.01302017-4\"}','2017-06-20 01:35:17'),(1176,'2017-06-20 02:50:40','1004','appOnPause','{\"deviceType\":\"Android\",\"osVersion\":\"7.0\",\"nativeVersionCode\":4,\"nativeVersionName\":\"1.1.01302017-4\"}','2017-06-20 01:36:16'),(1177,'2017-06-20 02:50:40','1004','appOnStop','{\"deviceType\":\"Android\",\"osVersion\":\"7.0\",\"nativeVersionCode\":4,\"nativeVersionName\":\"1.1.01302017-4\"}','2017-06-20 01:36:16'),(1178,'2017-06-20 02:50:40','1004','appOnRestart','{\"deviceType\":\"Android\",\"osVersion\":\"7.0\",\"nativeVersionCode\":4,\"nativeVersionName\":\"1.1.01302017-4\"}','2017-06-20 01:50:20'),(1179,'2017-06-20 02:50:40','1004','appOnStart','{\"deviceType\":\"Android\",\"osVersion\":\"7.0\",\"nativeVersionCode\":4,\"nativeVersionName\":\"1.1.01302017-4\"}','2017-06-20 01:50:20'),(1180,'2017-06-20 02:50:40','1004','appOnResume','{\"deviceType\":\"Android\",\"osVersion\":\"7.0\",\"nativeVersionCode\":4,\"nativeVersionName\":\"1.1.01302017-4\"}','2017-06-20 01:50:20'),(1181,'2017-06-20 02:50:40','1004','appOnPause','{\"deviceType\":\"Android\",\"osVersion\":\"7.0\",\"nativeVersionCode\":4,\"nativeVersionName\":\"1.1.01302017-4\"}','2017-06-20 01:50:25'),(1182,'2017-06-20 02:50:40','1004','appOnStop','{\"deviceType\":\"Android\",\"osVersion\":\"7.0\",\"nativeVersionCode\":4,\"nativeVersionName\":\"1.1.01302017-4\"}','2017-06-20 01:50:25'),(1183,'2017-06-20 02:50:40','1004','appOnDestroy','{\"deviceType\":\"Android\",\"osVersion\":\"7.0\",\"nativeVersionCode\":4,\"nativeVersionName\":\"1.1.01302017-4\"}','2017-06-20 01:50:27'),(1184,'2017-06-20 03:50:15','1004','notificationIssued','{\"type\":\"pending\"}','2017-06-20 02:50:52'),(1185,'2017-06-20 04:50:25','1004','notificationIssued','{\"type\":\"pending\"}','2017-06-20 03:50:28'),(1186,'2017-06-20 05:51:15','1004','notificationIssued','{\"type\":\"pending\"}','2017-06-20 04:50:37'),(1187,'2017-06-20 06:50:19','1004','notificationIssued','{\"type\":\"pending\"}','2017-06-20 05:51:27'),(1188,'2017-06-20 10:50:15','1004','notificationIssued','{\"type\":\"pending\"}','2017-06-20 06:50:32'),(1189,'2017-06-20 13:50:28','1004','notificationIssued','{\"type\":\"pending\"}','2017-06-20 10:50:27'),(1190,'2017-06-20 14:50:15','1004','notificationIssued','{\"type\":\"pending\"}','2017-06-20 13:50:40'),(1191,'2017-06-20 16:50:16','1004','notificationIssued','{\"type\":\"pending\"}','2017-06-20 14:50:27'),(1192,'2017-06-20 17:50:45','1004','notificationIssued','{\"type\":\"pending\"}','2017-06-20 16:50:28'),(1193,'2017-06-20 18:50:47','1004','notificationIssued','{\"type\":\"pending\"}','2017-06-20 17:50:57'),(1194,'2017-06-20 19:50:22','1004','notificationIssued','{\"type\":\"pending\"}','2017-06-20 18:50:59'),(1195,'2017-06-20 20:50:19','1004','notificationIssued','{\"type\":\"pending\"}','2017-06-20 19:50:35'),(1196,'2017-06-20 21:50:15','1004','notificationIssued','{\"type\":\"pending\"}','2017-06-20 20:50:31'),(1197,'2017-06-20 22:50:15','1004','notificationIssued','{\"type\":\"pending\"}','2017-06-20 21:50:27'),(1198,'2017-06-21 03:50:37','1004','notificationIssued','{\"type\":\"pending\"}','2017-06-20 22:50:27'),(1199,'2017-09-01 14:51:40','1009','appOnPause','{\"deviceType\":\"Android\",\"osVersion\":\"7.0\",\"nativeVersionCode\":4,\"nativeVersionName\":\"1.1.01302017-4\"}','2017-09-01 13:00:27'),(1200,'2017-09-01 14:51:40','1009','appOnStop','{\"deviceType\":\"Android\",\"osVersion\":\"7.0\",\"nativeVersionCode\":4,\"nativeVersionName\":\"1.1.01302017-4\"}','2017-09-01 13:00:27'),(1201,'2017-09-01 14:51:40','1009','appOnRestart','{\"deviceType\":\"Android\",\"osVersion\":\"7.0\",\"nativeVersionCode\":4,\"nativeVersionName\":\"1.1.01302017-4\"}','2017-09-01 13:00:40'),(1202,'2017-09-01 14:51:40','1009','appOnStart','{\"deviceType\":\"Android\",\"osVersion\":\"7.0\",\"nativeVersionCode\":4,\"nativeVersionName\":\"1.1.01302017-4\"}','2017-09-01 13:00:40'),(1203,'2017-09-01 14:51:40','1009','appOnResume','{\"deviceType\":\"Android\",\"osVersion\":\"7.0\",\"nativeVersionCode\":4,\"nativeVersionName\":\"1.1.01302017-4\"}','2017-09-01 13:00:40'),(1204,'2017-09-01 14:51:40','1009','appOnPause','{\"deviceType\":\"Android\",\"osVersion\":\"7.0\",\"nativeVersionCode\":4,\"nativeVersionName\":\"1.1.01302017-4\"}','2017-09-01 13:01:10'),(1205,'2017-09-01 14:51:40','1009','appOnStop','{\"deviceType\":\"Android\",\"osVersion\":\"7.0\",\"nativeVersionCode\":4,\"nativeVersionName\":\"1.1.01302017-4\"}','2017-09-01 13:01:10'),(1206,'2017-09-01 14:51:40','1009','appOnRestart','{\"deviceType\":\"Android\",\"osVersion\":\"7.0\",\"nativeVersionCode\":4,\"nativeVersionName\":\"1.1.01302017-4\"}','2017-09-01 13:51:44'),(1207,'2017-09-01 14:51:40','1009','appOnStart','{\"deviceType\":\"Android\",\"osVersion\":\"7.0\",\"nativeVersionCode\":4,\"nativeVersionName\":\"1.1.01302017-4\"}','2017-09-01 13:51:44'),(1208,'2017-09-01 14:51:40','1009','appOnResume','{\"deviceType\":\"Android\",\"osVersion\":\"7.0\",\"nativeVersionCode\":4,\"nativeVersionName\":\"1.1.01302017-4\"}','2017-09-01 13:51:44'),(1209,'2017-09-01 14:51:40','1009','appOnPause','{\"deviceType\":\"Android\",\"osVersion\":\"7.0\",\"nativeVersionCode\":4,\"nativeVersionName\":\"1.1.01302017-4\"}','2017-09-01 13:51:47'),(1210,'2017-09-01 14:51:40','1009','appOnStop','{\"deviceType\":\"Android\",\"osVersion\":\"7.0\",\"nativeVersionCode\":4,\"nativeVersionName\":\"1.1.01302017-4\"}','2017-09-01 13:51:47'),(1211,'2017-09-01 18:56:06','1009','notificationIssued','{\"type\":\"inProgress\"}','2017-09-01 14:51:51'),(1212,'2017-09-01 19:52:07','1009','notificationIssued','{\"type\":\"inProgress\"}','2017-09-01 18:56:16'),(1213,'2017-09-01 20:51:39','1009','notificationIssued','{\"type\":\"inProgress\"}','2017-09-01 19:52:17'),(1214,'2017-09-01 21:52:07','1009','notificationIssued','{\"type\":\"inProgress\"}','2017-09-01 20:51:49'),(1215,'2017-09-02 00:10:51','1009','notificationIssued','{\"type\":\"inProgress\"}','2017-09-01 21:52:17'),(1216,'2017-09-02 06:52:17','1009','notificationIssued','{\"type\":\"inProgress\"}','2017-09-02 00:11:01'),(1217,'2017-10-04 18:31:28','1009','appOnStart','{\"deviceType\":\"Android\",\"osVersion\":\"7.0\",\"nativeVersionCode\":4,\"nativeVersionName\":\"1.1.01302017-4\"}','2017-10-04 14:30:00'),(1218,'2017-10-04 18:31:28','1009','appOnResume','{\"deviceType\":\"Android\",\"osVersion\":\"7.0\",\"nativeVersionCode\":4,\"nativeVersionName\":\"1.1.01302017-4\"}','2017-10-04 14:30:00'),(1219,'2017-10-04 18:31:28','1009','appOnPause','{\"deviceType\":\"Android\",\"osVersion\":\"7.0\",\"nativeVersionCode\":4,\"nativeVersionName\":\"1.1.01302017-4\"}','2017-10-04 14:30:20'),(1220,'2017-10-04 18:31:28','1009','appOnStop','{\"deviceType\":\"Android\",\"osVersion\":\"7.0\",\"nativeVersionCode\":4,\"nativeVersionName\":\"1.1.01302017-4\"}','2017-10-04 14:30:20');
/*!40000 ALTER TABLE `ui_logger` ENABLE KEYS */;
UNLOCK TABLES;

--
-- Table structure for table `user`
--

DROP TABLE IF EXISTS `user`;
/*!40101 SET @saved_cs_client     = @@character_set_client */;
/*!40101 SET character_set_client = utf8 */;
CREATE TABLE `user` (
  `id` int(11) NOT NULL AUTO_INCREMENT,
  `username` varchar(255) NOT NULL,
  `role` enum('admin','clinician') NOT NULL,
  `passwordHash` varchar(255) NOT NULL,
  `createdAt` datetime NOT NULL,
  `updatedAt` datetime NOT NULL,
  `deletedAt` datetime DEFAULT NULL,
  PRIMARY KEY (`id`),
  UNIQUE KEY `username` (`username`),
  UNIQUE KEY `user_username_unique` (`username`)
) ENGINE=InnoDB AUTO_INCREMENT=2 DEFAULT CHARSET=latin1;
/*!40101 SET character_set_client = @saved_cs_client */;

--
-- Dumping data for table `user`
--

LOCK TABLES `user` WRITE;
/*!40000 ALTER TABLE `user` DISABLE KEYS */;
INSERT INTO `user` VALUES (1,'clinician','admin','$2a$10$RMGGtvHgITDXMfLSaNEnOuW2W2ZYW/jH19YzDpRWrGxBfgdWDA86e','2017-05-19 20:01:34','2017-05-19 20:01:34',NULL);
/*!40000 ALTER TABLE `user` ENABLE KEYS */;
UNLOCK TABLES;
/*!40103 SET TIME_ZONE=@OLD_TIME_ZONE */;

/*!40101 SET SQL_MODE=@OLD_SQL_MODE */;
/*!40014 SET FOREIGN_KEY_CHECKS=@OLD_FOREIGN_KEY_CHECKS */;
/*!40014 SET UNIQUE_CHECKS=@OLD_UNIQUE_CHECKS */;
/*!40101 SET CHARACTER_SET_CLIENT=@OLD_CHARACTER_SET_CLIENT */;
/*!40101 SET CHARACTER_SET_RESULTS=@OLD_CHARACTER_SET_RESULTS */;
/*!40101 SET COLLATION_CONNECTION=@OLD_COLLATION_CONNECTION */;
/*!40111 SET SQL_NOTES=@OLD_SQL_NOTES */;

-- Dump completed on 2019-07-17 23:46:14
